t,x,y,rhf
0.000000000000000000e+00,8.000000000000000654e-05,8.000000000000000654e-05,6.999999999999999556e-01
5.251736111111111183e-05,8.000000000000000654e-05,1.304166666666666744e-04,6.999999999999999556e-01
1.050347222222222237e-04,8.000000000000000654e-05,1.808333333333333288e-04,6.999999999999999556e-01
1.575520833333333287e-04,8.000000000000000654e-05,2.312500000000000102e-04,6.999999999999999556e-01
2.100694444444444473e-04,8.000000000000000654e-05,2.816666666666666646e-04,6.999999999999999556e-01
2.625868055555555659e-04,8.000000000000000654e-05,3.320833333333333189e-04,6.999999999999999556e-01
3.151041666666666574e-04,8.000000000000000654e-05,3.824999999999999733e-04,6.999999999999999556e-01
3.676215277777778031e-04,8.000000000000000654e-05,4.329166666666666276e-04,6.999999999999999556e-01
4.201388888888888946e-04,8.000000000000000654e-05,4.833333333333332820e-04,6.999999999999999556e-01
4.726562499999999861e-04,8.000000000000000654e-05,5.337499999999999363e-04,7.435632909958910242e-01
5.251736111111111318e-04,8.000000000000000654e-05,5.841666666666666449e-04,7.875732272295137282e-01
5.776909722222222775e-04,8.000000000000000654e-05,6.345833333333332450e-04,8.258639978187171105e-01
6.302083333333333148e-04,8.000000000000000654e-05,6.849999999999999535e-04,8.589238067714803915e-01
6.827256944444444605e-04,8.000000000000000654e-05,7.354166666666665537e-04,8.872215495107785843e-01
7.352430555555556062e-04,8.000000000000000654e-05,7.858333333333332622e-04,9.112068128745808293e-01
7.877604166666666435e-04,8.000000000000000654e-05,8.362499999999998624e-04,9.313098751158509492e-01
8.402777777777777892e-04,8.000000000000000654e-05,8.866666666666665709e-04,9.479417059025471159e-01
8.927951388888889350e-04,8.000000000000000654e-05,9.370833333333332795e-04,9.614939663176225171e-01
9.453124999999999722e-04,8.000000000000000654e-05,9.874999999999998796e-04,9.723390088590245783e-01
9.978298611111112264e-04,8.000000000000000654e-05,1.037916666666666588e-03,9.808298774396954078e-01
1.050347222222222264e-03,8.000000000000000654e-05,1.088333333333333297e-03,9.873003073875714630e-01
1.102864583333333301e-03,8.000000000000000654e-05,1.138749999999999788e-03,9.920647254455847719e-01
1.155381944444444555e-03,8.000000000000000654e-05,1.189166666666666497e-03,9.954182497716602684e-01
1.207899305555555592e-03,8.000000000000000654e-05,1.239583333333333206e-03,9.976366899387185683e-01
1.260416666666666630e-03,8.000000000000000654e-05,1.289999999999999914e-03,9.989765469346747473e-01
1.312934027777777884e-03,8.000000000000000654e-05,1.340416666666666623e-03,9.996750131624387858e-01
1.365451388888888921e-03,8.000000000000000654e-05,1.390833333333333114e-03,9.999499724399146805e-01
1.417968749999999958e-03,8.000000000000000654e-05,1.441249999999999823e-03,1.000000000000000666e+00
1.470486111111111212e-03,8.000000000000000654e-05,1.491666666666666531e-03,1.000000000000000444e+00
1.523003472222222250e-03,8.000000000000000654e-05,1.542083333333333240e-03,1.000000000000000444e+00
1.575520833333333287e-03,8.000000000000000654e-05,1.592499999999999732e-03,1.000000000000000666e+00
1.628038194444444541e-03,8.000000000000000654e-05,1.642916666666666440e-03,1.000000000000000666e+00
1.680555555555555578e-03,8.000000000000000654e-05,1.693333333333333149e-03,1.000000000000000444e+00
1.733072916666666616e-03,8.000000000000000654e-05,1.743749999999999857e-03,1.000000000000000444e+00
1.785590277777777870e-03,8.000000000000000654e-05,1.794166666666666566e-03,1.000000000000000222e+00
1.838107638888888907e-03,8.000000000000000654e-05,1.844583333333333058e-03,1.000000000000000666e+00
1.890624999999999944e-03,8.000000000000000654e-05,1.894999999999999766e-03,1.000000000000000666e+00
1.943142361111111199e-03,8.000000000000000654e-05,1.945416666666666475e-03,1.000000000000000444e+00
1.995659722222222453e-03,8.000000000000000654e-05,1.995833333333333400e-03,9.999999999999998890e-01
2.048177083333333273e-03,8.000000000000000654e-05,2.046249999999999892e-03,1.000000000000000222e+00
2.100694444444444527e-03,8.000000000000000654e-05,2.096666666666666817e-03,9.999999999999996669e-01
2.153211805555555781e-03,8.000000000000000654e-05,2.147083333333333309e-03,1.000000000000000000e+00
2.205729166666666602e-03,8.000000000000000654e-05,2.197499999999999801e-03,1.000000000000000666e+00
2.258246527777777856e-03,8.000000000000000654e-05,2.247916666666666726e-03,9.999999999999998890e-01
2.310763888888889110e-03,8.000000000000000654e-05,2.298333333333333218e-03,1.000000000000000222e+00
2.363281249999999931e-03,8.000000000000000654e-05,2.348750000000000143e-03,9.999999999999998890e-01
2.415798611111111185e-03,8.000000000000000654e-05,2.399166666666666635e-03,1.000000000000000222e+00
2.468315972222222439e-03,8.000000000000000654e-05,2.449583333333333127e-03,1.000000000000000666e+00
2.520833333333333259e-03,8.000000000000000654e-05,2.500000000000000052e-03,1.000000000000000000e+00
2.573350694444444513e-03,8.000000000000000654e-05,2.550416666666666544e-03,1.000000000000000444e+00
2.625868055555555768e-03,8.000000000000000654e-05,2.600833333333333469e-03,9.999999999999998890e-01
2.678385416666666588e-03,8.000000000000000654e-05,2.651249999999999961e-03,1.000000000000000444e+00
2.730902777777777842e-03,8.000000000000000654e-05,2.701666666666666453e-03,1.000000000000000666e+00
2.783420138888889096e-03,8.000000000000000654e-05,2.752083333333333378e-03,1.000000000000000000e+00
2.835937499999999917e-03,8.000000000000000654e-05,2.802499999999999870e-03,1.000000000000000444e+00
2.888454861111111171e-03,8.000000000000000654e-05,2.852916666666666361e-03,1.000000000000000888e+00
2.940972222222222425e-03,8.000000000000000654e-05,2.903333333333333287e-03,1.000000000000000222e+00
2.993489583333333245e-03,8.000000000000000654e-05,2.953749999999999779e-03,1.000000000000000666e+00
3.046006944444444500e-03,8.000000000000000654e-05,3.004166666666666704e-03,1.000000000000000222e+00
3.098524305555555754e-03,8.000000000000000654e-05,3.054583333333333196e-03,1.000000000000000444e+00
3.151041666666666574e-03,8.000000000000000654e-05,3.104999999999999687e-03,1.000000000000000888e+00
3.203559027777777828e-03,8.000000000000000654e-05,3.155416666666666613e-03,1.000000000000000222e+00
3.256076388888889082e-03,8.000000000000000654e-05,3.205833333333333104e-03,1.000000000000000666e+00
3.308593749999999903e-03,8.000000000000000654e-05,3.256250000000000030e-03,1.000000000000000222e+00
3.361111111111111157e-03,8.000000000000000654e-05,3.306666666666666522e-03,1.000000000000000444e+00
3.413628472222222411e-03,8.000000000000000654e-05,3.357083333333333013e-03,1.000000000000000888e+00
3.466145833333333232e-03,8.000000000000000654e-05,3.407499999999999939e-03,1.000000000000000222e+00
3.518663194444444486e-03,8.000000000000000654e-05,3.457916666666666430e-03,1.000000000000000666e+00
3.571180555555555740e-03,8.000000000000000654e-05,3.508333333333333356e-03,1.000000000000000000e+00
3.623697916666666560e-03,8.000000000000000654e-05,3.558749999999999847e-03,1.000000000000000444e+00
3.676215277777777814e-03,8.000000000000000654e-05,3.609166666666666339e-03,1.000000000000000888e+00
3.728732638888889069e-03,8.000000000000000654e-05,3.659583333333333265e-03,1.000000000000000222e+00
3.781249999999999889e-03,8.000000000000000654e-05,3.709999999999999756e-03,1.000000000000000444e+00
3.833767361111111143e-03,8.000000000000000654e-05,3.760416666666666682e-03,1.000000000000000000e+00
3.886284722222222397e-03,8.000000000000000654e-05,3.810833333333333173e-03,1.000000000000000444e+00
3.938802083333333218e-03,8.000000000000000654e-05,3.861249999999999665e-03,1.000000000000000888e+00
3.991319444444444905e-03,8.000000000000000654e-05,3.911666666666666591e-03,1.000000000000000000e+00
4.043836805555555726e-03,8.000000000000000654e-05,3.962083333333333082e-03,1.000000000000000444e+00
4.096354166666666546e-03,8.000000000000000654e-05,4.012499999999999574e-03,1.000000000000000888e+00
4.148871527777778234e-03,8.000000000000000654e-05,4.062916666666666066e-03,1.000000000000001110e+00
4.201388888888889055e-03,8.000000000000000654e-05,4.113333333333333425e-03,9.999999999999997780e-01
4.253906249999999875e-03,8.000000000000000654e-05,4.163749999999999916e-03,1.000000000000000222e+00
4.306423611111111563e-03,8.000000000000000654e-05,4.214166666666666408e-03,1.000000000000000444e+00
4.358940972222222383e-03,8.000000000000000654e-05,4.264583333333332900e-03,1.000000000000000888e+00
4.411458333333333204e-03,8.000000000000000654e-05,4.314999999999999392e-03,1.000000000000001332e+00
4.463975694444444892e-03,8.000000000000000654e-05,4.365416666666666751e-03,9.999999999999995559e-01
4.516493055555555712e-03,8.000000000000000654e-05,4.415833333333333242e-03,1.000000000000000222e+00
4.569010416666666533e-03,8.000000000000000654e-05,4.466249999999999734e-03,1.000000000000000666e+00
4.621527777777778220e-03,8.000000000000000654e-05,4.516666666666666226e-03,1.000000000000000888e+00
4.674045138888889041e-03,8.000000000000000654e-05,4.567083333333332718e-03,1.000000000000001110e+00
4.726562499999999861e-03,8.000000000000000654e-05,4.617500000000000077e-03,9.999999999999998890e-01
4.779079861111111549e-03,8.000000000000000654e-05,4.667916666666666568e-03,1.000000000000000000e+00
4.831597222222222369e-03,8.000000000000000654e-05,4.718333333333333060e-03,1.000000000000000666e+00
4.884114583333333190e-03,8.000000000000000654e-05,4.768749999999999552e-03,1.000000000000000888e+00
4.936631944444444878e-03,8.000000000000000654e-05,4.819166666666666043e-03,1.000000000000001110e+00
4.989149305555555698e-03,8.000000000000000654e-05,4.869583333333333403e-03,9.999999999999995559e-01
5.041666666666666519e-03,8.000000000000000654e-05,4.919999999999999894e-03,1.000000000000000222e+00
1.004166666666666749e-02,1.900000000000000105e-04,4.919999999999999894e-03,6.999999999999999556e-01
1.009418402777777918e-02,1.900000000000000105e-04,4.869583333333333403e-03,6.999999999999999556e-01
1.014670138888888913e-02,1.900000000000000105e-04,4.819166666666666911e-03,6.999999999999999556e-01
1.019921875000000082e-02,1.900000000000000105e-04,4.768749999999999552e-03,6.999999999999999556e-01
1.025173611111111251e-02,1.900000000000000105e-04,4.718333333333333060e-03,6.999999999999999556e-01
1.030425347222222246e-02,1.900000000000000105e-04,4.667916666666666568e-03,6.999999999999999556e-01
1.035677083333333415e-02,1.900000000000000105e-04,4.617500000000000077e-03,6.999999999999999556e-01
1.040928819444444584e-02,1.900000000000000105e-04,4.567083333333333585e-03,6.999999999999999556e-01
1.046180555555555579e-02,1.900000000000000105e-04,4.516666666666666226e-03,6.999999999999999556e-01
1.051432291666666748e-02,1.900000000000000105e-04,4.466249999999999734e-03,7.435632909958906911e-01
1.056684027777777916e-02,1.900000000000000105e-04,4.415833333333333242e-03,7.875732272295136172e-01
1.061935763888888912e-02,1.900000000000000105e-04,4.365416666666666751e-03,8.258639978187174435e-01
1.067187500000000080e-02,1.900000000000000105e-04,4.315000000000000259e-03,8.589238067714808356e-01
1.072439236111111249e-02,1.900000000000000105e-04,4.264583333333333767e-03,8.872215495107789174e-01
1.077690972222222245e-02,1.900000000000000105e-04,4.214166666666666408e-03,9.112068128745806073e-01
1.082942708333333413e-02,1.900000000000000105e-04,4.163749999999999916e-03,9.313098751158507271e-01
1.088194444444444582e-02,1.900000000000000105e-04,4.113333333333333425e-03,9.479417059025468939e-01
1.093446180555555577e-02,1.900000000000000105e-04,4.062916666666666933e-03,9.614939663176230722e-01
1.098697916666666746e-02,1.900000000000000105e-04,4.012500000000000441e-03,9.723390088590252445e-01
1.103949652777777915e-02,1.900000000000000105e-04,3.962083333333333082e-03,9.808298774396944086e-01
1.109201388888888910e-02,1.900000000000000105e-04,3.911666666666666591e-03,9.873003073875715740e-01
1.114453125000000079e-02,1.900000000000000105e-04,3.861250000000000099e-03,9.920647254455848829e-01
1.119704861111111248e-02,1.900000000000000105e-04,3.810833333333333607e-03,9.954182497716602684e-01
1.124956597222222243e-02,1.900000000000000105e-04,3.760416666666666682e-03,9.976366899387185683e-01
1.130208333333333412e-02,1.900000000000000105e-04,3.709999999999999756e-03,9.989765469346743032e-01
1.135460069444444581e-02,1.900000000000000105e-04,3.659583333333333265e-03,9.996750131624385638e-01
1.140711805555555576e-02,1.900000000000000105e-04,3.609166666666666773e-03,9.999499724399146805e-01
1.145963541666666745e-02,1.900000000000000105e-04,3.558750000000000281e-03,1.000000000000000888e+00
1.151215277777777914e-02,1.900000000000000105e-04,3.508333333333333356e-03,1.000000000000000222e+00
1.156467013888888909e-02,1.900000000000000105e-04,3.457916666666666430e-03,1.000000000000000222e+00
1.161718750000000078e-02,1.900000000000000105e-04,3.407499999999999939e-03,1.000000000000000222e+00
1.166970486111111246e-02,1.900000000000000105e-04,3.357083333333333447e-03,1.000000000000000222e+00
1.172222222222222242e-02,1.900000000000000105e-04,3.306666666666666955e-03,1.000000000000001110e+00
1.177473958333333411e-02,1.900000000000000105e-04,3.256250000000000030e-03,1.000000000000000222e+00
1.182725694444444579e-02,1.900000000000000105e-04,3.205833333333333104e-03,9.999999999999995559e-01
1.187977430555555575e-02,1.900000000000000105e-04,3.155416666666666613e-03,1.000000000000000444e+00
1.193229166666666743e-02,1.900000000000000105e-04,3.105000000000000121e-03,1.000000000000000666e+00
1.198480902777777912e-02,1.900000000000000105e-04,3.054583333333333629e-03,1.000000000000000666e+00
1.203732638888889081e-02,1.900000000000000105e-04,3.004166666666666704e-03,9.999999999999998890e-01
1.208984375000000076e-02,1.900000000000000105e-04,2.953750000000000212e-03,1.000000000000000666e+00
1.214236111111111245e-02,1.900000000000000105e-04,2.903333333333333287e-03,9.999999999999998890e-01
1.219487847222222240e-02,1.900000000000000105e-04,2.852916666666666795e-03,1.000000000000000666e+00
1.224739583333333409e-02,1.900000000000000105e-04,2.802500000000000303e-03,1.000000000000000888e+00
1.229991319444444578e-02,1.900000000000000105e-04,2.752083333333333378e-03,1.000000000000000222e+00
1.235243055555555747e-02,1.900000000000000105e-04,2.701666666666666886e-03,1.000000000000000444e+00
1.240494791666666742e-02,1.900000000000000105e-04,2.651249999999999961e-03,1.000000000000000222e+00
1.245746527777777911e-02,1.900000000000000105e-04,2.600833333333333469e-03,1.000000000000000222e+00
1.250998263888888906e-02,1.900000000000000105e-04,2.550416666666666977e-03,1.000000000000001110e+00
1.256250000000000075e-02,1.900000000000000105e-04,2.500000000000000052e-03,1.000000000000000222e+00
1.261501736111111244e-02,1.900000000000000105e-04,2.449583333333333560e-03,1.000000000000000444e+00
1.266753472222222413e-02,1.900000000000000105e-04,2.399166666666666635e-03,9.999999999999996669e-01
1.272005208333333408e-02,1.900000000000000105e-04,2.348750000000000143e-03,1.000000000000000444e+00
1.277256944444444577e-02,1.900000000000000105e-04,2.298333333333333652e-03,1.000000000000000666e+00
1.282508680555555572e-02,1.900000000000000105e-04,2.247916666666666726e-03,1.000000000000000666e+00
1.287760416666666741e-02,1.900000000000000105e-04,2.197500000000000234e-03,1.000000000000000666e+00
1.293012152777777909e-02,1.900000000000000105e-04,2.147083333333333743e-03,1.000000000000000666e+00
1.298263888888889078e-02,1.900000000000000105e-04,2.096666666666666817e-03,1.000000000000000000e+00
1.303515625000000074e-02,1.900000000000000105e-04,2.046250000000000326e-03,1.000000000000000666e+00
1.308767361111111242e-02,1.900000000000000105e-04,1.995833333333333400e-03,1.000000000000000000e+00
1.314019097222222238e-02,1.900000000000000105e-04,1.945416666666666908e-03,1.000000000000000888e+00
1.319270833333333406e-02,1.900000000000000105e-04,1.895000000000000417e-03,1.000000000000000888e+00
1.324522569444444575e-02,1.900000000000000105e-04,1.844583333333333491e-03,1.000000000000000222e+00
1.329774305555555744e-02,1.900000000000000105e-04,1.794166666666667000e-03,1.000000000000000444e+00
1.335026041666666739e-02,1.900000000000000105e-04,1.743750000000000074e-03,1.000000000000000222e+00
1.340277777777777908e-02,1.900000000000000105e-04,1.693333333333333583e-03,1.000000000000000444e+00
1.345529513888888903e-02,1.900000000000000105e-04,1.642916666666667091e-03,1.000000000000001110e+00
1.350781250000000072e-02,1.900000000000000105e-04,1.592500000000000165e-03,1.000000000000000222e+00
1.356032986111111241e-02,1.900000000000000105e-04,1.542083333333333674e-03,1.000000000000000444e+00
1.361284722222222410e-02,1.900000000000000105e-04,1.491666666666666748e-03,9.999999999999996669e-01
1.366536458333333405e-02,1.900000000000000105e-04,1.441250000000000257e-03,1.000000000000000444e+00
1.371788194444444574e-02,1.900000000000000105e-04,1.390833333333333765e-03,1.000000000000000666e+00
1.377039930555555569e-02,1.900000000000000105e-04,1.340416666666666839e-03,1.000000000000000666e+00
1.382291666666666738e-02,1.900000000000000105e-04,1.290000000000000348e-03,1.000000000000000666e+00
1.387543402777777907e-02,1.900000000000000105e-04,1.239583333333333422e-03,9.999999999999998890e-01
1.392795138888889075e-02,1.900000000000000105e-04,1.189166666666666931e-03,1.000000000000000222e+00
1.398046875000000071e-02,1.900000000000000105e-04,1.138750000000000439e-03,1.000000000000000888e+00
1.403298611111111240e-02,1.900000000000000105e-04,1.088333333333333514e-03,1.000000000000000000e+00
1.408550347222222235e-02,1.900000000000000105e-04,1.037916666666667022e-03,1.000000000000000888e+00
1.413802083333333404e-02,1.900000000000000105e-04,9.875000000000005301e-04,1.000000000000001110e+00
1.419053819444444572e-02,1.900000000000000105e-04,9.370833333333340384e-04,1.000000000000001110e+00
1.424305555555555741e-02,1.900000000000000105e-04,8.866666666666666793e-04,9.999999999999993339e-01
1.429557291666666737e-02,1.900000000000000105e-04,8.362500000000001876e-04,1.000000000000000444e+00
1.434809027777777905e-02,1.900000000000000105e-04,7.858333333333336959e-04,1.000000000000000444e+00
1.440060763888888901e-02,1.900000000000000105e-04,7.354166666666672042e-04,1.000000000000001110e+00
1.445312500000000069e-02,1.900000000000000105e-04,6.850000000000007125e-04,1.000000000000001110e+00
1.450564236111111238e-02,1.900000000000000105e-04,6.345833333333333534e-04,9.999999999999996669e-01
1.455815972222222407e-02,1.900000000000000105e-04,5.841666666666668617e-04,9.999999999999997780e-01
1.461067708333333402e-02,1.900000000000000105e-04,5.337500000000003700e-04,1.000000000000000666e+00
1.466319444444444571e-02,1.900000000000000105e-04,4.833333333333338783e-04,1.000000000000000888e+00
1.471571180555555566e-02,1.900000000000000105e-04,4.329166666666673866e-04,1.000000000000001332e+00
1.476822916666666735e-02,1.900000000000000105e-04,3.825000000000000275e-04,9.999999999999998890e-01
1.482074652777777904e-02,1.900000000000000105e-04,3.320833333333335358e-04,1.000000000000000000e+00
1.487326388888889073e-02,1.900000000000000105e-04,2.816666666666670440e-04,1.000000000000000222e+00
1.492578125000000068e-02,1.900000000000000105e-04,2.312500000000005523e-04,1.000000000000000888e+00
1.497829861111111237e-02,1.900000000000000105e-04,1.808333333333340606e-04,1.000000000000001110e+00
1.503081597222222232e-02,1.900000000000000105e-04,1.304166666666667015e-04,1.000000000000000222e+00
1.508333333333333401e-02,1.900000000000000105e-04,8.000000000000000654e-05,9.999999999999996669e-01
2.008333333333333498e-02,2.999999999999999737e-04,8.000000000000000654e-05,6.999999999999999556e-01
2.013585069444444667e-02,2.999999999999999737e-04,1.304166666666666744e-04,6.999999999999999556e-01
2.018836805555555836e-02,2.999999999999999737e-04,1.808333333333333288e-04,6.999999999999999556e-01
2.024088541666666657e-02,2.999999999999999737e-04,2.312500000000000102e-04,6.999999999999999556e-01
2.029340277777777826e-02,2.999999999999999737e-04,2.816666666666666646e-04,6.999999999999999556e-01
2.034592013888888995e-02,2.999999999999999737e-04,3.320833333333333189e-04,6.999999999999999556e-01
2.039843750000000164e-02,2.999999999999999737e-04,3.824999999999999733e-04,6.999999999999999556e-01
2.045095486111111333e-02,2.999999999999999737e-04,4.329166666666666276e-04,6.999999999999999556e-01
2.050347222222222501e-02,2.999999999999999737e-04,4.833333333333332820e-04,6.999999999999999556e-01
2.055598958333333670e-02,2.999999999999999737e-04,5.337499999999999363e-04,7.435632909958904690e-01
2.060850694444444492e-02,2.999999999999999737e-04,5.841666666666666449e-04,7.875732272295142833e-01
2.066102430555555661e-02,2.999999999999999737e-04,6.345833333333332450e-04,8.258639978187172215e-01
2.071354166666666829e-02,2.999999999999999737e-04,6.849999999999999535e-04,8.589238067714805025e-01
2.076605902777777998e-02,2.999999999999999737e-04,7.354166666666665537e-04,8.872215495107782512e-01
2.081857638888889167e-02,2.999999999999999737e-04,7.858333333333332622e-04,9.112068128745803852e-01
2.087109374999999989e-02,2.999999999999999737e-04,8.362499999999998624e-04,9.313098751158516153e-01
2.092361111111111158e-02,2.999999999999999737e-04,8.866666666666665709e-04,9.479417059025476711e-01
2.097612847222222326e-02,2.999999999999999737e-04,9.370833333333332795e-04,9.614939663176226281e-01
2.102864583333333495e-02,2.999999999999999737e-04,9.874999999999998796e-04,9.723390088590244673e-01
2.108116319444444664e-02,2.999999999999999737e-04,1.037916666666666588e-03,9.808298774396950748e-01
2.113368055555555833e-02,2.999999999999999737e-04,1.088333333333333297e-03,9.873003073875710189e-01
2.118619791666667002e-02,2.999999999999999737e-04,1.138749999999999788e-03,9.920647254455842168e-01
2.123871527777777823e-02,2.999999999999999737e-04,1.189166666666666497e-03,9.954182497716606015e-01
2.129123263888888992e-02,2.999999999999999737e-04,1.239583333333333206e-03,9.976366899387187903e-01
2.134375000000000161e-02,2.999999999999999737e-04,1.289999999999999914e-03,9.989765469346749693e-01
2.139626736111111330e-02,2.999999999999999737e-04,1.340416666666666623e-03,9.996750131624385638e-01
2.144878472222222499e-02,2.999999999999999737e-04,1.390833333333333114e-03,9.999499724399142364e-01
2.150130208333333320e-02,2.999999999999999737e-04,1.441249999999999823e-03,1.000000000000001332e+00
2.155381944444444489e-02,2.999999999999999737e-04,1.491666666666666531e-03,1.000000000000000888e+00
2.160633680555555658e-02,2.999999999999999737e-04,1.542083333333333240e-03,1.000000000000000666e+00
2.165885416666666827e-02,2.999999999999999737e-04,1.592499999999999732e-03,1.000000000000000666e+00
2.171137152777777996e-02,2.999999999999999737e-04,1.642916666666666440e-03,1.000000000000000444e+00
2.176388888888889164e-02,2.999999999999999737e-04,1.693333333333333149e-03,9.999999999999998890e-01
2.181640625000000333e-02,2.999999999999999737e-04,1.743749999999999857e-03,9.999999999999996669e-01
2.186892361111111155e-02,2.999999999999999737e-04,1.794166666666666566e-03,1.000000000000000888e+00
2.192144097222222324e-02,2.999999999999999737e-04,1.844583333333333058e-03,1.000000000000000888e+00
2.197395833333333492e-02,2.999999999999999737e-04,1.894999999999999766e-03,1.000000000000000666e+00
2.202647569444444661e-02,2.999999999999999737e-04,1.945416666666666475e-03,1.000000000000000444e+00
2.207899305555555830e-02,2.999999999999999737e-04,1.995833333333333400e-03,9.999999999999995559e-01
2.213151041666666652e-02,2.999999999999999737e-04,2.046249999999999892e-03,1.000000000000001110e+00
2.218402777777777821e-02,2.999999999999999737e-04,2.096666666666666817e-03,1.000000000000000222e+00
2.223654513888888989e-02,2.999999999999999737e-04,2.147083333333333309e-03,1.000000000000000444e+00
2.228906250000000158e-02,2.999999999999999737e-04,2.197499999999999801e-03,1.000000000000000444e+00
2.234157986111111327e-02,2.999999999999999737e-04,2.247916666666666726e-03,9.999999999999997780e-01
2.239409722222222496e-02,2.999999999999999737e-04,2.298333333333333218e-03,1.000000000000000000e+00
2.244661458333333665e-02,2.999999999999999737e-04,2.348750000000000143e-03,9.999999999999992228e-01
2.249913194444444486e-02,2.999999999999999737e-04,2.399166666666666635e-03,1.000000000000000888e+00
2.255164930555555655e-02,2.999999999999999737e-04,2.449583333333333127e-03,1.000000000000001110e+00
2.260416666666666824e-02,2.999999999999999737e-04,2.500000000000000052e-03,1.000000000000000222e+00
2.265668402777777993e-02,2.999999999999999737e-04,2.550416666666666544e-03,1.000000000000000444e+00
2.270920138888889162e-02,2.999999999999999737e-04,2.600833333333333469e-03,9.999999999999995559e-01
2.276171874999999983e-02,2.999999999999999737e-04,2.651249999999999961e-03,1.000000000000001110e+00
2.281423611111111152e-02,2.999999999999999737e-04,2.701666666666666453e-03,1.000000000000001332e+00
2.286675347222222321e-02,2.999999999999999737e-04,2.752083333333333378e-03,1.000000000000000444e+00
2.291927083333333490e-02,2.999999999999999737e-04,2.802499999999999870e-03,1.000000000000000444e+00
2.297178819444444658e-02,2.999999999999999737e-04,2.852916666666666361e-03,1.000000000000000444e+00
2.302430555555555827e-02,2.999999999999999737e-04,2.903333333333333287e-03,9.999999999999998890e-01
2.307682291666666996e-02,2.999999999999999737e-04,2.953749999999999779e-03,1.000000000000000000e+00
2.312934027777777818e-02,2.999999999999999737e-04,3.004166666666666704e-03,1.000000000000000666e+00
2.318185763888888987e-02,2.999999999999999737e-04,3.054583333333333196e-03,1.000000000000000888e+00
2.323437500000000155e-02,2.999999999999999737e-04,3.104999999999999687e-03,1.000000000000000888e+00
2.328689236111111324e-02,2.999999999999999737e-04,3.155416666666666613e-03,1.000000000000000222e+00
2.333940972222222493e-02,2.999999999999999737e-04,3.205833333333333104e-03,1.000000000000000222e+00
2.339192708333333315e-02,2.999999999999999737e-04,3.256250000000000030e-03,1.000000000000000888e+00
2.344444444444444484e-02,2.999999999999999737e-04,3.306666666666666522e-03,1.000000000000000888e+00
2.349696180555555652e-02,2.999999999999999737e-04,3.357083333333333013e-03,1.000000000000000888e+00
2.354947916666666821e-02,2.999999999999999737e-04,3.407499999999999939e-03,1.000000000000000222e+00
2.360199652777777990e-02,2.999999999999999737e-04,3.457916666666666430e-03,1.000000000000000444e+00
2.365451388888889159e-02,2.999999999999999737e-04,3.508333333333333356e-03,9.999999999999995559e-01
2.370703125000000328e-02,2.999999999999999737e-04,3.558749999999999847e-03,9.999999999999998890e-01
2.375954861111111149e-02,2.999999999999999737e-04,3.609166666666666339e-03,1.000000000000001332e+00
2.381206597222222318e-02,2.999999999999999737e-04,3.659583333333333265e-03,1.000000000000000666e+00
2.386458333333333487e-02,2.999999999999999737e-04,3.709999999999999756e-03,1.000000000000000666e+00
2.391710069444444656e-02,2.999999999999999737e-04,3.760416666666666682e-03,9.999999999999997780e-01
2.396961805555555824e-02,2.999999999999999737e-04,3.810833333333333173e-03,1.000000000000000000e+00
2.402213541666666646e-02,2.999999999999999737e-04,3.861249999999999665e-03,1.000000000000001554e+00
2.407465277777778162e-02,2.999999999999999737e-04,3.911666666666666591e-03,9.999999999999993339e-01
2.412717013888888984e-02,2.999999999999999737e-04,3.962083333333333082e-03,1.000000000000000888e+00
2.417968750000000153e-02,2.999999999999999737e-04,4.012499999999999574e-03,1.000000000000001110e+00
2.423220486111111321e-02,2.999999999999999737e-04,4.062916666666666066e-03,1.000000000000001110e+00
2.428472222222222490e-02,2.999999999999999737e-04,4.113333333333333425e-03,9.999999999999993339e-01
2.433723958333333659e-02,2.999999999999999737e-04,4.163749999999999916e-03,9.999999999999995559e-01
2.438975694444444481e-02,2.999999999999999737e-04,4.214166666666666408e-03,1.000000000000001110e+00
2.444227430555555650e-02,2.999999999999999737e-04,4.264583333333332900e-03,1.000000000000001332e+00
2.449479166666666818e-02,2.999999999999999737e-04,4.314999999999999392e-03,1.000000000000001110e+00
2.454730902777777987e-02,2.999999999999999737e-04,4.365416666666666751e-03,9.999999999999995559e-01
2.459982638888889156e-02,2.999999999999999737e-04,4.415833333333333242e-03,9.999999999999997780e-01
2.465234374999999978e-02,2.999999999999999737e-04,4.466249999999999734e-03,1.000000000000001332e+00
2.470486111111111494e-02,2.999999999999999737e-04,4.516666666666666226e-03,9.999999999999998890e-01
2.475737847222222315e-02,2.999999999999999737e-04,4.567083333333332718e-03,1.000000000000001332e+00
2.480989583333333484e-02,2.999999999999999737e-04,4.617500000000000077e-03,9.999999999999996669e-01
2.486241319444444653e-02,2.999999999999999737e-04,4.667916666666666568e-03,9.999999999999998890e-01
2.491493055555555822e-02,2.999999999999999737e-04,4.718333333333333060e-03,1.000000000000000222e+00
2.496744791666666990e-02,2.999999999999999737e-04,4.768749999999999552e-03,1.000000000000000222e+00
2.501996527777777812e-02,2.999999999999999737e-04,4.819166666666666043e-03,1.000000000000001776e+00
2.507248263888888981e-02,2.999999999999999737e-04,4.869583333333333403e-03,1.000000000000000000e+00
2.512500000000000150e-02,2.999999999999999737e-04,4.919999999999999894e-03,1.000000000000000222e+00
3.012500000000000247e-02,4.099999999999999912e-04,4.919999999999999894e-03,6.999999999999999556e-01
3.017751736111111416e-02,4.099999999999999912e-04,4.869583333333333403e-03,6.999999999999999556e-01
3.023003472222222585e-02,4.099999999999999912e-04,4.819166666666666911e-03,6.999999999999999556e-01
3.028255208333333753e-02,4.099999999999999912e-04,4.768749999999999552e-03,6.999999999999999556e-01
3.033506944444444575e-02,4.099999999999999912e-04,4.718333333333333060e-03,6.999999999999999556e-01
3.038758680555555744e-02,4.099999999999999912e-04,4.667916666666666568e-03,6.999999999999999556e-01
3.044010416666666913e-02,4.099999999999999912e-04,4.617500000000000077e-03,6.999999999999999556e-01
3.049262152777778082e-02,4.099999999999999912e-04,4.567083333333333585e-03,6.999999999999999556e-01
3.054513888888889250e-02,4.099999999999999912e-04,4.516666666666666226e-03,6.999999999999999556e-01
3.059765625000000072e-02,4.099999999999999912e-04,4.466249999999999734e-03,7.435632909958912462e-01
3.065017361111111241e-02,4.099999999999999912e-04,4.415833333333333242e-03,7.875732272295142833e-01
3.070269097222222410e-02,4.099999999999999912e-04,4.365416666666666751e-03,8.258639978187174435e-01
3.075520833333333579e-02,4.099999999999999912e-04,4.315000000000000259e-03,8.589238067714807245e-01
3.080772569444444747e-02,4.099999999999999912e-04,4.264583333333333767e-03,8.872215495107788064e-01
3.086024305555555916e-02,4.099999999999999912e-04,4.214166666666666408e-03,9.112068128745797191e-01
3.091276041666667085e-02,4.099999999999999912e-04,4.163749999999999916e-03,9.313098751158499500e-01
3.096527777777777907e-02,4.099999999999999912e-04,4.113333333333333425e-03,9.479417059025477821e-01
3.101779513888889075e-02,4.099999999999999912e-04,4.062916666666666933e-03,9.614939663176230722e-01
3.107031250000000244e-02,4.099999999999999912e-04,4.012500000000000441e-03,9.723390088590251334e-01
3.112282986111111413e-02,4.099999999999999912e-04,3.962083333333333082e-03,9.808298774396942976e-01
3.117534722222222582e-02,4.099999999999999912e-04,3.911666666666666591e-03,9.873003073875709079e-01
3.122786458333333404e-02,4.099999999999999912e-04,3.861250000000000099e-03,9.920647254455854380e-01
3.128038194444444919e-02,4.099999999999999912e-04,3.810833333333333607e-03,9.954182497716594913e-01
3.133289930555555741e-02,4.099999999999999912e-04,3.760416666666666682e-03,9.976366899387187903e-01
3.138541666666666563e-02,4.099999999999999912e-04,3.709999999999999756e-03,9.989765469346757465e-01
3.143793402777778079e-02,4.099999999999999912e-04,3.659583333333333265e-03,9.996750131624382307e-01
3.149045138888888901e-02,4.099999999999999912e-04,3.609166666666666773e-03,9.999499724399154577e-01
3.154296875000000416e-02,4.099999999999999912e-04,3.558750000000000281e-03,9.999999999999998890e-01
3.159548611111111238e-02,4.099999999999999912e-04,3.508333333333333356e-03,1.000000000000000888e+00
3.164800347222222754e-02,4.099999999999999912e-04,3.457916666666666430e-03,9.999999999999984457e-01
3.170052083333333576e-02,4.099999999999999912e-04,3.407499999999999939e-03,1.000000000000000222e+00
3.175303819444444398e-02,4.099999999999999912e-04,3.357083333333333447e-03,1.000000000000001776e+00
3.180555555555555913e-02,4.099999999999999912e-04,3.306666666666666955e-03,1.000000000000000222e+00
3.185807291666666735e-02,4.099999999999999912e-04,3.256250000000000030e-03,1.000000000000001110e+00
3.191059027777778251e-02,4.099999999999999912e-04,3.205833333333333104e-03,9.999999999999986677e-01
3.196310763888889073e-02,4.099999999999999912e-04,3.155416666666666613e-03,1.000000000000000444e+00
3.201562500000000588e-02,4.099999999999999912e-04,3.105000000000000121e-03,9.999999999999992228e-01
3.206814236111111410e-02,4.099999999999999912e-04,3.054583333333333629e-03,1.000000000000000666e+00
3.212065972222222232e-02,4.099999999999999912e-04,3.004166666666666704e-03,1.000000000000001332e+00
3.217317708333333748e-02,4.099999999999999912e-04,2.953750000000000212e-03,9.999999999999998890e-01
3.222569444444444570e-02,4.099999999999999912e-04,2.903333333333333287e-03,1.000000000000000666e+00
3.227821180555556085e-02,4.099999999999999912e-04,2.852916666666666795e-03,9.999999999999994449e-01
3.233072916666666907e-02,4.099999999999999912e-04,2.802500000000000303e-03,1.000000000000000888e+00
3.238324652777777729e-02,4.099999999999999912e-04,2.752083333333333378e-03,1.000000000000001554e+00
3.243576388888889245e-02,4.099999999999999912e-04,2.701666666666666886e-03,1.000000000000000222e+00
3.248828125000000067e-02,4.099999999999999912e-04,2.651249999999999961e-03,1.000000000000000888e+00
3.254079861111111582e-02,4.099999999999999912e-04,2.600833333333333469e-03,9.999999999999996669e-01
3.259331597222222404e-02,4.099999999999999912e-04,2.550416666666666977e-03,1.000000000000001110e+00
3.264583333333333226e-02,4.099999999999999912e-04,2.500000000000000052e-03,1.000000000000001776e+00
3.269835069444444742e-02,4.099999999999999912e-04,2.449583333333333560e-03,1.000000000000000444e+00
3.275086805555555564e-02,4.099999999999999912e-04,2.399166666666666635e-03,1.000000000000000888e+00
3.280338541666667079e-02,4.099999999999999912e-04,2.348750000000000143e-03,9.999999999999996669e-01
3.285590277777777901e-02,4.099999999999999912e-04,2.298333333333333652e-03,1.000000000000001110e+00
3.290842013888889417e-02,4.099999999999999912e-04,2.247916666666666726e-03,9.999999999999988898e-01
3.296093750000000239e-02,4.099999999999999912e-04,2.197500000000000234e-03,1.000000000000000666e+00
3.301345486111111061e-02,4.099999999999999912e-04,2.147083333333333743e-03,1.000000000000002220e+00
3.306597222222222576e-02,4.099999999999999912e-04,2.096666666666666817e-03,9.999999999999998890e-01
3.311848958333333398e-02,4.099999999999999912e-04,2.046250000000000326e-03,1.000000000000001332e+00
3.317100694444444914e-02,4.099999999999999912e-04,1.995833333333333400e-03,9.999999999999991118e-01
3.322352430555555736e-02,4.099999999999999912e-04,1.945416666666666908e-03,1.000000000000000888e+00
3.327604166666667251e-02,4.099999999999999912e-04,1.895000000000000417e-03,9.999999999999994449e-01
3.332855902777778073e-02,4.099999999999999912e-04,1.844583333333333491e-03,1.000000000000000222e+00
3.338107638888888895e-02,4.099999999999999912e-04,1.794166666666667000e-03,1.000000000000001776e+00
3.343359375000000411e-02,4.099999999999999912e-04,1.743750000000000074e-03,9.999999999999994449e-01
3.348611111111111233e-02,4.099999999999999912e-04,1.693333333333333583e-03,1.000000000000001110e+00
3.353862847222222748e-02,4.099999999999999912e-04,1.642916666666667091e-03,9.999999999999996669e-01
3.359114583333333570e-02,4.099999999999999912e-04,1.592500000000000165e-03,1.000000000000000444e+00
3.364366319444444392e-02,4.099999999999999912e-04,1.542083333333333674e-03,1.000000000000001776e+00
3.369618055555555908e-02,4.099999999999999912e-04,1.491666666666666748e-03,9.999999999999996669e-01
3.374869791666666730e-02,4.099999999999999912e-04,1.441250000000000257e-03,1.000000000000001332e+00
3.380121527777778245e-02,4.099999999999999912e-04,1.390833333333333765e-03,9.999999999999996669e-01
3.385373263888889067e-02,4.099999999999999912e-04,1.340416666666666839e-03,1.000000000000000666e+00
3.390624999999999889e-02,4.099999999999999912e-04,1.290000000000000348e-03,1.000000000000002220e+00
3.395876736111111405e-02,4.099999999999999912e-04,1.239583333333333422e-03,9.999999999999997780e-01
3.401128472222222227e-02,4.099999999999999912e-04,1.189166666666666931e-03,1.000000000000001332e+00
3.406380208333333742e-02,4.099999999999999912e-04,1.138750000000000439e-03,9.999999999999998890e-01
3.411631944444444564e-02,4.099999999999999912e-04,1.088333333333333514e-03,1.000000000000000666e+00
3.416883680555556080e-02,4.099999999999999912e-04,1.037916666666667022e-03,9.999999999999992228e-01
3.422135416666666902e-02,4.099999999999999912e-04,9.875000000000005301e-04,1.000000000000000888e+00
3.427387152777777724e-02,4.099999999999999912e-04,9.370833333333340384e-04,1.000000000000002220e+00
3.432638888888889239e-02,4.099999999999999912e-04,8.866666666666666793e-04,9.999999999999991118e-01
3.437890625000000061e-02,4.099999999999999912e-04,8.362500000000001876e-04,1.000000000000000666e+00
3.443142361111111577e-02,4.099999999999999912e-04,7.858333333333336959e-04,9.999999999999994449e-01
3.448394097222222399e-02,4.099999999999999912e-04,7.354166666666672042e-04,1.000000000000001110e+00
3.453645833333333914e-02,4.099999999999999912e-04,6.850000000000007125e-04,9.999999999999996669e-01
3.458897569444444736e-02,4.099999999999999912e-04,6.345833333333333534e-04,9.999999999999995559e-01
3.464149305555555558e-02,4.099999999999999912e-04,5.841666666666668617e-04,1.000000000000001110e+00
3.469401041666667074e-02,4.099999999999999912e-04,5.337500000000003700e-04,9.999999999999998890e-01
3.474652777777777896e-02,4.099999999999999912e-04,4.833333333333338783e-04,1.000000000000001332e+00
3.479904513888889411e-02,4.099999999999999912e-04,4.329166666666673866e-04,9.999999999999998890e-01
3.485156250000000233e-02,4.099999999999999912e-04,3.825000000000000275e-04,9.999999999999998890e-01
3.490407986111111749e-02,4.099999999999999912e-04,3.320833333333335358e-04,9.999999999999984457e-01
3.495659722222222571e-02,4.099999999999999912e-04,2.816666666666670440e-04,1.000000000000000222e+00
3.500911458333333393e-02,4.099999999999999912e-04,2.312500000000005523e-04,1.000000000000001998e+00
3.506163194444444908e-02,4.099999999999999912e-04,1.808333333333340606e-04,1.000000000000000444e+00
3.511414930555555730e-02,4.099999999999999912e-04,1.304166666666667015e-04,1.000000000000000222e+00
3.516666666666666552e-02,4.099999999999999912e-04,8.000000000000000654e-05,1.000000000000001332e+00
4.016666666666666302e-02,5.199999999999999544e-04,8.000000000000000654e-05,6.999999999999999556e-01
4.021918402777777124e-02,5.199999999999999544e-04,1.304166666666666744e-04,6.999999999999999556e-01
4.027170138888888640e-02,5.199999999999999544e-04,1.808333333333333288e-04,6.999999999999999556e-01
4.032421874999999462e-02,5.199999999999999544e-04,2.312500000000000102e-04,6.999999999999999556e-01
4.037673611111110977e-02,5.199999999999999544e-04,2.816666666666666646e-04,6.999999999999999556e-01
4.042925347222221799e-02,5.199999999999999544e-04,3.320833333333333189e-04,6.999999999999999556e-01
4.048177083333333315e-02,5.199999999999999544e-04,3.824999999999999733e-04,6.999999999999999556e-01
4.053428819444444137e-02,5.199999999999999544e-04,4.329166666666666276e-04,6.999999999999999556e-01
4.058680555555554959e-02,5.199999999999999544e-04,4.833333333333332820e-04,6.999999999999999556e-01
4.063932291666666474e-02,5.199999999999999544e-04,5.337499999999999363e-04,7.435632909958904690e-01
4.069184027777777296e-02,5.199999999999999544e-04,5.841666666666666449e-04,7.875732272295143943e-01
4.074435763888888812e-02,5.199999999999999544e-04,6.345833333333332450e-04,8.258639978187161113e-01
4.079687499999999634e-02,5.199999999999999544e-04,6.849999999999999535e-04,8.589238067714806135e-01
4.084939236111110455e-02,5.199999999999999544e-04,7.354166666666665537e-04,8.872215495107799166e-01
4.090190972222221971e-02,5.199999999999999544e-04,7.858333333333332622e-04,9.112068128745803852e-01
4.095442708333332793e-02,5.199999999999999544e-04,8.362499999999998624e-04,9.313098751158516153e-01
4.100694444444444309e-02,5.199999999999999544e-04,8.866666666666665709e-04,9.479417059025462278e-01
4.105946180555555131e-02,5.199999999999999544e-04,9.370833333333332795e-04,9.614939663176227391e-01
4.111197916666665952e-02,5.199999999999999544e-04,9.874999999999998796e-04,9.723390088590261326e-01
4.116449652777777468e-02,5.199999999999999544e-04,1.037916666666666588e-03,9.808298774396950748e-01
4.121701388888888290e-02,5.199999999999999544e-04,1.088333333333333297e-03,9.873003073875725732e-01
4.126953124999999806e-02,5.199999999999999544e-04,1.138749999999999788e-03,9.920647254455838837e-01
4.132204861111110628e-02,5.199999999999999544e-04,1.189166666666666497e-03,9.954182497716604905e-01
4.137456597222222143e-02,5.199999999999999544e-04,1.239583333333333206e-03,9.976366899387173470e-01
4.142708333333332965e-02,5.199999999999999544e-04,1.289999999999999914e-03,9.989765469346748583e-01
4.147960069444443787e-02,5.199999999999999544e-04,1.340416666666666623e-03,9.996750131624398961e-01
4.153211805555555303e-02,5.199999999999999544e-04,1.390833333333333114e-03,9.999499724399141254e-01
4.158463541666666125e-02,5.199999999999999544e-04,1.441249999999999823e-03,1.000000000000001110e+00
4.163715277777777640e-02,5.199999999999999544e-04,1.491666666666666531e-03,9.999999999999994449e-01
4.168967013888888462e-02,5.199999999999999544e-04,1.542083333333333240e-03,1.000000000000000666e+00
4.174218749999999978e-02,5.199999999999999544e-04,1.592499999999999732e-03,9.999999999999992228e-01
4.179470486111110800e-02,5.199999999999999544e-04,1.642916666666666440e-03,1.000000000000000444e+00
4.184722222222221621e-02,5.199999999999999544e-04,1.693333333333333149e-03,1.000000000000001554e+00
4.189973958333333137e-02,5.199999999999999544e-04,1.743749999999999857e-03,9.999999999999997780e-01
4.195225694444443959e-02,5.199999999999999544e-04,1.794166666666666566e-03,1.000000000000000888e+00
4.200477430555555475e-02,5.199999999999999544e-04,1.844583333333333058e-03,9.999999999999996669e-01
4.205729166666666297e-02,5.199999999999999544e-04,1.894999999999999766e-03,1.000000000000000888e+00
4.210980902777777118e-02,5.199999999999999544e-04,1.945416666666666475e-03,1.000000000000001776e+00
4.216232638888888634e-02,5.199999999999999544e-04,1.995833333333333400e-03,9.999999999999994449e-01
4.221484374999999456e-02,5.199999999999999544e-04,2.046249999999999892e-03,1.000000000000001110e+00
4.226736111111110972e-02,5.199999999999999544e-04,2.096666666666666817e-03,9.999999999999987788e-01
4.231987847222221794e-02,5.199999999999999544e-04,2.147083333333333309e-03,1.000000000000000666e+00
4.237239583333332615e-02,5.199999999999999544e-04,2.197499999999999801e-03,1.000000000000002220e+00
4.242491319444444131e-02,5.199999999999999544e-04,2.247916666666666726e-03,9.999999999999997780e-01
4.247743055555554953e-02,5.199999999999999544e-04,2.298333333333333218e-03,1.000000000000001332e+00
4.252994791666666469e-02,5.199999999999999544e-04,2.348750000000000143e-03,9.999999999999988898e-01
4.258246527777777291e-02,5.199999999999999544e-04,2.399166666666666635e-03,1.000000000000000666e+00
4.263498263888888806e-02,5.199999999999999544e-04,2.449583333333333127e-03,9.999999999999992228e-01
4.268749999999999628e-02,5.199999999999999544e-04,2.500000000000000052e-03,1.000000000000000222e+00
4.274001736111110450e-02,5.199999999999999544e-04,2.550416666666666544e-03,1.000000000000001554e+00
4.279253472222221966e-02,5.199999999999999544e-04,2.600833333333333469e-03,9.999999999999993339e-01
4.284505208333332787e-02,5.199999999999999544e-04,2.651249999999999961e-03,1.000000000000001110e+00
4.289756944444444303e-02,5.199999999999999544e-04,2.701666666666666453e-03,9.999999999999996669e-01
4.295008680555555125e-02,5.199999999999999544e-04,2.752083333333333378e-03,1.000000000000000444e+00
4.300260416666666641e-02,5.199999999999999544e-04,2.802499999999999870e-03,9.999999999999992228e-01
4.305512152777777463e-02,5.199999999999999544e-04,2.852916666666666361e-03,1.000000000000000666e+00
4.310763888888888284e-02,5.199999999999999544e-04,2.903333333333333287e-03,1.000000000000001332e+00
4.316015624999999800e-02,5.199999999999999544e-04,2.953749999999999779e-03,9.999999999999998890e-01
4.321267361111110622e-02,5.199999999999999544e-04,3.004166666666666704e-03,1.000000000000000666e+00
4.326519097222222138e-02,5.199999999999999544e-04,3.054583333333333196e-03,9.999999999999994449e-01
4.331770833333332960e-02,5.199999999999999544e-04,3.104999999999999687e-03,1.000000000000000888e+00
4.337022569444443781e-02,5.199999999999999544e-04,3.155416666666666613e-03,1.000000000000001554e+00
4.342274305555555297e-02,5.199999999999999544e-04,3.205833333333333104e-03,1.000000000000000444e+00
4.347526041666666119e-02,5.199999999999999544e-04,3.256250000000000030e-03,1.000000000000000888e+00
4.352777777777777635e-02,5.199999999999999544e-04,3.306666666666666522e-03,9.999999999999996669e-01
4.358029513888888457e-02,5.199999999999999544e-04,3.357083333333333013e-03,1.000000000000001110e+00
4.363281249999999278e-02,5.199999999999999544e-04,3.407499999999999939e-03,1.000000000000001554e+00
4.368532986111110794e-02,5.199999999999999544e-04,3.457916666666666430e-03,1.000000000000000444e+00
4.373784722222221616e-02,5.199999999999999544e-04,3.508333333333333356e-03,1.000000000000000888e+00
4.379036458333333132e-02,5.199999999999999544e-04,3.558749999999999847e-03,9.999999999999996669e-01
4.384288194444443953e-02,5.199999999999999544e-04,3.609166666666666339e-03,1.000000000000001110e+00
4.389539930555555469e-02,5.199999999999999544e-04,3.659583333333333265e-03,9.999999999999988898e-01
4.394791666666666291e-02,5.199999999999999544e-04,3.709999999999999756e-03,1.000000000000000666e+00
4.400043402777777113e-02,5.199999999999999544e-04,3.760416666666666682e-03,1.000000000000001110e+00
4.405295138888888629e-02,5.199999999999999544e-04,3.810833333333333173e-03,9.999999999999998890e-01
4.410546874999999450e-02,5.199999999999999544e-04,3.861249999999999665e-03,1.000000000000001332e+00
4.415798611111110966e-02,5.199999999999999544e-04,3.911666666666666591e-03,9.999999999999992228e-01
4.421050347222221788e-02,5.199999999999999544e-04,3.962083333333333082e-03,1.000000000000000888e+00
4.426302083333333304e-02,5.199999999999999544e-04,4.012499999999999574e-03,9.999999999999994449e-01
4.431553819444444126e-02,5.199999999999999544e-04,4.062916666666666066e-03,1.000000000000000888e+00
4.436805555555554947e-02,5.199999999999999544e-04,4.113333333333333425e-03,1.000000000000000888e+00
4.442057291666666463e-02,5.199999999999999544e-04,4.163749999999999916e-03,9.999999999999994449e-01
4.447309027777777285e-02,5.199999999999999544e-04,4.214166666666666408e-03,1.000000000000001110e+00
4.452560763888888801e-02,5.199999999999999544e-04,4.264583333333332900e-03,9.999999999999996669e-01
4.457812499999999623e-02,5.199999999999999544e-04,4.314999999999999392e-03,1.000000000000001110e+00
4.463064236111111138e-02,5.199999999999999544e-04,4.365416666666666751e-03,9.999999999999981126e-01
4.468315972222221960e-02,5.199999999999999544e-04,4.415833333333333242e-03,1.000000000000000000e+00
4.473567708333332782e-02,5.199999999999999544e-04,4.466249999999999734e-03,1.000000000000001554e+00
4.478819444444444298e-02,5.199999999999999544e-04,4.516666666666666226e-03,9.999999999999998890e-01
4.484071180555555119e-02,5.199999999999999544e-04,4.567083333333332718e-03,1.000000000000001554e+00
4.489322916666665941e-02,5.199999999999999544e-04,4.617500000000000077e-03,1.000000000000001332e+00
4.494574652777777457e-02,5.199999999999999544e-04,4.667916666666666568e-03,9.999999999999998890e-01
4.499826388888888279e-02,5.199999999999999544e-04,4.718333333333333060e-03,1.000000000000001332e+00
4.505078124999999795e-02,5.199999999999999544e-04,4.768749999999999552e-03,1.000000000000000222e+00
4.510329861111110616e-02,5.199999999999999544e-04,4.819166666666666043e-03,1.000000000000001554e+00
4.515581597222222132e-02,5.199999999999999544e-04,4.869583333333333403e-03,9.999999999999983347e-01
4.520833333333332954e-02,5.199999999999999544e-04,4.919999999999999894e-03,1.000000000000000222e+00
5.020833333333332704e-02,6.299999999999999177e-04,4.919999999999999894e-03,6.999999999999999556e-01
5.026085069444443526e-02,6.299999999999999177e-04,4.869583333333333403e-03,6.999999999999999556e-01
5.031336805555555042e-02,6.299999999999999177e-04,4.819166666666666911e-03,6.999999999999999556e-01
5.036588541666665864e-02,6.299999999999999177e-04,4.768749999999999552e-03,6.999999999999999556e-01
5.041840277777777379e-02,6.299999999999999177e-04,4.718333333333333060e-03,6.999999999999999556e-01
5.047092013888888201e-02,6.299999999999999177e-04,4.667916666666666568e-03,6.999999999999999556e-01
5.052343749999999023e-02,6.299999999999999177e-04,4.617500000000000077e-03,6.999999999999999556e-01
5.057595486111110539e-02,6.299999999999999177e-04,4.567083333333333585e-03,6.999999999999999556e-01
5.062847222222221361e-02,6.299999999999999177e-04,4.516666666666666226e-03,6.999999999999999556e-01
5.068098958333332876e-02,6.299999999999999177e-04,4.466249999999999734e-03,7.435632909958898029e-01
5.073350694444443698e-02,6.299999999999999177e-04,4.415833333333333242e-03,7.875732272295141723e-01
5.078602430555555214e-02,6.299999999999999177e-04,4.365416666666666751e-03,8.258639978187160002e-01
5.083854166666666036e-02,6.299999999999999177e-04,4.315000000000000259e-03,8.589238067714806135e-01
5.089105902777776858e-02,6.299999999999999177e-04,4.264583333333333767e-03,8.872215495107801386e-01
5.094357638888888373e-02,6.299999999999999177e-04,4.214166666666666408e-03,9.112068128745796081e-01
5.099609374999999195e-02,6.299999999999999177e-04,4.163749999999999916e-03,9.313098751158511712e-01
5.104861111111110711e-02,6.299999999999999177e-04,4.113333333333333425e-03,9.479417059025462278e-01
5.110112847222221533e-02,6.299999999999999177e-04,4.062916666666666933e-03,9.614939663176230722e-01
5.115364583333333048e-02,6.299999999999999177e-04,4.012500000000000441e-03,9.723390088590238012e-01
5.120616319444443870e-02,6.299999999999999177e-04,3.962083333333333082e-03,9.808298774396945197e-01
5.125868055555554692e-02,6.299999999999999177e-04,3.911666666666666591e-03,9.873003073875722402e-01
5.131119791666666208e-02,6.299999999999999177e-04,3.861250000000000099e-03,9.920647254455838837e-01
5.136371527777777030e-02,6.299999999999999177e-04,3.810833333333333607e-03,9.954182497716609346e-01
5.141623263888888545e-02,6.299999999999999177e-04,3.760416666666666682e-03,9.976366899387173470e-01
5.146874999999999367e-02,6.299999999999999177e-04,3.709999999999999756e-03,9.989765469346745252e-01
5.152126736111110189e-02,6.299999999999999177e-04,3.659583333333333265e-03,9.996750131624400071e-01
5.157378472222221705e-02,6.299999999999999177e-04,3.609166666666666773e-03,9.999499724399141254e-01
5.162630208333332527e-02,6.299999999999999177e-04,3.558750000000000281e-03,1.000000000000001554e+00
5.167881944444444042e-02,6.299999999999999177e-04,3.508333333333333356e-03,9.999999999999994449e-01
5.173133680555554864e-02,6.299999999999999177e-04,3.457916666666666430e-03,1.000000000000000222e+00
5.178385416666665686e-02,6.299999999999999177e-04,3.407499999999999939e-03,1.000000000000001554e+00
5.183637152777777202e-02,6.299999999999999177e-04,3.357083333333333447e-03,1.000000000000000222e+00
5.188888888888888024e-02,6.299999999999999177e-04,3.306666666666666955e-03,1.000000000000001554e+00
5.194140624999999539e-02,6.299999999999999177e-04,3.256250000000000030e-03,9.999999999999995559e-01
5.199392361111110361e-02,6.299999999999999177e-04,3.205833333333333104e-03,1.000000000000000222e+00
5.204644097222221877e-02,6.299999999999999177e-04,3.155416666666666613e-03,9.999999999999988898e-01
5.209895833333332699e-02,6.299999999999999177e-04,3.105000000000000121e-03,1.000000000000000444e+00
5.215147569444443520e-02,6.299999999999999177e-04,3.054583333333333629e-03,1.000000000000001998e+00
5.220399305555555036e-02,6.299999999999999177e-04,3.004166666666666704e-03,9.999999999999997780e-01
5.225651041666665858e-02,6.299999999999999177e-04,2.953750000000000212e-03,1.000000000000001332e+00
5.230902777777777374e-02,6.299999999999999177e-04,2.903333333333333287e-03,9.999999999999991118e-01
5.236154513888888196e-02,6.299999999999999177e-04,2.852916666666666795e-03,1.000000000000000888e+00
5.241406249999999711e-02,6.299999999999999177e-04,2.802500000000000303e-03,9.999999999999994449e-01
5.246657986111110533e-02,6.299999999999999177e-04,2.752083333333333378e-03,1.000000000000000222e+00
5.251909722222221355e-02,6.299999999999999177e-04,2.701666666666666886e-03,1.000000000000001776e+00
5.257161458333332871e-02,6.299999999999999177e-04,2.651249999999999961e-03,9.999999999999994449e-01
5.262413194444443693e-02,6.299999999999999177e-04,2.600833333333333469e-03,1.000000000000001110e+00
5.267664930555555208e-02,6.299999999999999177e-04,2.550416666666666977e-03,9.999999999999996669e-01
5.272916666666666030e-02,6.299999999999999177e-04,2.500000000000000052e-03,1.000000000000000444e+00
5.278168402777776852e-02,6.299999999999999177e-04,2.449583333333333560e-03,1.000000000000001998e+00
5.283420138888888368e-02,6.299999999999999177e-04,2.399166666666666635e-03,9.999999999999995559e-01
5.288671874999999190e-02,6.299999999999999177e-04,2.348750000000000143e-03,1.000000000000001332e+00
5.293923611111110705e-02,6.299999999999999177e-04,2.298333333333333652e-03,9.999999999999998890e-01
5.299175347222221527e-02,6.299999999999999177e-04,2.247916666666666726e-03,1.000000000000000666e+00
5.304427083333332349e-02,6.299999999999999177e-04,2.197500000000000234e-03,1.000000000000002220e+00
5.309678819444443865e-02,6.299999999999999177e-04,2.147083333333333743e-03,1.000000000000000666e+00
5.314930555555554686e-02,6.299999999999999177e-04,2.096666666666666817e-03,1.000000000000001332e+00
5.320182291666666202e-02,6.299999999999999177e-04,2.046250000000000326e-03,9.999999999999998890e-01
5.325434027777777024e-02,6.299999999999999177e-04,1.995833333333333400e-03,1.000000000000000666e+00
5.330685763888888540e-02,6.299999999999999177e-04,1.945416666666666908e-03,9.999999999999992228e-01
5.335937499999999362e-02,6.299999999999999177e-04,1.895000000000000417e-03,1.000000000000000888e+00
5.341189236111110183e-02,6.299999999999999177e-04,1.844583333333333491e-03,1.000000000000001332e+00
5.346440972222221699e-02,6.299999999999999177e-04,1.794166666666667000e-03,1.000000000000000222e+00
5.351692708333332521e-02,6.299999999999999177e-04,1.743750000000000074e-03,1.000000000000000666e+00
5.356944444444444037e-02,6.299999999999999177e-04,1.693333333333333583e-03,9.999999999999994449e-01
5.362196180555554859e-02,6.299999999999999177e-04,1.642916666666667091e-03,1.000000000000000888e+00
5.367447916666666374e-02,6.299999999999999177e-04,1.592500000000000165e-03,9.999999999999987788e-01
5.372699652777777196e-02,6.299999999999999177e-04,1.542083333333333674e-03,1.000000000000000444e+00
5.377951388888888018e-02,6.299999999999999177e-04,1.491666666666666748e-03,1.000000000000001110e+00
5.383203124999999534e-02,6.299999999999999177e-04,1.441250000000000257e-03,9.999999999999998890e-01
5.388454861111110356e-02,6.299999999999999177e-04,1.390833333333333765e-03,1.000000000000001332e+00
5.393706597222221871e-02,6.299999999999999177e-04,1.340416666666666839e-03,9.999999999999992228e-01
5.398958333333332693e-02,6.299999999999999177e-04,1.290000000000000348e-03,1.000000000000000888e+00
5.404210069444443515e-02,6.299999999999999177e-04,1.239583333333333422e-03,1.000000000000001332e+00
5.409461805555555031e-02,6.299999999999999177e-04,1.189166666666666931e-03,1.000000000000000222e+00
5.414713541666665853e-02,6.299999999999999177e-04,1.138750000000000439e-03,1.000000000000001554e+00
5.419965277777777368e-02,6.299999999999999177e-04,1.088333333333333514e-03,9.999999999999993339e-01
5.425217013888888190e-02,6.299999999999999177e-04,1.037916666666667022e-03,1.000000000000000888e+00
5.430468749999999012e-02,6.299999999999999177e-04,9.875000000000005301e-04,1.000000000000002442e+00
5.435720486111110528e-02,6.299999999999999177e-04,9.370833333333340384e-04,1.000000000000000888e+00
5.440972222222221349e-02,6.299999999999999177e-04,8.866666666666666793e-04,1.000000000000000666e+00
5.446223958333332865e-02,6.299999999999999177e-04,8.362500000000001876e-04,9.999999999999992228e-01
5.451475694444443687e-02,6.299999999999999177e-04,7.858333333333336959e-04,1.000000000000000888e+00
5.456727430555555203e-02,6.299999999999999177e-04,7.354166666666672042e-04,9.999999999999994449e-01
5.461979166666666025e-02,6.299999999999999177e-04,6.850000000000007125e-04,1.000000000000001110e+00
5.467230902777776846e-02,6.299999999999999177e-04,6.345833333333333534e-04,1.000000000000000888e+00
5.472482638888888362e-02,6.299999999999999177e-04,5.841666666666668617e-04,9.999999999999994449e-01
5.477734374999999184e-02,6.299999999999999177e-04,5.337500000000003700e-04,1.000000000000001110e+00
5.482986111111110700e-02,6.299999999999999177e-04,4.833333333333338783e-04,9.999999999999996669e-01
5.488237847222221522e-02,6.299999999999999177e-04,4.329166666666673866e-04,1.000000000000001110e+00
5.493489583333333037e-02,6.299999999999999177e-04,3.825000000000000275e-04,9.999999999999981126e-01
5.498741319444443859e-02,6.299999999999999177e-04,3.320833333333335358e-04,9.999999999999998890e-01
5.503993055555554681e-02,6.299999999999999177e-04,2.816666666666670440e-04,1.000000000000001554e+00
5.509244791666666197e-02,6.299999999999999177e-04,2.312500000000005523e-04,1.000000000000000222e+00
5.514496527777777019e-02,6.299999999999999177e-04,1.808333333333340606e-04,1.000000000000001554e+00
5.519748263888888534e-02,6.299999999999999177e-04,1.304166666666667015e-04,9.999999999999984457e-01
5.524999999999999356e-02,6.299999999999999177e-04,8.000000000000000654e-05,9.999999999999997780e-01
6.024999999999999106e-02,7.399999999999999894e-04,8.000000000000000654e-05,6.999999999999999556e-01
6.030251736111109928e-02,7.399999999999999894e-04,1.304166666666666744e-04,6.999999999999999556e-01
6.035503472222221444e-02,7.399999999999999894e-04,1.808333333333333288e-04,6.999999999999999556e-01
6.040755208333332266e-02,7.399999999999999894e-04,2.312500000000000102e-04,6.999999999999999556e-01
6.046006944444443781e-02,7.399999999999999894e-04,2.816666666666666646e-04,6.999999999999999556e-01
6.051258680555554603e-02,7.399999999999999894e-04,3.320833333333333189e-04,6.999999999999999556e-01
6.056510416666666119e-02,7.399999999999999894e-04,3.824999999999999733e-04,6.999999999999999556e-01
6.061762152777776941e-02,7.399999999999999894e-04,4.329166666666666276e-04,6.999999999999999556e-01
6.067013888888887763e-02,7.399999999999999894e-04,4.833333333333332820e-04,6.999999999999999556e-01
6.072265624999999278e-02,7.399999999999999894e-04,5.337499999999999363e-04,7.435632909958904690e-01
6.077517361111110100e-02,7.399999999999999894e-04,5.841666666666666449e-04,7.875732272295143943e-01
6.082769097222221616e-02,7.399999999999999894e-04,6.345833333333332450e-04,8.258639978187161113e-01
6.088020833333332438e-02,7.399999999999999894e-04,6.849999999999999535e-04,8.589238067714806135e-01
6.093272569444443260e-02,7.399999999999999894e-04,7.354166666666665537e-04,8.872215495107799166e-01
6.098524305555554775e-02,7.399999999999999894e-04,7.858333333333332622e-04,9.112068128745803852e-01
6.103776041666665597e-02,7.399999999999999894e-04,8.362499999999998624e-04,9.313098751158516153e-01
6.109027777777777113e-02,7.399999999999999894e-04,8.866666666666665709e-04,9.479417059025462278e-01
6.114279513888887935e-02,7.399999999999999894e-04,9.370833333333332795e-04,9.614939663176227391e-01
6.119531249999998757e-02,7.399999999999999894e-04,9.874999999999998796e-04,9.723390088590261326e-01
6.124782986111110272e-02,7.399999999999999894e-04,1.037916666666666588e-03,9.808298774396950748e-01
6.130034722222221094e-02,7.399999999999999894e-04,1.088333333333333297e-03,9.873003073875725732e-01
6.135286458333332610e-02,7.399999999999999894e-04,1.138749999999999788e-03,9.920647254455838837e-01
6.140538194444443432e-02,7.399999999999999894e-04,1.189166666666666497e-03,9.954182497716604905e-01
6.145789930555554947e-02,7.399999999999999894e-04,1.239583333333333206e-03,9.976366899387173470e-01
6.151041666666665769e-02,7.399999999999999894e-04,1.289999999999999914e-03,9.989765469346748583e-01
6.156293402777776591e-02,7.399999999999999894e-04,1.340416666666666623e-03,9.996750131624398961e-01
6.161545138888888107e-02,7.399999999999999894e-04,1.390833333333333114e-03,9.999499724399141254e-01
6.166796874999998929e-02,7.399999999999999894e-04,1.441249999999999823e-03,1.000000000000001110e+00
6.172048611111110444e-02,7.399999999999999894e-04,1.491666666666666531e-03,9.999999999999994449e-01
6.177300347222221266e-02,7.399999999999999894e-04,1.542083333333333240e-03,1.000000000000000666e+00
6.182552083333332782e-02,7.399999999999999894e-04,1.592499999999999732e-03,9.999999999999992228e-01
6.187803819444443604e-02,7.399999999999999894e-04,1.642916666666666440e-03,1.000000000000000444e+00
6.193055555555554426e-02,7.399999999999999894e-04,1.693333333333333149e-03,1.000000000000001554e+00
6.198307291666665941e-02,7.399999999999999894e-04,1.743749999999999857e-03,9.999999999999997780e-01
6.203559027777776763e-02,7.399999999999999894e-04,1.794166666666666566e-03,1.000000000000000888e+00
6.208810763888888279e-02,7.399999999999999894e-04,1.844583333333333058e-03,9.999999999999996669e-01
6.214062499999999101e-02,7.399999999999999894e-04,1.894999999999999766e-03,1.000000000000000888e+00
6.219314236111109923e-02,7.399999999999999894e-04,1.945416666666666475e-03,1.000000000000001776e+00
6.224565972222221438e-02,7.399999999999999894e-04,1.995833333333333400e-03,9.999999999999994449e-01
6.229817708333332260e-02,7.399999999999999894e-04,2.046249999999999892e-03,1.000000000000001110e+00
6.235069444444443776e-02,7.399999999999999894e-04,2.096666666666666817e-03,9.999999999999987788e-01
6.240321180555554598e-02,7.399999999999999894e-04,2.147083333333333309e-03,1.000000000000000666e+00
6.245572916666665420e-02,7.399999999999999894e-04,2.197499999999999801e-03,1.000000000000002220e+00
6.250824652777776935e-02,7.399999999999999894e-04,2.247916666666666726e-03,9.999999999999997780e-01
6.256076388888888451e-02,7.399999999999999894e-04,2.298333333333333218e-03,9.999999999999984457e-01
6.261328124999998579e-02,7.399999999999999894e-04,2.348750000000000143e-03,1.000000000000002220e+00
6.266579861111110095e-02,7.399999999999999894e-04,2.399166666666666635e-03,1.000000000000000666e+00
6.271831597222221610e-02,7.399999999999999894e-04,2.449583333333333127e-03,9.999999999999992228e-01
6.277083333333333126e-02,7.399999999999999894e-04,2.500000000000000052e-03,9.999999999999972244e-01
6.282335069444443254e-02,7.399999999999999894e-04,2.550416666666666544e-03,1.000000000000001998e+00
6.287586805555554770e-02,7.399999999999999894e-04,2.600833333333333469e-03,9.999999999999995559e-01
6.292838541666666285e-02,7.399999999999999894e-04,2.651249999999999961e-03,9.999999999999984457e-01
6.298090277777776413e-02,7.399999999999999894e-04,2.701666666666666453e-03,1.000000000000003109e+00
6.303342013888887929e-02,7.399999999999999894e-04,2.752083333333333378e-03,1.000000000000000666e+00
6.308593749999999445e-02,7.399999999999999894e-04,2.802499999999999870e-03,9.999999999999992228e-01
6.313845486111109573e-02,7.399999999999999894e-04,2.852916666666666361e-03,1.000000000000003775e+00
6.319097222222221089e-02,7.399999999999999894e-04,2.903333333333333287e-03,1.000000000000001332e+00
6.324348958333332604e-02,7.399999999999999894e-04,2.953749999999999779e-03,9.999999999999998890e-01
6.329600694444444120e-02,7.399999999999999894e-04,3.004166666666666704e-03,9.999999999999976685e-01
6.334852430555554248e-02,7.399999999999999894e-04,3.054583333333333196e-03,1.000000000000002442e+00
6.340104166666665764e-02,7.399999999999999894e-04,3.104999999999999687e-03,1.000000000000000888e+00
6.345355902777777279e-02,7.399999999999999894e-04,3.155416666666666613e-03,9.999999999999985567e-01
6.350607638888887407e-02,7.399999999999999894e-04,3.205833333333333104e-03,1.000000000000003109e+00
6.355859374999998923e-02,7.399999999999999894e-04,3.256250000000000030e-03,1.000000000000000666e+00
6.361111111111110439e-02,7.399999999999999894e-04,3.306666666666666522e-03,9.999999999999994449e-01
6.366362847222221955e-02,7.399999999999999894e-04,3.357083333333333013e-03,9.999999999999980016e-01
6.371614583333332082e-02,7.399999999999999894e-04,3.407499999999999939e-03,1.000000000000001776e+00
6.376866319444443598e-02,7.399999999999999894e-04,3.457916666666666430e-03,1.000000000000000444e+00
6.382118055555555114e-02,7.399999999999999894e-04,3.508333333333333356e-03,9.999999999999981126e-01
6.387369791666665242e-02,7.399999999999999894e-04,3.558749999999999847e-03,1.000000000000002887e+00
6.392621527777776758e-02,7.399999999999999894e-04,3.609166666666666339e-03,1.000000000000001332e+00
6.397873263888888273e-02,7.399999999999999894e-04,3.659583333333333265e-03,9.999999999999988898e-01
6.403124999999998401e-02,7.399999999999999894e-04,3.709999999999999756e-03,1.000000000000003553e+00
6.408376736111109917e-02,7.399999999999999894e-04,3.760416666666666682e-03,1.000000000000001110e+00
6.413628472222221433e-02,7.399999999999999894e-04,3.810833333333333173e-03,9.999999999999996669e-01
6.418880208333332948e-02,7.399999999999999894e-04,3.861249999999999665e-03,9.999999999999982236e-01
6.424131944444443076e-02,7.399999999999999894e-04,3.911666666666666591e-03,1.000000000000002220e+00
6.429383680555554592e-02,7.399999999999999894e-04,3.962083333333333082e-03,1.000000000000000666e+00
6.434635416666666108e-02,7.399999999999999894e-04,4.012499999999999574e-03,9.999999999999992228e-01
6.439887152777776236e-02,7.399999999999999894e-04,4.062916666666666066e-03,1.000000000000003775e+00
6.445138888888887752e-02,7.399999999999999894e-04,4.113333333333333425e-03,1.000000000000000222e+00
6.450390624999999267e-02,7.399999999999999894e-04,4.163749999999999916e-03,9.999999999999988898e-01
6.455642361111110783e-02,7.399999999999999894e-04,4.214166666666666408e-03,9.999999999999977796e-01
6.460894097222220911e-02,7.399999999999999894e-04,4.264583333333332900e-03,1.000000000000002665e+00
6.466145833333332427e-02,7.399999999999999894e-04,4.314999999999999392e-03,1.000000000000001110e+00
6.471397569444443942e-02,7.399999999999999894e-04,4.365416666666666751e-03,9.999999999999978906e-01
6.476649305555554070e-02,7.399999999999999894e-04,4.415833333333333242e-03,1.000000000000002442e+00
6.481901041666665586e-02,7.399999999999999894e-04,4.466249999999999734e-03,1.000000000000001110e+00
6.487152777777777102e-02,7.399999999999999894e-04,4.516666666666666226e-03,9.999999999999994449e-01
6.492404513888888618e-02,7.399999999999999894e-04,4.567083333333332718e-03,9.999999999999982236e-01
6.497656249999998745e-02,7.399999999999999894e-04,4.617500000000000077e-03,1.000000000000001332e+00
6.502907986111110261e-02,7.399999999999999894e-04,4.667916666666666568e-03,9.999999999999998890e-01
6.508159722222221777e-02,7.399999999999999894e-04,4.718333333333333060e-03,9.999999999999984457e-01
6.513411458333331905e-02,7.399999999999999894e-04,4.768749999999999552e-03,1.000000000000003331e+00
6.518663194444443421e-02,7.399999999999999894e-04,4.819166666666666043e-03,1.000000000000001776e+00
6.523914930555554936e-02,7.399999999999999894e-04,4.869583333333333403e-03,9.999999999999983347e-01
6.529166666666666452e-02,7.399999999999999894e-04,4.919999999999999894e-03,9.999999999999973355e-01
7.029166666666666896e-02,8.499999999999999526e-04,4.919999999999999894e-03,6.999999999999999556e-01
7.034418402777778412e-02,8.499999999999999526e-04,4.869583333333333403e-03,6.999999999999999556e-01
7.039670138888888540e-02,8.499999999999999526e-04,4.819166666666666911e-03,6.999999999999999556e-01
7.044921875000000056e-02,8.499999999999999526e-04,4.768749999999999552e-03,6.999999999999999556e-01
7.050173611111111571e-02,8.499999999999999526e-04,4.718333333333333060e-03,6.999999999999999556e-01
7.055425347222223087e-02,8.499999999999999526e-04,4.667916666666666568e-03,6.999999999999999556e-01
7.060677083333333215e-02,8.499999999999999526e-04,4.617500000000000077e-03,6.999999999999999556e-01
7.065928819444444731e-02,8.499999999999999526e-04,4.567083333333333585e-03,6.999999999999999556e-01
7.071180555555556246e-02,8.499999999999999526e-04,4.516666666666666226e-03,6.999999999999999556e-01
7.076432291666666374e-02,8.499999999999999526e-04,4.466249999999999734e-03,7.435632909958924674e-01
7.081684027777777890e-02,8.499999999999999526e-04,4.415833333333333242e-03,7.875732272295142833e-01
7.086935763888889406e-02,8.499999999999999526e-04,4.365416666666666751e-03,8.258639978187162223e-01
7.092187499999999534e-02,8.499999999999999526e-04,4.315000000000000259e-03,8.589238067714833891e-01
7.097439236111111049e-02,8.499999999999999526e-04,4.264583333333333767e-03,8.872215495107801386e-01
7.102690972222222565e-02,8.499999999999999526e-04,4.214166666666666408e-03,9.112068128745796081e-01
7.107942708333334081e-02,8.499999999999999526e-04,4.163749999999999916e-03,9.313098751158485067e-01
7.113194444444444209e-02,8.499999999999999526e-04,4.113333333333333425e-03,9.479417059025490033e-01
7.118446180555555725e-02,8.499999999999999526e-04,4.062916666666666933e-03,9.614939663176228501e-01
7.123697916666667240e-02,8.499999999999999526e-04,4.012500000000000441e-03,9.723390088590234681e-01
7.128949652777777368e-02,8.499999999999999526e-04,3.962083333333333082e-03,9.808298774396971842e-01
7.134201388888888884e-02,8.499999999999999526e-04,3.911666666666666591e-03,9.873003073875719071e-01
7.139453125000000400e-02,8.499999999999999526e-04,3.861250000000000099e-03,9.920647254455834396e-01
7.144704861111111915e-02,8.499999999999999526e-04,3.810833333333333607e-03,9.954182497716578260e-01
7.149956597222222043e-02,8.499999999999999526e-04,3.760416666666666682e-03,9.976366899387200116e-01
7.155208333333333559e-02,8.499999999999999526e-04,3.709999999999999756e-03,9.989765469346740812e-01
7.160460069444445075e-02,8.499999999999999526e-04,3.659583333333333265e-03,9.996750131624368985e-01
7.165711805555555203e-02,8.499999999999999526e-04,3.609166666666666773e-03,9.999499724399170120e-01
7.170963541666666718e-02,8.499999999999999526e-04,3.558750000000000281e-03,1.000000000000001554e+00
7.176215277777778234e-02,8.499999999999999526e-04,3.508333333333333356e-03,9.999999999999991118e-01
7.181467013888889750e-02,8.499999999999999526e-04,3.457916666666666430e-03,9.999999999999971134e-01
7.186718749999999878e-02,8.499999999999999526e-04,3.407499999999999939e-03,1.000000000000001776e+00
7.191970486111111394e-02,8.499999999999999526e-04,3.357083333333333447e-03,1.000000000000000444e+00
7.197222222222222909e-02,8.499999999999999526e-04,3.306666666666666955e-03,9.999999999999988898e-01
7.202473958333333037e-02,8.499999999999999526e-04,3.256250000000000030e-03,1.000000000000002665e+00
7.207725694444444553e-02,8.499999999999999526e-04,3.205833333333333104e-03,1.000000000000000444e+00
7.212977430555556069e-02,8.499999999999999526e-04,3.155416666666666613e-03,9.999999999999988898e-01
7.218229166666667584e-02,8.499999999999999526e-04,3.105000000000000121e-03,9.999999999999977796e-01
7.223480902777777712e-02,8.499999999999999526e-04,3.054583333333333629e-03,1.000000000000002665e+00
7.228732638888889228e-02,8.499999999999999526e-04,3.004166666666666704e-03,1.000000000000000222e+00
7.233984375000000744e-02,8.499999999999999526e-04,2.953750000000000212e-03,9.999999999999986677e-01
7.239236111111110872e-02,8.499999999999999526e-04,2.903333333333333287e-03,1.000000000000002442e+00
7.244487847222222388e-02,8.499999999999999526e-04,2.852916666666666795e-03,1.000000000000001110e+00
7.249739583333333903e-02,8.499999999999999526e-04,2.802500000000000303e-03,9.999999999999996669e-01
7.254991319444444031e-02,8.499999999999999526e-04,2.752083333333333378e-03,1.000000000000003109e+00
7.260243055555555547e-02,8.499999999999999526e-04,2.701666666666666886e-03,1.000000000000001554e+00
7.265494791666667063e-02,8.499999999999999526e-04,2.651249999999999961e-03,9.999999999999993339e-01
7.270746527777778578e-02,8.499999999999999526e-04,2.600833333333333469e-03,9.999999999999980016e-01
7.275998263888888706e-02,8.499999999999999526e-04,2.550416666666666977e-03,1.000000000000002887e+00
7.281250000000000222e-02,8.499999999999999526e-04,2.500000000000000052e-03,1.000000000000000444e+00
7.286501736111111738e-02,8.499999999999999526e-04,2.449583333333333560e-03,9.999999999999988898e-01
7.291753472222221866e-02,8.499999999999999526e-04,2.399166666666666635e-03,1.000000000000002665e+00
7.297005208333333381e-02,8.499999999999999526e-04,2.348750000000000143e-03,1.000000000000001110e+00
7.302256944444444897e-02,8.499999999999999526e-04,2.298333333333333652e-03,9.999999999999996669e-01
7.307508680555556413e-02,8.499999999999999526e-04,2.247916666666666726e-03,9.999999999999974465e-01
7.312760416666666541e-02,8.499999999999999526e-04,2.197500000000000234e-03,1.000000000000002442e+00
7.318012152777778057e-02,8.499999999999999526e-04,2.147083333333333743e-03,1.000000000000000888e+00
7.323263888888889572e-02,8.499999999999999526e-04,2.096666666666666817e-03,9.999999999999984457e-01
7.328515624999999700e-02,8.499999999999999526e-04,2.046250000000000326e-03,1.000000000000003109e+00
7.333767361111111216e-02,8.499999999999999526e-04,1.995833333333333400e-03,1.000000000000000666e+00
7.339019097222222732e-02,8.499999999999999526e-04,1.945416666666666908e-03,9.999999999999992228e-01
7.344270833333332860e-02,8.499999999999999526e-04,1.895000000000000417e-03,1.000000000000003775e+00
7.349522569444444375e-02,8.499999999999999526e-04,1.844583333333333491e-03,1.000000000000001332e+00
7.354774305555555891e-02,8.499999999999999526e-04,1.794166666666667000e-03,9.999999999999998890e-01
7.360026041666667407e-02,8.499999999999999526e-04,1.743750000000000074e-03,9.999999999999976685e-01
7.365277777777777535e-02,8.499999999999999526e-04,1.693333333333333583e-03,1.000000000000002442e+00
7.370529513888889050e-02,8.499999999999999526e-04,1.642916666666667091e-03,1.000000000000000888e+00
7.375781250000000566e-02,8.499999999999999526e-04,1.592500000000000165e-03,9.999999999999985567e-01
7.381032986111110694e-02,8.499999999999999526e-04,1.542083333333333674e-03,1.000000000000003109e+00
7.386284722222222210e-02,8.499999999999999526e-04,1.491666666666666748e-03,1.000000000000000666e+00
7.391536458333333726e-02,8.499999999999999526e-04,1.441250000000000257e-03,9.999999999999992228e-01
7.396788194444445241e-02,8.499999999999999526e-04,1.390833333333333765e-03,9.999999999999980016e-01
7.402039930555555369e-02,8.499999999999999526e-04,1.340416666666666839e-03,1.000000000000001776e+00
7.407291666666666885e-02,8.499999999999999526e-04,1.290000000000000348e-03,1.000000000000000444e+00
7.412543402777778401e-02,8.499999999999999526e-04,1.239583333333333422e-03,9.999999999999981126e-01
7.417795138888888529e-02,8.499999999999999526e-04,1.189166666666666931e-03,1.000000000000002887e+00
7.423046875000000044e-02,8.499999999999999526e-04,1.138750000000000439e-03,1.000000000000001332e+00
7.428298611111111560e-02,8.499999999999999526e-04,1.088333333333333514e-03,9.999999999999988898e-01
7.433550347222223076e-02,8.499999999999999526e-04,1.037916666666667022e-03,9.999999999999977796e-01
7.438802083333333204e-02,8.499999999999999526e-04,9.875000000000005301e-04,1.000000000000002665e+00
7.444053819444444720e-02,8.499999999999999526e-04,9.370833333333340384e-04,1.000000000000001110e+00
7.449305555555556235e-02,8.499999999999999526e-04,8.866666666666666793e-04,9.999999999999977796e-01
7.454557291666666363e-02,8.499999999999999526e-04,8.362500000000001876e-04,1.000000000000002442e+00
7.459809027777777879e-02,8.499999999999999526e-04,7.858333333333336959e-04,1.000000000000001110e+00
7.465060763888889395e-02,8.499999999999999526e-04,7.354166666666672042e-04,9.999999999999994449e-01
7.470312500000000910e-02,8.499999999999999526e-04,6.850000000000007125e-04,9.999999999999982236e-01
7.475564236111111038e-02,8.499999999999999526e-04,6.345833333333333534e-04,1.000000000000001332e+00
7.480815972222222554e-02,8.499999999999999526e-04,5.841666666666668617e-04,9.999999999999998890e-01
7.486067708333334070e-02,8.499999999999999526e-04,5.337500000000003700e-04,9.999999999999986677e-01
7.491319444444444198e-02,8.499999999999999526e-04,4.833333333333338783e-04,1.000000000000003331e+00
7.496571180555555713e-02,8.499999999999999526e-04,4.329166666666673866e-04,1.000000000000001554e+00
7.501822916666667229e-02,8.499999999999999526e-04,3.825000000000000275e-04,9.999999999999983347e-01
7.507074652777778745e-02,8.499999999999999526e-04,3.320833333333335358e-04,9.999999999999973355e-01
7.512326388888888873e-02,8.499999999999999526e-04,2.816666666666670440e-04,1.000000000000001998e+00
7.517578125000000389e-02,8.499999999999999526e-04,2.312500000000005523e-04,1.000000000000000666e+00
7.522829861111111904e-02,8.499999999999999526e-04,1.808333333333340606e-04,9.999999999999992228e-01
7.528081597222222032e-02,8.499999999999999526e-04,1.304166666666667015e-04,1.000000000000001998e+00
7.533333333333333548e-02,8.499999999999999526e-04,8.000000000000000654e-05,1.000000000000000222e+00
8.033333333333333992e-02,9.599999999999999159e-04,8.000000000000000654e-05,6.999999999999999556e-01
8.038585069444445508e-02,9.599999999999999159e-04,1.304166666666666744e-04,6.999999999999999556e-01
8.043836805555555636e-02,9.599999999999999159e-04,1.808333333333333288e-04,6.999999999999999556e-01
8.049088541666667151e-02,9.599999999999999159e-04,2.312500000000000102e-04,6.999999999999999556e-01
8.054340277777778667e-02,9.599999999999999159e-04,2.816666666666666646e-04,6.999999999999999556e-01
8.059592013888890183e-02,9.599999999999999159e-04,3.320833333333333189e-04,6.999999999999999556e-01
8.064843750000000311e-02,9.599999999999999159e-04,3.824999999999999733e-04,6.999999999999999556e-01
8.070095486111111827e-02,9.599999999999999159e-04,4.329166666666666276e-04,6.999999999999999556e-01
8.075347222222223342e-02,9.599999999999999159e-04,4.833333333333332820e-04,6.999999999999999556e-01
8.080598958333333470e-02,9.599999999999999159e-04,5.337499999999999363e-04,7.435632909958926895e-01
8.085850694444444986e-02,9.599999999999999159e-04,5.841666666666666449e-04,7.875732272295142833e-01
8.091102430555556502e-02,9.599999999999999159e-04,6.345833333333332450e-04,8.258639978187160002e-01
8.096354166666666630e-02,9.599999999999999159e-04,6.849999999999999535e-04,8.589238067714828340e-01
8.101605902777778145e-02,9.599999999999999159e-04,7.354166666666665537e-04,8.872215495107795835e-01
8.106857638888889661e-02,9.599999999999999159e-04,7.858333333333332622e-04,9.112068128745800522e-01
8.112109375000001177e-02,9.599999999999999159e-04,8.362499999999998624e-04,9.313098751158487287e-01
8.117361111111111305e-02,9.599999999999999159e-04,8.866666666666665709e-04,9.479417059025488923e-01
8.122612847222222821e-02,9.599999999999999159e-04,9.370833333333332795e-04,9.614939663176222950e-01
8.127864583333334336e-02,9.599999999999999159e-04,9.874999999999998796e-04,9.723390088590229130e-01
8.133116319444444464e-02,9.599999999999999159e-04,1.037916666666666588e-03,9.808298774396978503e-01
8.138368055555555980e-02,9.599999999999999159e-04,1.088333333333333297e-03,9.873003073875721292e-01
8.143619791666667496e-02,9.599999999999999159e-04,1.138749999999999788e-03,9.920647254455836617e-01
8.148871527777779011e-02,9.599999999999999159e-04,1.189166666666666497e-03,9.954182497716578260e-01
8.154123263888889139e-02,9.599999999999999159e-04,1.239583333333333206e-03,9.976366899387200116e-01
8.159375000000000655e-02,9.599999999999999159e-04,1.289999999999999914e-03,9.989765469346747473e-01
8.164626736111112171e-02,9.599999999999999159e-04,1.340416666666666623e-03,9.996750131624368985e-01
8.169878472222222299e-02,9.599999999999999159e-04,1.390833333333333114e-03,9.999499724399172340e-01
8.175130208333333814e-02,9.599999999999999159e-04,1.441249999999999823e-03,1.000000000000001110e+00
8.180381944444445330e-02,9.599999999999999159e-04,1.491666666666666531e-03,9.999999999999992228e-01
8.185633680555556846e-02,9.599999999999999159e-04,1.542083333333333240e-03,9.999999999999975575e-01
8.190885416666666974e-02,9.599999999999999159e-04,1.592499999999999732e-03,1.000000000000002442e+00
8.196137152777778490e-02,9.599999999999999159e-04,1.642916666666666440e-03,1.000000000000000444e+00
8.201388888888890005e-02,9.599999999999999159e-04,1.693333333333333149e-03,9.999999999999985567e-01
8.206640625000000133e-02,9.599999999999999159e-04,1.743749999999999857e-03,1.000000000000002665e+00
8.211892361111111649e-02,9.599999999999999159e-04,1.794166666666666566e-03,1.000000000000000888e+00
8.217144097222223165e-02,9.599999999999999159e-04,1.844583333333333058e-03,9.999999999999994449e-01
8.222395833333334680e-02,9.599999999999999159e-04,1.894999999999999766e-03,9.999999999999977796e-01
8.227647569444444808e-02,9.599999999999999159e-04,1.945416666666666475e-03,1.000000000000001998e+00
8.232899305555556324e-02,9.599999999999999159e-04,1.995833333333333400e-03,9.999999999999996669e-01
8.238151041666667840e-02,9.599999999999999159e-04,2.046249999999999892e-03,9.999999999999984457e-01
8.243402777777777968e-02,9.599999999999999159e-04,2.096666666666666817e-03,1.000000000000002220e+00
8.248654513888889483e-02,9.599999999999999159e-04,2.147083333333333309e-03,1.000000000000000666e+00
8.253906250000000999e-02,9.599999999999999159e-04,2.197499999999999801e-03,9.999999999999994449e-01
8.259157986111111127e-02,9.599999999999999159e-04,2.247916666666666726e-03,1.000000000000002887e+00
8.264409722222222643e-02,9.599999999999999159e-04,2.298333333333333218e-03,1.000000000000001332e+00
8.269661458333334159e-02,9.599999999999999159e-04,2.348750000000000143e-03,9.999999999999988898e-01
8.274913194444445674e-02,9.599999999999999159e-04,2.399166666666666635e-03,9.999999999999977796e-01
8.280164930555555802e-02,9.599999999999999159e-04,2.449583333333333127e-03,1.000000000000002665e+00
8.285416666666667318e-02,9.599999999999999159e-04,2.500000000000000052e-03,1.000000000000000222e+00
8.290668402777778834e-02,9.599999999999999159e-04,2.550416666666666544e-03,9.999999999999986677e-01
8.295920138888888962e-02,9.599999999999999159e-04,2.600833333333333469e-03,1.000000000000002442e+00
8.301171875000000477e-02,9.599999999999999159e-04,2.651249999999999961e-03,1.000000000000001110e+00
8.306423611111111993e-02,9.599999999999999159e-04,2.701666666666666453e-03,9.999999999999996669e-01
8.311675347222223509e-02,9.599999999999999159e-04,2.752083333333333378e-03,9.999999999999974465e-01
8.316927083333333637e-02,9.599999999999999159e-04,2.802499999999999870e-03,1.000000000000002220e+00
8.322178819444445153e-02,9.599999999999999159e-04,2.852916666666666361e-03,1.000000000000000888e+00
8.327430555555556668e-02,9.599999999999999159e-04,2.903333333333333287e-03,9.999999999999984457e-01
8.332682291666666796e-02,9.599999999999999159e-04,2.953749999999999779e-03,1.000000000000003109e+00
8.337934027777778312e-02,9.599999999999999159e-04,3.004166666666666704e-03,1.000000000000000666e+00
8.343185763888889828e-02,9.599999999999999159e-04,3.054583333333333196e-03,9.999999999999992228e-01
8.348437499999999956e-02,9.599999999999999159e-04,3.104999999999999687e-03,1.000000000000003775e+00
8.353689236111111471e-02,9.599999999999999159e-04,3.155416666666666613e-03,1.000000000000001332e+00
8.358940972222222987e-02,9.599999999999999159e-04,3.205833333333333104e-03,9.999999999999998890e-01
8.364192708333334503e-02,9.599999999999999159e-04,3.256250000000000030e-03,9.999999999999976685e-01
8.369444444444444631e-02,9.599999999999999159e-04,3.306666666666666522e-03,1.000000000000002442e+00
8.374696180555556146e-02,9.599999999999999159e-04,3.357083333333333013e-03,1.000000000000000888e+00
8.379947916666667662e-02,9.599999999999999159e-04,3.407499999999999939e-03,9.999999999999985567e-01
8.385199652777777790e-02,9.599999999999999159e-04,3.457916666666666430e-03,1.000000000000003109e+00
8.390451388888889306e-02,9.599999999999999159e-04,3.508333333333333356e-03,1.000000000000000666e+00
8.395703125000000822e-02,9.599999999999999159e-04,3.558749999999999847e-03,9.999999999999992228e-01
8.400954861111112337e-02,9.599999999999999159e-04,3.609166666666666339e-03,9.999999999999980016e-01
8.406206597222222465e-02,9.599999999999999159e-04,3.659583333333333265e-03,1.000000000000001776e+00
8.411458333333333981e-02,9.599999999999999159e-04,3.709999999999999756e-03,1.000000000000000444e+00
8.416710069444445497e-02,9.599999999999999159e-04,3.760416666666666682e-03,9.999999999999981126e-01
8.421961805555555625e-02,9.599999999999999159e-04,3.810833333333333173e-03,1.000000000000002887e+00
8.427213541666667140e-02,9.599999999999999159e-04,3.861249999999999665e-03,1.000000000000001332e+00
8.432465277777778656e-02,9.599999999999999159e-04,3.911666666666666591e-03,9.999999999999988898e-01
8.437717013888890172e-02,9.599999999999999159e-04,3.962083333333333082e-03,9.999999999999977796e-01
8.442968750000000300e-02,9.599999999999999159e-04,4.012499999999999574e-03,1.000000000000002665e+00
8.448220486111111815e-02,9.599999999999999159e-04,4.062916666666666066e-03,1.000000000000001110e+00
8.453472222222223331e-02,9.599999999999999159e-04,4.113333333333333425e-03,9.999999999999977796e-01
8.458723958333333459e-02,9.599999999999999159e-04,4.163749999999999916e-03,1.000000000000002442e+00
8.463975694444444975e-02,9.599999999999999159e-04,4.214166666666666408e-03,1.000000000000001110e+00
8.469227430555556491e-02,9.599999999999999159e-04,4.264583333333332900e-03,9.999999999999994449e-01
8.474479166666668006e-02,9.599999999999999159e-04,4.314999999999999392e-03,9.999999999999982236e-01
8.479730902777778134e-02,9.599999999999999159e-04,4.365416666666666751e-03,1.000000000000001332e+00
8.484982638888889650e-02,9.599999999999999159e-04,4.415833333333333242e-03,9.999999999999998890e-01
8.490234375000001166e-02,9.599999999999999159e-04,4.466249999999999734e-03,9.999999999999986677e-01
8.495486111111111294e-02,9.599999999999999159e-04,4.516666666666666226e-03,1.000000000000003331e+00
8.500737847222222809e-02,9.599999999999999159e-04,4.567083333333332718e-03,1.000000000000001554e+00
8.505989583333334325e-02,9.599999999999999159e-04,4.617500000000000077e-03,9.999999999999983347e-01
8.511241319444445841e-02,9.599999999999999159e-04,4.667916666666666568e-03,9.999999999999973355e-01
8.516493055555555969e-02,9.599999999999999159e-04,4.718333333333333060e-03,1.000000000000001998e+00
8.521744791666667485e-02,9.599999999999999159e-04,4.768749999999999552e-03,1.000000000000000666e+00
8.526996527777779000e-02,9.599999999999999159e-04,4.819166666666666043e-03,9.999999999999992228e-01
8.532248263888889128e-02,9.599999999999999159e-04,4.869583333333333403e-03,1.000000000000001998e+00
8.537500000000000644e-02,9.599999999999999159e-04,4.919999999999999894e-03,1.000000000000000444e+00
9.037500000000001088e-02,1.069999999999999988e-03,4.919999999999999894e-03,6.999999999999999556e-01
9.042751736111112604e-02,1.069999999999999988e-03,4.869583333333333403e-03,6.999999999999999556e-01
9.048003472222222732e-02,1.069999999999999988e-03,4.819166666666666911e-03,6.999999999999999556e-01
9.053255208333334247e-02,1.069999999999999988e-03,4.768749999999999552e-03,6.999999999999999556e-01
9.058506944444445763e-02,1.069999999999999988e-03,4.718333333333333060e-03,6.999999999999999556e-01
9.063758680555557279e-02,1.069999999999999988e-03,4.667916666666666568e-03,6.999999999999999556e-01
9.069010416666667407e-02,1.069999999999999988e-03,4.617500000000000077e-03,6.999999999999999556e-01
9.074262152777778923e-02,1.069999999999999988e-03,4.567083333333333585e-03,6.999999999999999556e-01
9.079513888888890438e-02,1.069999999999999988e-03,4.516666666666666226e-03,6.999999999999999556e-01
9.084765625000000566e-02,1.069999999999999988e-03,4.466249999999999734e-03,7.435632909958924674e-01
9.090017361111112082e-02,1.069999999999999988e-03,4.415833333333333242e-03,7.875732272295142833e-01
9.095269097222223598e-02,1.069999999999999988e-03,4.365416666666666751e-03,8.258639978187162223e-01
9.100520833333333726e-02,1.069999999999999988e-03,4.315000000000000259e-03,8.589238067714833891e-01
9.105772569444445241e-02,1.069999999999999988e-03,4.264583333333333767e-03,8.872215495107801386e-01
9.111024305555556757e-02,1.069999999999999988e-03,4.214166666666666408e-03,9.112068128745796081e-01
9.116276041666668273e-02,1.069999999999999988e-03,4.163749999999999916e-03,9.313098751158485067e-01
9.121527777777778401e-02,1.069999999999999988e-03,4.113333333333333425e-03,9.479417059025490033e-01
9.126779513888889916e-02,1.069999999999999988e-03,4.062916666666666933e-03,9.614939663176228501e-01
9.132031250000001432e-02,1.069999999999999988e-03,4.012500000000000441e-03,9.723390088590234681e-01
9.137282986111111560e-02,1.069999999999999988e-03,3.962083333333333082e-03,9.808298774396971842e-01
9.142534722222223076e-02,1.069999999999999988e-03,3.911666666666666591e-03,9.873003073875719071e-01
9.147786458333334592e-02,1.069999999999999988e-03,3.861250000000000099e-03,9.920647254455834396e-01
9.153038194444446107e-02,1.069999999999999988e-03,3.810833333333333607e-03,9.954182497716578260e-01
9.158289930555556235e-02,1.069999999999999988e-03,3.760416666666666682e-03,9.976366899387200116e-01
9.163541666666667751e-02,1.069999999999999988e-03,3.709999999999999756e-03,9.989765469346740812e-01
9.168793402777779267e-02,1.069999999999999988e-03,3.659583333333333265e-03,9.996750131624368985e-01
9.174045138888889395e-02,1.069999999999999988e-03,3.609166666666666773e-03,9.999499724399170120e-01
9.179296875000000910e-02,1.069999999999999988e-03,3.558750000000000281e-03,1.000000000000001554e+00
9.184548611111112426e-02,1.069999999999999988e-03,3.508333333333333356e-03,9.999999999999991118e-01
9.189800347222223942e-02,1.069999999999999988e-03,3.457916666666666430e-03,9.999999999999971134e-01
9.195052083333334070e-02,1.069999999999999988e-03,3.407499999999999939e-03,1.000000000000001776e+00
9.200303819444445586e-02,1.069999999999999988e-03,3.357083333333333447e-03,1.000000000000000444e+00
9.205555555555557101e-02,1.069999999999999988e-03,3.306666666666666955e-03,9.999999999999988898e-01
9.210807291666667229e-02,1.069999999999999988e-03,3.256250000000000030e-03,1.000000000000002665e+00
9.216059027777778745e-02,1.069999999999999988e-03,3.205833333333333104e-03,1.000000000000000444e+00
9.221310763888890261e-02,1.069999999999999988e-03,3.155416666666666613e-03,9.999999999999988898e-01
9.226562500000001776e-02,1.069999999999999988e-03,3.105000000000000121e-03,9.999999999999977796e-01
9.231814236111111904e-02,1.069999999999999988e-03,3.054583333333333629e-03,1.000000000000002665e+00
9.237065972222223420e-02,1.069999999999999988e-03,3.004166666666666704e-03,1.000000000000000222e+00
9.242317708333334936e-02,1.069999999999999988e-03,2.953750000000000212e-03,9.999999999999986677e-01
9.247569444444445064e-02,1.069999999999999988e-03,2.903333333333333287e-03,1.000000000000002442e+00
9.252821180555556579e-02,1.069999999999999988e-03,2.852916666666666795e-03,1.000000000000001110e+00
9.258072916666668095e-02,1.069999999999999988e-03,2.802500000000000303e-03,9.999999999999996669e-01
9.263324652777778223e-02,1.069999999999999988e-03,2.752083333333333378e-03,1.000000000000003109e+00
9.268576388888889739e-02,1.069999999999999988e-03,2.701666666666666886e-03,1.000000000000001554e+00
9.273828125000001255e-02,1.069999999999999988e-03,2.651249999999999961e-03,9.999999999999993339e-01
9.279079861111112770e-02,1.069999999999999988e-03,2.600833333333333469e-03,9.999999999999980016e-01
9.284331597222222898e-02,1.069999999999999988e-03,2.550416666666666977e-03,1.000000000000002887e+00
9.289583333333334414e-02,1.069999999999999988e-03,2.500000000000000052e-03,1.000000000000000444e+00
9.294835069444445930e-02,1.069999999999999988e-03,2.449583333333333560e-03,9.999999999999988898e-01
9.300086805555556058e-02,1.069999999999999988e-03,2.399166666666666635e-03,1.000000000000002665e+00
9.305338541666667573e-02,1.069999999999999988e-03,2.348750000000000143e-03,1.000000000000001110e+00
9.310590277777779089e-02,1.069999999999999988e-03,2.298333333333333652e-03,9.999999999999996669e-01
9.315842013888890605e-02,1.069999999999999988e-03,2.247916666666666726e-03,9.999999999999974465e-01
9.321093750000000733e-02,1.069999999999999988e-03,2.197500000000000234e-03,1.000000000000002442e+00
9.326345486111112248e-02,1.069999999999999988e-03,2.147083333333333743e-03,1.000000000000000888e+00
9.331597222222223764e-02,1.069999999999999988e-03,2.096666666666666817e-03,9.999999999999984457e-01
9.336848958333333892e-02,1.069999999999999988e-03,2.046250000000000326e-03,1.000000000000003109e+00
9.342100694444445408e-02,1.069999999999999988e-03,1.995833333333333400e-03,1.000000000000000666e+00
9.347352430555556924e-02,1.069999999999999988e-03,1.945416666666666908e-03,9.999999999999992228e-01
9.352604166666667052e-02,1.069999999999999988e-03,1.895000000000000417e-03,1.000000000000003775e+00
9.357855902777778567e-02,1.069999999999999988e-03,1.844583333333333491e-03,1.000000000000001332e+00
9.363107638888890083e-02,1.069999999999999988e-03,1.794166666666667000e-03,9.999999999999998890e-01
9.368359375000001599e-02,1.069999999999999988e-03,1.743750000000000074e-03,9.999999999999976685e-01
9.373611111111111727e-02,1.069999999999999988e-03,1.693333333333333583e-03,1.000000000000002442e+00
9.378862847222223242e-02,1.069999999999999988e-03,1.642916666666667091e-03,1.000000000000000888e+00
9.384114583333334758e-02,1.069999999999999988e-03,1.592500000000000165e-03,9.999999999999985567e-01
9.389366319444444886e-02,1.069999999999999988e-03,1.542083333333333674e-03,1.000000000000003109e+00
9.394618055555556402e-02,1.069999999999999988e-03,1.491666666666666748e-03,1.000000000000000666e+00
9.399869791666667918e-02,1.069999999999999988e-03,1.441250000000000257e-03,9.999999999999992228e-01
9.405121527777779433e-02,1.069999999999999988e-03,1.390833333333333765e-03,9.999999999999980016e-01
9.410373263888889561e-02,1.069999999999999988e-03,1.340416666666666839e-03,1.000000000000001776e+00
9.415625000000001077e-02,1.069999999999999988e-03,1.290000000000000348e-03,1.000000000000000444e+00
9.420876736111112593e-02,1.069999999999999988e-03,1.239583333333333422e-03,9.999999999999981126e-01
9.426128472222222721e-02,1.069999999999999988e-03,1.189166666666666931e-03,1.000000000000002887e+00
9.431380208333334236e-02,1.069999999999999988e-03,1.138750000000000439e-03,1.000000000000001332e+00
9.436631944444445752e-02,1.069999999999999988e-03,1.088333333333333514e-03,9.999999999999988898e-01
9.441883680555557268e-02,1.069999999999999988e-03,1.037916666666667022e-03,9.999999999999977796e-01
9.447135416666667396e-02,1.069999999999999988e-03,9.875000000000005301e-04,1.000000000000002665e+00
9.452387152777778911e-02,1.069999999999999988e-03,9.370833333333340384e-04,1.000000000000001110e+00
9.457638888888890427e-02,1.069999999999999988e-03,8.866666666666666793e-04,9.999999999999977796e-01
9.462890625000000555e-02,1.069999999999999988e-03,8.362500000000001876e-04,1.000000000000002442e+00
9.468142361111112071e-02,1.069999999999999988e-03,7.858333333333336959e-04,1.000000000000001110e+00
9.473394097222223587e-02,1.069999999999999988e-03,7.354166666666672042e-04,9.999999999999994449e-01
9.478645833333335102e-02,1.069999999999999988e-03,6.850000000000007125e-04,9.999999999999982236e-01
9.483897569444445230e-02,1.069999999999999988e-03,6.345833333333333534e-04,1.000000000000001332e+00
9.489149305555556746e-02,1.069999999999999988e-03,5.841666666666668617e-04,9.999999999999998890e-01
9.494401041666668262e-02,1.069999999999999988e-03,5.337500000000003700e-04,9.999999999999986677e-01
9.499652777777778390e-02,1.069999999999999988e-03,4.833333333333338783e-04,1.000000000000003331e+00
9.504904513888889905e-02,1.069999999999999988e-03,4.329166666666673866e-04,1.000000000000001554e+00
9.510156250000001421e-02,1.069999999999999988e-03,3.825000000000000275e-04,9.999999999999983347e-01
9.515407986111112937e-02,1.069999999999999988e-03,3.320833333333335358e-04,9.999999999999973355e-01
9.520659722222223065e-02,1.069999999999999988e-03,2.816666666666670440e-04,1.000000000000001998e+00
9.525911458333334580e-02,1.069999999999999988e-03,2.312500000000005523e-04,1.000000000000000666e+00
9.531163194444446096e-02,1.069999999999999988e-03,1.808333333333340606e-04,9.999999999999992228e-01
9.536414930555556224e-02,1.069999999999999988e-03,1.304166666666667015e-04,1.000000000000001998e+00
9.541666666666667740e-02,1.069999999999999988e-03,8.000000000000000654e-05,1.000000000000000222e+00
1.004166666666666818e-01,1.179999999999999842e-03,8.000000000000000654e-05,6.999999999999999556e-01
1.004691840277777970e-01,1.179999999999999842e-03,1.304166666666666744e-04,6.999999999999999556e-01
1.005217013888888983e-01,1.179999999999999842e-03,1.808333333333333288e-04,6.999999999999999556e-01
1.005742187500000134e-01,1.179999999999999842e-03,2.312500000000000102e-04,6.999999999999999556e-01
1.006267361111111286e-01,1.179999999999999842e-03,2.816666666666666646e-04,6.999999999999999556e-01
1.006792534722222437e-01,1.179999999999999842e-03,3.320833333333333189e-04,6.999999999999999556e-01
1.007317708333333450e-01,1.179999999999999842e-03,3.824999999999999733e-04,6.999999999999999556e-01
1.007842881944444602e-01,1.179999999999999842e-03,4.329166666666666276e-04,6.999999999999999556e-01
1.008368055555555753e-01,1.179999999999999842e-03,4.833333333333332820e-04,6.999999999999999556e-01
1.008893229166666766e-01,1.179999999999999842e-03,5.337499999999999363e-04,7.435632909958926895e-01
1.009418402777777918e-01,1.179999999999999842e-03,5.841666666666666449e-04,7.875732272295142833e-01
1.009943576388889069e-01,1.179999999999999842e-03,6.345833333333332450e-04,8.258639978187160002e-01
1.010468750000000082e-01,1.179999999999999842e-03,6.849999999999999535e-04,8.589238067714828340e-01
1.010993923611111234e-01,1.179999999999999842e-03,7.354166666666665537e-04,8.872215495107795835e-01
1.011519097222222385e-01,1.179999999999999842e-03,7.858333333333332622e-04,9.112068128745800522e-01
1.012044270833333537e-01,1.179999999999999842e-03,8.362499999999998624e-04,9.313098751158487287e-01
1.012569444444444550e-01,1.179999999999999842e-03,8.866666666666665709e-04,9.479417059025488923e-01
1.013094618055555701e-01,1.179999999999999842e-03,9.370833333333332795e-04,9.614939663176222950e-01
1.013619791666666853e-01,1.179999999999999842e-03,9.874999999999998796e-04,9.723390088590229130e-01
1.014144965277777866e-01,1.179999999999999842e-03,1.037916666666666588e-03,9.808298774396978503e-01
1.014670138888889017e-01,1.179999999999999842e-03,1.088333333333333297e-03,9.873003073875721292e-01
1.015195312500000169e-01,1.179999999999999842e-03,1.138749999999999788e-03,9.920647254455836617e-01
1.015720486111111320e-01,1.179999999999999842e-03,1.189166666666666497e-03,9.954182497716578260e-01
1.016245659722222333e-01,1.179999999999999842e-03,1.239583333333333206e-03,9.976366899387200116e-01
1.016770833333333485e-01,1.179999999999999842e-03,1.289999999999999914e-03,9.989765469346747473e-01
1.017296006944444636e-01,1.179999999999999842e-03,1.340416666666666623e-03,9.996750131624368985e-01
1.017821180555555649e-01,1.179999999999999842e-03,1.390833333333333114e-03,9.999499724399172340e-01
1.018346354166666801e-01,1.179999999999999842e-03,1.441249999999999823e-03,1.000000000000001110e+00
1.018871527777777952e-01,1.179999999999999842e-03,1.491666666666666531e-03,9.999999999999992228e-01
1.019396701388889104e-01,1.179999999999999842e-03,1.542083333333333240e-03,9.999999999999975575e-01
1.019921875000000117e-01,1.179999999999999842e-03,1.592499999999999732e-03,1.000000000000002442e+00
1.020447048611111268e-01,1.179999999999999842e-03,1.642916666666666440e-03,1.000000000000000444e+00
1.020972222222222420e-01,1.179999999999999842e-03,1.693333333333333149e-03,9.999999999999985567e-01
1.021497395833333433e-01,1.179999999999999842e-03,1.743749999999999857e-03,1.000000000000002665e+00
1.022022569444444584e-01,1.179999999999999842e-03,1.794166666666666566e-03,1.000000000000000888e+00
1.022547743055555736e-01,1.179999999999999842e-03,1.844583333333333058e-03,9.999999999999994449e-01
1.023072916666666887e-01,1.179999999999999842e-03,1.894999999999999766e-03,9.999999999999977796e-01
1.023598090277777900e-01,1.179999999999999842e-03,1.945416666666666475e-03,1.000000000000001998e+00
1.024123263888889052e-01,1.179999999999999842e-03,1.995833333333333400e-03,9.999999999999996669e-01
1.024648437500000203e-01,1.179999999999999842e-03,2.046249999999999892e-03,9.999999999999984457e-01
1.025173611111111216e-01,1.179999999999999842e-03,2.096666666666666817e-03,1.000000000000002220e+00
1.025698784722222368e-01,1.179999999999999842e-03,2.147083333333333309e-03,1.000000000000000666e+00
1.026223958333333519e-01,1.179999999999999842e-03,2.197499999999999801e-03,9.999999999999994449e-01
1.026749131944444532e-01,1.179999999999999842e-03,2.247916666666666726e-03,1.000000000000002887e+00
1.027274305555555683e-01,1.179999999999999842e-03,2.298333333333333218e-03,1.000000000000001332e+00
1.027799479166666835e-01,1.179999999999999842e-03,2.348750000000000143e-03,9.999999999999988898e-01
1.028324652777777987e-01,1.179999999999999842e-03,2.399166666666666635e-03,9.999999999999977796e-01
1.028849826388888999e-01,1.179999999999999842e-03,2.449583333333333127e-03,1.000000000000002665e+00
1.029375000000000151e-01,1.179999999999999842e-03,2.500000000000000052e-03,1.000000000000000222e+00
1.029900173611111303e-01,1.179999999999999842e-03,2.550416666666666544e-03,9.999999999999986677e-01
1.030425347222222315e-01,1.179999999999999842e-03,2.600833333333333469e-03,1.000000000000002442e+00
1.030950520833333467e-01,1.179999999999999842e-03,2.651249999999999961e-03,1.000000000000001110e+00
1.031475694444444619e-01,1.179999999999999842e-03,2.701666666666666453e-03,9.999999999999996669e-01
1.032000868055555770e-01,1.179999999999999842e-03,2.752083333333333378e-03,9.999999999999974465e-01
1.032526041666666783e-01,1.179999999999999842e-03,2.802499999999999870e-03,1.000000000000002220e+00
1.033051215277777934e-01,1.179999999999999842e-03,2.852916666666666361e-03,1.000000000000000888e+00
1.033576388888889086e-01,1.179999999999999842e-03,2.903333333333333287e-03,9.999999999999984457e-01
1.034101562500000099e-01,1.179999999999999842e-03,2.953749999999999779e-03,1.000000000000003109e+00
1.034626736111111250e-01,1.179999999999999842e-03,3.004166666666666704e-03,1.000000000000000666e+00
1.035151909722222402e-01,1.179999999999999842e-03,3.054583333333333196e-03,9.999999999999992228e-01
1.035677083333333415e-01,1.179999999999999842e-03,3.104999999999999687e-03,1.000000000000003775e+00
1.036202256944444566e-01,1.179999999999999842e-03,3.155416666666666613e-03,1.000000000000001332e+00
1.036727430555555718e-01,1.179999999999999842e-03,3.205833333333333104e-03,9.999999999999998890e-01
1.037252604166666869e-01,1.179999999999999842e-03,3.256250000000000030e-03,9.999999999999976685e-01
1.037777777777777882e-01,1.179999999999999842e-03,3.306666666666666522e-03,1.000000000000002442e+00
1.038302951388889034e-01,1.179999999999999842e-03,3.357083333333333013e-03,1.000000000000000888e+00
1.038828125000000185e-01,1.179999999999999842e-03,3.407499999999999939e-03,9.999999999999985567e-01
1.039353298611111198e-01,1.179999999999999842e-03,3.457916666666666430e-03,1.000000000000003109e+00
1.039878472222222350e-01,1.179999999999999842e-03,3.508333333333333356e-03,1.000000000000000666e+00
1.040403645833333501e-01,1.179999999999999842e-03,3.558749999999999847e-03,9.999999999999992228e-01
1.040928819444444653e-01,1.179999999999999842e-03,3.609166666666666339e-03,9.999999999999980016e-01
1.041453993055555666e-01,1.179999999999999842e-03,3.659583333333333265e-03,1.000000000000001776e+00
1.041979166666666817e-01,1.179999999999999842e-03,3.709999999999999756e-03,1.000000000000000444e+00
1.042504340277777969e-01,1.179999999999999842e-03,3.760416666666666682e-03,9.999999999999981126e-01
1.043029513888888982e-01,1.179999999999999842e-03,3.810833333333333173e-03,1.000000000000002887e+00
1.043554687500000133e-01,1.179999999999999842e-03,3.861249999999999665e-03,1.000000000000001332e+00
1.044079861111111285e-01,1.179999999999999842e-03,3.911666666666666591e-03,9.999999999999988898e-01
1.044605034722222436e-01,1.179999999999999842e-03,3.962083333333333082e-03,9.999999999999977796e-01
1.045130208333333449e-01,1.179999999999999842e-03,4.012499999999999574e-03,1.000000000000002665e+00
1.045655381944444601e-01,1.179999999999999842e-03,4.062916666666666066e-03,1.000000000000001110e+00
1.046180555555555752e-01,1.179999999999999842e-03,4.113333333333333425e-03,9.999999999999977796e-01
1.046705729166666765e-01,1.179999999999999842e-03,4.163749999999999916e-03,1.000000000000002442e+00
1.047230902777777917e-01,1.179999999999999842e-03,4.214166666666666408e-03,1.000000000000001110e+00
1.047756076388889068e-01,1.179999999999999842e-03,4.264583333333332900e-03,9.999999999999994449e-01
1.048281250000000220e-01,1.179999999999999842e-03,4.314999999999999392e-03,9.999999999999982236e-01
1.048806423611111233e-01,1.179999999999999842e-03,4.365416666666666751e-03,1.000000000000001332e+00
1.049331597222222384e-01,1.179999999999999842e-03,4.415833333333333242e-03,9.999999999999998890e-01
1.049856770833333536e-01,1.179999999999999842e-03,4.466249999999999734e-03,9.999999999999986677e-01
1.050381944444444549e-01,1.179999999999999842e-03,4.516666666666666226e-03,1.000000000000003331e+00
1.050907118055555700e-01,1.179999999999999842e-03,4.567083333333332718e-03,1.000000000000001554e+00
1.051432291666666852e-01,1.179999999999999842e-03,4.617500000000000077e-03,9.999999999999983347e-01
1.051957465277778003e-01,1.179999999999999842e-03,4.667916666666666568e-03,9.999999999999973355e-01
1.052482638888889016e-01,1.179999999999999842e-03,4.718333333333333060e-03,1.000000000000001998e+00
1.053007812500000168e-01,1.179999999999999842e-03,4.768749999999999552e-03,1.000000000000000666e+00
1.053532986111111319e-01,1.179999999999999842e-03,4.819166666666666043e-03,9.999999999999992228e-01
1.054058159722222332e-01,1.179999999999999842e-03,4.869583333333333403e-03,1.000000000000001998e+00
1.054583333333333484e-01,1.179999999999999842e-03,4.919999999999999894e-03,1.000000000000000444e+00
1.104583333333333528e-01,1.289999999999999914e-03,4.919999999999999894e-03,6.999999999999999556e-01
1.105108506944444680e-01,1.289999999999999914e-03,4.869583333333333403e-03,6.999999999999999556e-01
1.105633680555555692e-01,1.289999999999999914e-03,4.819166666666666911e-03,6.999999999999999556e-01
1.106158854166666844e-01,1.289999999999999914e-03,4.768749999999999552e-03,6.999999999999999556e-01
1.106684027777777996e-01,1.289999999999999914e-03,4.718333333333333060e-03,6.999999999999999556e-01
1.107209201388889147e-01,1.289999999999999914e-03,4.667916666666666568e-03,6.999999999999999556e-01
1.107734375000000160e-01,1.289999999999999914e-03,4.617500000000000077e-03,6.999999999999999556e-01
1.108259548611111311e-01,1.289999999999999914e-03,4.567083333333333585e-03,6.999999999999999556e-01
1.108784722222222463e-01,1.289999999999999914e-03,4.516666666666666226e-03,6.999999999999999556e-01
1.109309895833333476e-01,1.289999999999999914e-03,4.466249999999999734e-03,7.435632909958924674e-01
1.109835069444444627e-01,1.289999999999999914e-03,4.415833333333333242e-03,7.875732272295142833e-01
1.110360243055555779e-01,1.289999999999999914e-03,4.365416666666666751e-03,8.258639978187162223e-01
1.110885416666666792e-01,1.289999999999999914e-03,4.315000000000000259e-03,8.589238067714833891e-01
1.111410590277777943e-01,1.289999999999999914e-03,4.264583333333333767e-03,8.872215495107801386e-01
1.111935763888889095e-01,1.289999999999999914e-03,4.214166666666666408e-03,9.112068128745796081e-01
1.112460937500000246e-01,1.289999999999999914e-03,4.163749999999999916e-03,9.313098751158485067e-01
1.112986111111111259e-01,1.289999999999999914e-03,4.113333333333333425e-03,9.479417059025490033e-01
1.113511284722222411e-01,1.289999999999999914e-03,4.062916666666666933e-03,9.614939663176228501e-01
1.114036458333333562e-01,1.289999999999999914e-03,4.012500000000000441e-03,9.723390088590234681e-01
1.114561631944444575e-01,1.289999999999999914e-03,3.962083333333333082e-03,9.808298774396971842e-01
1.115086805555555727e-01,1.289999999999999914e-03,3.911666666666666591e-03,9.873003073875719071e-01
1.115611979166666878e-01,1.289999999999999914e-03,3.861250000000000099e-03,9.920647254455834396e-01
1.116137152777778030e-01,1.289999999999999914e-03,3.810833333333333607e-03,9.954182497716578260e-01
1.116662326388889043e-01,1.289999999999999914e-03,3.760416666666666682e-03,9.976366899387200116e-01
1.117187500000000194e-01,1.289999999999999914e-03,3.709999999999999756e-03,9.989765469346740812e-01
1.117712673611111346e-01,1.289999999999999914e-03,3.659583333333333265e-03,9.996750131624368985e-01
1.118237847222222359e-01,1.289999999999999914e-03,3.609166666666666773e-03,9.999499724399170120e-01
1.118763020833333510e-01,1.289999999999999914e-03,3.558750000000000281e-03,1.000000000000001554e+00
1.119288194444444662e-01,1.289999999999999914e-03,3.508333333333333356e-03,9.999999999999991118e-01
1.119813368055555813e-01,1.289999999999999914e-03,3.457916666666666430e-03,9.999999999999971134e-01
1.120338541666666826e-01,1.289999999999999914e-03,3.407499999999999939e-03,1.000000000000001776e+00
1.120863715277777978e-01,1.289999999999999914e-03,3.357083333333333447e-03,1.000000000000000444e+00
1.121388888888889129e-01,1.289999999999999914e-03,3.306666666666666955e-03,9.999999999999988898e-01
1.121914062500000142e-01,1.289999999999999914e-03,3.256250000000000030e-03,1.000000000000002665e+00
1.122439236111111294e-01,1.289999999999999914e-03,3.205833333333333104e-03,1.000000000000000444e+00
1.122964409722222445e-01,1.289999999999999914e-03,3.155416666666666613e-03,9.999999999999988898e-01
1.123489583333333597e-01,1.289999999999999914e-03,3.105000000000000121e-03,9.999999999999977796e-01
1.124014756944444610e-01,1.289999999999999914e-03,3.054583333333333629e-03,1.000000000000002665e+00
1.124539930555555761e-01,1.289999999999999914e-03,3.004166666666666704e-03,1.000000000000000222e+00
1.125065104166666913e-01,1.289999999999999914e-03,2.953750000000000212e-03,9.999999999999986677e-01
1.125590277777777926e-01,1.289999999999999914e-03,2.903333333333333287e-03,1.000000000000002442e+00
1.126115451388889077e-01,1.289999999999999914e-03,2.852916666666666795e-03,1.000000000000001110e+00
1.126640625000000229e-01,1.289999999999999914e-03,2.802500000000000303e-03,9.999999999999996669e-01
1.127165798611111242e-01,1.289999999999999914e-03,2.752083333333333378e-03,1.000000000000003109e+00
1.127690972222222393e-01,1.289999999999999914e-03,2.701666666666666886e-03,1.000000000000001554e+00
1.128216145833333545e-01,1.289999999999999914e-03,2.651249999999999961e-03,9.999999999999993339e-01
1.128741319444444696e-01,1.289999999999999914e-03,2.600833333333333469e-03,9.999999999999980016e-01
1.129266493055555709e-01,1.289999999999999914e-03,2.550416666666666977e-03,1.000000000000002887e+00
1.129791666666666861e-01,1.289999999999999914e-03,2.500000000000000052e-03,1.000000000000000444e+00
1.130316840277778012e-01,1.289999999999999914e-03,2.449583333333333560e-03,9.999999999999988898e-01
1.130842013888889025e-01,1.289999999999999914e-03,2.399166666666666635e-03,1.000000000000002665e+00
1.131367187500000177e-01,1.289999999999999914e-03,2.348750000000000143e-03,1.000000000000001110e+00
1.131892361111111328e-01,1.289999999999999914e-03,2.298333333333333652e-03,9.999999999999996669e-01
1.132417534722222480e-01,1.289999999999999914e-03,2.247916666666666726e-03,9.999999999999974465e-01
1.132942708333333492e-01,1.289999999999999914e-03,2.197500000000000234e-03,1.000000000000002442e+00
1.133467881944444644e-01,1.289999999999999914e-03,2.147083333333333743e-03,1.000000000000000888e+00
1.133993055555555796e-01,1.289999999999999914e-03,2.096666666666666817e-03,9.999999999999984457e-01
1.134518229166666808e-01,1.289999999999999914e-03,2.046250000000000326e-03,1.000000000000003109e+00
1.135043402777777960e-01,1.289999999999999914e-03,1.995833333333333400e-03,1.000000000000000666e+00
1.135568576388889112e-01,1.289999999999999914e-03,1.945416666666666908e-03,9.999999999999992228e-01
1.136093750000000124e-01,1.289999999999999914e-03,1.895000000000000417e-03,1.000000000000003775e+00
1.136618923611111276e-01,1.289999999999999914e-03,1.844583333333333491e-03,1.000000000000001332e+00
1.137144097222222427e-01,1.289999999999999914e-03,1.794166666666667000e-03,9.999999999999998890e-01
1.137669270833333579e-01,1.289999999999999914e-03,1.743750000000000074e-03,9.999999999999976685e-01
1.138194444444444592e-01,1.289999999999999914e-03,1.693333333333333583e-03,1.000000000000002442e+00
1.138719618055555743e-01,1.289999999999999914e-03,1.642916666666667091e-03,1.000000000000000888e+00
1.139244791666666895e-01,1.289999999999999914e-03,1.592500000000000165e-03,9.999999999999985567e-01
1.139769965277777908e-01,1.289999999999999914e-03,1.542083333333333674e-03,1.000000000000003109e+00
1.140295138888889059e-01,1.289999999999999914e-03,1.491666666666666748e-03,1.000000000000000666e+00
1.140820312500000211e-01,1.289999999999999914e-03,1.441250000000000257e-03,9.999999999999992228e-01
1.141345486111111363e-01,1.289999999999999914e-03,1.390833333333333765e-03,9.999999999999980016e-01
1.141870659722222375e-01,1.289999999999999914e-03,1.340416666666666839e-03,1.000000000000001776e+00
1.142395833333333527e-01,1.289999999999999914e-03,1.290000000000000348e-03,1.000000000000000444e+00
1.142921006944444678e-01,1.289999999999999914e-03,1.239583333333333422e-03,9.999999999999981126e-01
1.143446180555555691e-01,1.289999999999999914e-03,1.189166666666666931e-03,1.000000000000002887e+00
1.143971354166666843e-01,1.289999999999999914e-03,1.138750000000000439e-03,1.000000000000001332e+00
1.144496527777777994e-01,1.289999999999999914e-03,1.088333333333333514e-03,9.999999999999988898e-01
1.145021701388889146e-01,1.289999999999999914e-03,1.037916666666667022e-03,9.999999999999977796e-01
1.145546875000000159e-01,1.289999999999999914e-03,9.875000000000005301e-04,1.000000000000002665e+00
1.146072048611111310e-01,1.289999999999999914e-03,9.370833333333340384e-04,1.000000000000001110e+00
1.146597222222222462e-01,1.289999999999999914e-03,8.866666666666666793e-04,9.999999999999977796e-01
1.147122395833333475e-01,1.289999999999999914e-03,8.362500000000001876e-04,1.000000000000002442e+00
1.147647569444444626e-01,1.289999999999999914e-03,7.858333333333336959e-04,1.000000000000001110e+00
1.148172743055555778e-01,1.289999999999999914e-03,7.354166666666672042e-04,9.999999999999994449e-01
1.148697916666666929e-01,1.289999999999999914e-03,6.850000000000007125e-04,9.999999999999982236e-01
1.149223090277777942e-01,1.289999999999999914e-03,6.345833333333333534e-04,1.000000000000001332e+00
1.149748263888889094e-01,1.289999999999999914e-03,5.841666666666668617e-04,9.999999999999998890e-01
1.150273437500000245e-01,1.289999999999999914e-03,5.337500000000003700e-04,9.999999999999986677e-01
1.150798611111111258e-01,1.289999999999999914e-03,4.833333333333338783e-04,1.000000000000003331e+00
1.151323784722222410e-01,1.289999999999999914e-03,4.329166666666673866e-04,1.000000000000001554e+00
1.151848958333333561e-01,1.289999999999999914e-03,3.825000000000000275e-04,9.999999999999983347e-01
1.152374131944444713e-01,1.289999999999999914e-03,3.320833333333335358e-04,9.999999999999973355e-01
1.152899305555555726e-01,1.289999999999999914e-03,2.816666666666670440e-04,1.000000000000001998e+00
1.153424479166666877e-01,1.289999999999999914e-03,2.312500000000005523e-04,1.000000000000000666e+00
1.153949652777778029e-01,1.289999999999999914e-03,1.808333333333340606e-04,9.999999999999992228e-01
1.154474826388889042e-01,1.289999999999999914e-03,1.304166666666667015e-04,1.000000000000001998e+00
1.155000000000000193e-01,1.289999999999999914e-03,8.000000000000000654e-05,1.000000000000000222e+00
1.205000000000000238e-01,1.399999999999999986e-03,8.000000000000000654e-05,6.999999999999999556e-01
1.205525173611111389e-01,1.399999999999999986e-03,1.304166666666666744e-04,6.999999999999999556e-01
1.206050347222222402e-01,1.399999999999999986e-03,1.808333333333333288e-04,6.999999999999999556e-01
1.206575520833333554e-01,1.399999999999999986e-03,2.312500000000000102e-04,6.999999999999999556e-01
1.207100694444444705e-01,1.399999999999999986e-03,2.816666666666666646e-04,6.999999999999999556e-01
1.207625868055555857e-01,1.399999999999999986e-03,3.320833333333333189e-04,6.999999999999999556e-01
1.208151041666666869e-01,1.399999999999999986e-03,3.824999999999999733e-04,6.999999999999999556e-01
1.208676215277778021e-01,1.399999999999999986e-03,4.329166666666666276e-04,6.999999999999999556e-01
1.209201388888889173e-01,1.399999999999999986e-03,4.833333333333332820e-04,6.999999999999999556e-01
1.209726562500000185e-01,1.399999999999999986e-03,5.337499999999999363e-04,7.435632909958926895e-01
1.210251736111111337e-01,1.399999999999999986e-03,5.841666666666666449e-04,7.875732272295142833e-01
1.210776909722222489e-01,1.399999999999999986e-03,6.345833333333332450e-04,8.258639978187160002e-01
1.211302083333333501e-01,1.399999999999999986e-03,6.849999999999999535e-04,8.589238067714828340e-01
1.211827256944444653e-01,1.399999999999999986e-03,7.354166666666665537e-04,8.872215495107795835e-01
1.212352430555555804e-01,1.399999999999999986e-03,7.858333333333332622e-04,9.112068128745800522e-01
1.212877604166666956e-01,1.399999999999999986e-03,8.362499999999998624e-04,9.313098751158487287e-01
1.213402777777777969e-01,1.399999999999999986e-03,8.866666666666665709e-04,9.479417059025488923e-01
1.213927951388889120e-01,1.399999999999999986e-03,9.370833333333332795e-04,9.614939663176222950e-01
1.214453125000000272e-01,1.399999999999999986e-03,9.874999999999998796e-04,9.723390088590229130e-01
1.214978298611111285e-01,1.399999999999999986e-03,1.037916666666666588e-03,9.808298774396978503e-01
1.215503472222222436e-01,1.399999999999999986e-03,1.088333333333333297e-03,9.873003073875721292e-01
1.216028645833333588e-01,1.399999999999999986e-03,1.138749999999999788e-03,9.920647254455836617e-01
1.216553819444444740e-01,1.399999999999999986e-03,1.189166666666666497e-03,9.954182497716578260e-01
1.217078993055555752e-01,1.399999999999999986e-03,1.239583333333333206e-03,9.976366899387200116e-01
1.217604166666666904e-01,1.399999999999999986e-03,1.289999999999999914e-03,9.989765469346747473e-01
1.218129340277778055e-01,1.399999999999999986e-03,1.340416666666666623e-03,9.996750131624368985e-01
1.218654513888889068e-01,1.399999999999999986e-03,1.390833333333333114e-03,9.999499724399172340e-01
1.219179687500000220e-01,1.399999999999999986e-03,1.441249999999999823e-03,1.000000000000001110e+00
1.219704861111111371e-01,1.399999999999999986e-03,1.491666666666666531e-03,9.999999999999992228e-01
1.220230034722222523e-01,1.399999999999999986e-03,1.542083333333333240e-03,9.999999999999975575e-01
1.220755208333333536e-01,1.399999999999999986e-03,1.592499999999999732e-03,1.000000000000002442e+00
1.221280381944444687e-01,1.399999999999999986e-03,1.642916666666666440e-03,1.000000000000000444e+00
1.221805555555555839e-01,1.399999999999999986e-03,1.693333333333333149e-03,9.999999999999985567e-01
1.222330729166666852e-01,1.399999999999999986e-03,1.743749999999999857e-03,1.000000000000002665e+00
1.222855902777778003e-01,1.399999999999999986e-03,1.794166666666666566e-03,1.000000000000000888e+00
1.223381076388889155e-01,1.399999999999999986e-03,1.844583333333333058e-03,9.999999999999994449e-01
1.223906250000000306e-01,1.399999999999999986e-03,1.894999999999999766e-03,9.999999999999977796e-01
1.224431423611111319e-01,1.399999999999999986e-03,1.945416666666666475e-03,1.000000000000001998e+00
1.224956597222222471e-01,1.399999999999999986e-03,1.995833333333333400e-03,9.999999999999996669e-01
1.225481770833333622e-01,1.399999999999999986e-03,2.046249999999999892e-03,9.999999999999984457e-01
1.226006944444444635e-01,1.399999999999999986e-03,2.096666666666666817e-03,1.000000000000002220e+00
1.226532118055555787e-01,1.399999999999999986e-03,2.147083333333333309e-03,1.000000000000000666e+00
1.227057291666666938e-01,1.399999999999999986e-03,2.197499999999999801e-03,9.999999999999994449e-01
1.227582465277777951e-01,1.399999999999999986e-03,2.247916666666666726e-03,1.000000000000002887e+00
1.228107638888889103e-01,1.399999999999999986e-03,2.298333333333333218e-03,1.000000000000001332e+00
1.228632812500000254e-01,1.399999999999999986e-03,2.348750000000000143e-03,9.999999999999988898e-01
1.229157986111111406e-01,1.399999999999999986e-03,2.399166666666666635e-03,9.999999999999977796e-01
1.229683159722222419e-01,1.399999999999999986e-03,2.449583333333333127e-03,1.000000000000002665e+00
1.230208333333333570e-01,1.399999999999999986e-03,2.500000000000000052e-03,1.000000000000000222e+00
1.230733506944444722e-01,1.399999999999999986e-03,2.550416666666666544e-03,9.999999999999986677e-01
1.231258680555555735e-01,1.399999999999999986e-03,2.600833333333333469e-03,1.000000000000002442e+00
1.231783854166666886e-01,1.399999999999999986e-03,2.651249999999999961e-03,1.000000000000001110e+00
1.232309027777778038e-01,1.399999999999999986e-03,2.701666666666666453e-03,9.999999999999996669e-01
1.232834201388889189e-01,1.399999999999999986e-03,2.752083333333333378e-03,9.999999999999974465e-01
1.233359375000000202e-01,1.399999999999999986e-03,2.802499999999999870e-03,1.000000000000002220e+00
1.233884548611111354e-01,1.399999999999999986e-03,2.852916666666666361e-03,1.000000000000000888e+00
1.234409722222222505e-01,1.399999999999999986e-03,2.903333333333333287e-03,9.999999999999984457e-01
1.234934895833333518e-01,1.399999999999999986e-03,2.953749999999999779e-03,1.000000000000003109e+00
1.235460069444444670e-01,1.399999999999999986e-03,3.004166666666666704e-03,1.000000000000000666e+00
1.235985243055555821e-01,1.399999999999999986e-03,3.054583333333333196e-03,9.999999999999992228e-01
1.236510416666666834e-01,1.399999999999999986e-03,3.104999999999999687e-03,1.000000000000003775e+00
1.237035590277777986e-01,1.399999999999999986e-03,3.155416666666666613e-03,1.000000000000001332e+00
1.237560763888889137e-01,1.399999999999999986e-03,3.205833333333333104e-03,9.999999999999998890e-01
1.238085937500000289e-01,1.399999999999999986e-03,3.256250000000000030e-03,9.999999999999976685e-01
1.238611111111111301e-01,1.399999999999999986e-03,3.306666666666666522e-03,1.000000000000002442e+00
1.239136284722222453e-01,1.399999999999999986e-03,3.357083333333333013e-03,1.000000000000000888e+00
1.239661458333333605e-01,1.399999999999999986e-03,3.407499999999999939e-03,9.999999999999985567e-01
1.240186631944444617e-01,1.399999999999999986e-03,3.457916666666666430e-03,1.000000000000003109e+00
1.240711805555555769e-01,1.399999999999999986e-03,3.508333333333333356e-03,1.000000000000000666e+00
1.241236979166666921e-01,1.399999999999999986e-03,3.558749999999999847e-03,9.999999999999992228e-01
1.241762152777778072e-01,1.399999999999999986e-03,3.609166666666666339e-03,9.999999999999980016e-01
1.242287326388889085e-01,1.399999999999999986e-03,3.659583333333333265e-03,1.000000000000001776e+00
1.242812500000000236e-01,1.399999999999999986e-03,3.709999999999999756e-03,1.000000000000000444e+00
1.243337673611111388e-01,1.399999999999999986e-03,3.760416666666666682e-03,9.999999999999981126e-01
1.243862847222222401e-01,1.399999999999999986e-03,3.810833333333333173e-03,1.000000000000002887e+00
1.244388020833333552e-01,1.399999999999999986e-03,3.861249999999999665e-03,1.000000000000001332e+00
1.244913194444444704e-01,1.399999999999999986e-03,3.911666666666666591e-03,9.999999999999988898e-01
1.245438368055555856e-01,1.399999999999999986e-03,3.962083333333333082e-03,9.999999999999977796e-01
1.245963541666666868e-01,1.399999999999999986e-03,4.012499999999999574e-03,1.000000000000002665e+00
1.246488715277778020e-01,1.399999999999999986e-03,4.062916666666666066e-03,1.000000000000001110e+00
1.247013888888889172e-01,1.399999999999999986e-03,4.113333333333333425e-03,9.999999999999977796e-01
1.247539062500000184e-01,1.399999999999999986e-03,4.163749999999999916e-03,1.000000000000002442e+00
1.248064236111111336e-01,1.399999999999999986e-03,4.214166666666666408e-03,1.000000000000001110e+00
1.248589409722222487e-01,1.399999999999999986e-03,4.264583333333332900e-03,9.999999999999994449e-01
1.249114583333333639e-01,1.399999999999999986e-03,4.314999999999999392e-03,9.999999999999982236e-01
1.249639756944444652e-01,1.399999999999999986e-03,4.365416666666666751e-03,1.000000000000001332e+00
1.250164930555555665e-01,1.399999999999999986e-03,4.415833333333333242e-03,1.000000000000005773e+00
1.250690104166666816e-01,1.399999999999999986e-03,4.466249999999999734e-03,1.000000000000003775e+00
1.251215277777777968e-01,1.399999999999999986e-03,4.516666666666666226e-03,1.000000000000001998e+00
1.251740451388889119e-01,1.399999999999999986e-03,4.567083333333332718e-03,1.000000000000000444e+00
1.252265625000000271e-01,1.399999999999999986e-03,4.617500000000000077e-03,9.999999999999974465e-01
1.252790798611111422e-01,1.399999999999999986e-03,4.667916666666666568e-03,9.999999999999963363e-01
1.253315972222222574e-01,1.399999999999999986e-03,4.718333333333333060e-03,9.999999999999956701e-01
1.253841145833333448e-01,1.399999999999999986e-03,4.768749999999999552e-03,1.000000000000006217e+00
1.254366319444444600e-01,1.399999999999999986e-03,4.819166666666666043e-03,1.000000000000004219e+00
1.254891493055555751e-01,1.399999999999999986e-03,4.869583333333333403e-03,1.000000000000000888e+00
1.255416666666666903e-01,1.399999999999999986e-03,4.919999999999999894e-03,9.999999999999994449e-01
1.305416666666666947e-01,1.509999999999999841e-03,4.919999999999999894e-03,6.999999999999999556e-01
1.305941840277778099e-01,1.509999999999999841e-03,4.869583333333333403e-03,6.999999999999999556e-01
1.306467013888889250e-01,1.509999999999999841e-03,4.819166666666666911e-03,6.999999999999999556e-01
1.306992187500000402e-01,1.509999999999999841e-03,4.768749999999999552e-03,6.999999999999999556e-01
1.307517361111111276e-01,1.509999999999999841e-03,4.718333333333333060e-03,6.999999999999999556e-01
1.308042534722222427e-01,1.509999999999999841e-03,4.667916666666666568e-03,6.999999999999999556e-01
1.308567708333333579e-01,1.509999999999999841e-03,4.617500000000000077e-03,6.999999999999999556e-01
1.309092881944444731e-01,1.509999999999999841e-03,4.567083333333333585e-03,6.999999999999999556e-01
1.309618055555555882e-01,1.509999999999999841e-03,4.516666666666666226e-03,6.999999999999999556e-01
1.310143229166667034e-01,1.509999999999999841e-03,4.466249999999999734e-03,7.435632909958883596e-01
1.310668402777778185e-01,1.509999999999999841e-03,4.415833333333333242e-03,7.875732272295105085e-01
1.311193576388889059e-01,1.509999999999999841e-03,4.365416666666666751e-03,8.258639978187217734e-01
1.311718750000000211e-01,1.509999999999999841e-03,4.315000000000000259e-03,8.589238067714835001e-01
1.312243923611111363e-01,1.509999999999999841e-03,4.264583333333333767e-03,8.872215495107803607e-01
1.312769097222222514e-01,1.509999999999999841e-03,4.214166666666666408e-03,9.112068128745799411e-01
1.313294270833333666e-01,1.509999999999999841e-03,4.163749999999999916e-03,9.313098751158487287e-01
1.313819444444444817e-01,1.509999999999999841e-03,4.113333333333333425e-03,9.479417059025438963e-01
1.314344618055555969e-01,1.509999999999999841e-03,4.062916666666666933e-03,9.614939663176182982e-01
1.314869791666666843e-01,1.509999999999999841e-03,4.012500000000000441e-03,9.723390088590306846e-01
1.315394965277777994e-01,1.509999999999999841e-03,3.962083333333333082e-03,9.808298774396978503e-01
1.315920138888889146e-01,1.509999999999999841e-03,3.911666666666666591e-03,9.873003073875726843e-01
1.316445312500000298e-01,1.509999999999999841e-03,3.861250000000000099e-03,9.920647254455841058e-01
1.316970486111111449e-01,1.509999999999999841e-03,3.810833333333333607e-03,9.954182497716582700e-01
1.317495659722222601e-01,1.509999999999999841e-03,3.760416666666666682e-03,9.976366899387146825e-01
1.318020833333333752e-01,1.509999999999999841e-03,3.709999999999999756e-03,9.989765469346691962e-01
1.318546006944444626e-01,1.509999999999999841e-03,3.659583333333333265e-03,9.996750131624440039e-01
1.319071180555555778e-01,1.509999999999999841e-03,3.609166666666666773e-03,9.999499724399176781e-01
1.319596354166666929e-01,1.509999999999999841e-03,3.558750000000000281e-03,1.000000000000002220e+00
1.320121527777778081e-01,1.509999999999999841e-03,3.508333333333333356e-03,9.999999999999997780e-01
1.320646701388889233e-01,1.509999999999999841e-03,3.457916666666666430e-03,9.999999999999976685e-01
1.321171875000000384e-01,1.509999999999999841e-03,3.407499999999999939e-03,9.999999999999963363e-01
1.321697048611111258e-01,1.509999999999999841e-03,3.357083333333333447e-03,1.000000000000007105e+00
1.322222222222222410e-01,1.509999999999999841e-03,3.306666666666666955e-03,1.000000000000005107e+00
1.322747395833333561e-01,1.509999999999999841e-03,3.256250000000000030e-03,1.000000000000002442e+00
1.323272569444444713e-01,1.509999999999999841e-03,3.205833333333333104e-03,1.000000000000000000e+00
1.323797743055555864e-01,1.509999999999999841e-03,3.155416666666666613e-03,9.999999999999986677e-01
1.324322916666667016e-01,1.509999999999999841e-03,3.105000000000000121e-03,9.999999999999975575e-01
1.324848090277778168e-01,1.509999999999999841e-03,3.054583333333333629e-03,9.999999999999963363e-01
1.325373263888889042e-01,1.509999999999999841e-03,3.004166666666666704e-03,1.000000000000006217e+00
1.325898437500000193e-01,1.509999999999999841e-03,2.953750000000000212e-03,1.000000000000004219e+00
1.326423611111111345e-01,1.509999999999999841e-03,2.903333333333333287e-03,1.000000000000001554e+00
1.326948784722222496e-01,1.509999999999999841e-03,2.852916666666666795e-03,1.000000000000000222e+00
1.327473958333333648e-01,1.509999999999999841e-03,2.802500000000000303e-03,9.999999999999986677e-01
1.327999131944444799e-01,1.509999999999999841e-03,2.752083333333333378e-03,9.999999999999966693e-01
1.328524305555555951e-01,1.509999999999999841e-03,2.701666666666666886e-03,9.999999999999958922e-01
1.329049479166666825e-01,1.509999999999999841e-03,2.651249999999999961e-03,1.000000000000005551e+00
1.329574652777777977e-01,1.509999999999999841e-03,2.600833333333333469e-03,1.000000000000003553e+00
1.330099826388889128e-01,1.509999999999999841e-03,2.550416666666666977e-03,1.000000000000001998e+00
1.330625000000000280e-01,1.509999999999999841e-03,2.500000000000000052e-03,9.999999999999997780e-01
1.331150173611111431e-01,1.509999999999999841e-03,2.449583333333333560e-03,9.999999999999984457e-01
1.331675347222222583e-01,1.509999999999999841e-03,2.399166666666666635e-03,9.999999999999963363e-01
1.332200520833333734e-01,1.509999999999999841e-03,2.348750000000000143e-03,9.999999999999956701e-01
1.332725694444444609e-01,1.509999999999999841e-03,2.298333333333333652e-03,1.000000000000006217e+00
1.333250868055555760e-01,1.509999999999999841e-03,2.247916666666666726e-03,1.000000000000003331e+00
1.333776041666666912e-01,1.509999999999999841e-03,2.197500000000000234e-03,1.000000000000001776e+00
1.334301215277778063e-01,1.509999999999999841e-03,2.147083333333333743e-03,1.000000000000000444e+00
1.334826388888889215e-01,1.509999999999999841e-03,2.096666666666666817e-03,9.999999999999981126e-01
1.335351562500000366e-01,1.509999999999999841e-03,2.046250000000000326e-03,9.999999999999971134e-01
1.335876736111111518e-01,1.509999999999999841e-03,1.995833333333333400e-03,9.999999999999952260e-01
1.336401909722222392e-01,1.509999999999999841e-03,1.945416666666666908e-03,1.000000000000005995e+00
1.336927083333333544e-01,1.509999999999999841e-03,1.895000000000000417e-03,1.000000000000003775e+00
1.337452256944444695e-01,1.509999999999999841e-03,1.844583333333333491e-03,1.000000000000001332e+00
1.337977430555555847e-01,1.509999999999999841e-03,1.794166666666667000e-03,1.000000000000000222e+00
1.338502604166666998e-01,1.509999999999999841e-03,1.743750000000000074e-03,9.999999999999978906e-01
1.339027777777778150e-01,1.509999999999999841e-03,1.693333333333333583e-03,9.999999999999967804e-01
1.339552951388889301e-01,1.509999999999999841e-03,1.642916666666667091e-03,9.999999999999958922e-01
1.340078125000000175e-01,1.509999999999999841e-03,1.592500000000000165e-03,1.000000000000005551e+00
1.340603298611111327e-01,1.509999999999999841e-03,1.542083333333333674e-03,1.000000000000003553e+00
1.341128472222222479e-01,1.509999999999999841e-03,1.491666666666666748e-03,1.000000000000001332e+00
1.341653645833333630e-01,1.509999999999999841e-03,1.441250000000000257e-03,9.999999999999998890e-01
1.342178819444444782e-01,1.509999999999999841e-03,1.390833333333333765e-03,9.999999999999984457e-01
1.342703993055555933e-01,1.509999999999999841e-03,1.340416666666666839e-03,9.999999999999964473e-01
1.343229166666666807e-01,1.509999999999999841e-03,1.290000000000000348e-03,1.000000000000007105e+00
1.343754340277777959e-01,1.509999999999999841e-03,1.239583333333333422e-03,1.000000000000004441e+00
1.344279513888889110e-01,1.509999999999999841e-03,1.189166666666666931e-03,1.000000000000002442e+00
1.344804687500000262e-01,1.509999999999999841e-03,1.138750000000000439e-03,1.000000000000000888e+00
1.345329861111111414e-01,1.509999999999999841e-03,1.088333333333333514e-03,9.999999999999985567e-01
1.345855034722222565e-01,1.509999999999999841e-03,1.037916666666667022e-03,9.999999999999975575e-01
1.346380208333333717e-01,1.509999999999999841e-03,9.875000000000005301e-04,9.999999999999963363e-01
1.346905381944444868e-01,1.509999999999999841e-03,9.370833333333340384e-04,9.999999999999954481e-01
1.347430555555555742e-01,1.509999999999999841e-03,8.866666666666666793e-04,1.000000000000004441e+00
1.347955729166666894e-01,1.509999999999999841e-03,8.362500000000001876e-04,1.000000000000002665e+00
1.348480902777778045e-01,1.509999999999999841e-03,7.858333333333336959e-04,1.000000000000001332e+00
1.349006076388889197e-01,1.509999999999999841e-03,7.354166666666672042e-04,9.999999999999996669e-01
1.349531250000000349e-01,1.509999999999999841e-03,6.850000000000007125e-04,9.999999999999984457e-01
1.350056423611111500e-01,1.509999999999999841e-03,6.345833333333333534e-04,9.999999999999957812e-01
1.350581597222222374e-01,1.509999999999999841e-03,5.841666666666668617e-04,1.000000000000006439e+00
1.351106770833333526e-01,1.509999999999999841e-03,5.337500000000003700e-04,1.000000000000004441e+00
1.351631944444444677e-01,1.509999999999999841e-03,4.833333333333338783e-04,1.000000000000002665e+00
1.352157118055555829e-01,1.509999999999999841e-03,4.329166666666673866e-04,1.000000000000001110e+00
1.352682291666666980e-01,1.509999999999999841e-03,3.825000000000000275e-04,9.999999999999980016e-01
1.353207465277778132e-01,1.509999999999999841e-03,3.320833333333335358e-04,9.999999999999967804e-01
1.353732638888889284e-01,1.509999999999999841e-03,2.816666666666670440e-04,9.999999999999958922e-01
1.354257812500000158e-01,1.509999999999999841e-03,2.312500000000005523e-04,1.000000000000006661e+00
1.354782986111111309e-01,1.509999999999999841e-03,1.808333333333340606e-04,1.000000000000004663e+00
1.355308159722222461e-01,1.509999999999999841e-03,1.304166666666667015e-04,1.000000000000001110e+00
1.355833333333333612e-01,1.509999999999999841e-03,8.000000000000000654e-05,9.999999999999991118e-01
1.405833333333333657e-01,1.619999999999999912e-03,8.000000000000000654e-05,6.999999999999999556e-01
1.406358506944444808e-01,1.619999999999999912e-03,1.304166666666666744e-04,6.999999999999999556e-01
1.406883680555555960e-01,1.619999999999999912e-03,1.808333333333333288e-04,6.999999999999999556e-01
1.407408854166667111e-01,1.619999999999999912e-03,2.312500000000000102e-04,6.999999999999999556e-01
1.407934027777777986e-01,1.619999999999999912e-03,2.816666666666666646e-04,6.999999999999999556e-01
1.408459201388889137e-01,1.619999999999999912e-03,3.320833333333333189e-04,6.999999999999999556e-01
1.408984375000000289e-01,1.619999999999999912e-03,3.824999999999999733e-04,6.999999999999999556e-01
1.409509548611111440e-01,1.619999999999999912e-03,4.329166666666666276e-04,6.999999999999999556e-01
1.410034722222222592e-01,1.619999999999999912e-03,4.833333333333332820e-04,6.999999999999999556e-01
1.410559895833333743e-01,1.619999999999999912e-03,5.337499999999999363e-04,7.435632909958885817e-01
1.411085069444444895e-01,1.619999999999999912e-03,5.841666666666666449e-04,7.875732272295103975e-01
1.411610243055555769e-01,1.619999999999999912e-03,6.345833333333332450e-04,8.258639978187216624e-01
1.412135416666666921e-01,1.619999999999999912e-03,6.849999999999999535e-04,8.589238067714830560e-01
1.412660590277778072e-01,1.619999999999999912e-03,7.354166666666665537e-04,8.872215495107798056e-01
1.413185763888889224e-01,1.619999999999999912e-03,7.858333333333332622e-04,9.112068128745802742e-01
1.413710937500000375e-01,1.619999999999999912e-03,8.362499999999998624e-04,9.313098751158489508e-01
1.414236111111111527e-01,1.619999999999999912e-03,8.866666666666665709e-04,9.479417059025437853e-01
1.414761284722222678e-01,1.619999999999999912e-03,9.370833333333332795e-04,9.614939663176177431e-01
1.415286458333333552e-01,1.619999999999999912e-03,9.874999999999998796e-04,9.723390088590299074e-01
1.415811631944444704e-01,1.619999999999999912e-03,1.037916666666666588e-03,9.808298774396982944e-01
1.416336805555555856e-01,1.619999999999999912e-03,1.088333333333333297e-03,9.873003073875726843e-01
1.416861979166667007e-01,1.619999999999999912e-03,1.138749999999999788e-03,9.920647254455843278e-01
1.417387152777778159e-01,1.619999999999999912e-03,1.189166666666666497e-03,9.954182497716580480e-01
1.417912326388889310e-01,1.619999999999999912e-03,1.239583333333333206e-03,9.976366899387146825e-01
1.418437500000000462e-01,1.619999999999999912e-03,1.289999999999999914e-03,9.989765469346699733e-01
1.418962673611111336e-01,1.619999999999999912e-03,1.340416666666666623e-03,9.996750131624441149e-01
1.419487847222222487e-01,1.619999999999999912e-03,1.390833333333333114e-03,9.999499724399179001e-01
1.420013020833333639e-01,1.619999999999999912e-03,1.441249999999999823e-03,1.000000000000001776e+00
1.420538194444444791e-01,1.619999999999999912e-03,1.491666666666666531e-03,9.999999999999997780e-01
1.421063368055555942e-01,1.619999999999999912e-03,1.542083333333333240e-03,9.999999999999980016e-01
1.421588541666667094e-01,1.619999999999999912e-03,1.592499999999999732e-03,9.999999999999971134e-01
1.422113715277777968e-01,1.619999999999999912e-03,1.642916666666666440e-03,1.000000000000007105e+00
1.422638888888889119e-01,1.619999999999999912e-03,1.693333333333333149e-03,1.000000000000004663e+00
1.423164062500000271e-01,1.619999999999999912e-03,1.743749999999999857e-03,1.000000000000002442e+00
1.423689236111111422e-01,1.619999999999999912e-03,1.794166666666666566e-03,1.000000000000000444e+00
1.424214409722222574e-01,1.619999999999999912e-03,1.844583333333333058e-03,9.999999999999992228e-01
1.424739583333333726e-01,1.619999999999999912e-03,1.894999999999999766e-03,9.999999999999975575e-01
1.425264756944444877e-01,1.619999999999999912e-03,1.945416666666666475e-03,9.999999999999960032e-01
1.425789930555555751e-01,1.619999999999999912e-03,1.995833333333333400e-03,1.000000000000005773e+00
1.426315104166666903e-01,1.619999999999999912e-03,2.046249999999999892e-03,1.000000000000003775e+00
1.426840277777778054e-01,1.619999999999999912e-03,2.096666666666666817e-03,1.000000000000001110e+00
1.427365451388889206e-01,1.619999999999999912e-03,2.147083333333333309e-03,9.999999999999998890e-01
1.427890625000000357e-01,1.619999999999999912e-03,2.197499999999999801e-03,9.999999999999984457e-01
1.428415798611111509e-01,1.619999999999999912e-03,2.247916666666666726e-03,9.999999999999964473e-01
1.428940972222222661e-01,1.619999999999999912e-03,2.298333333333333218e-03,9.999999999999956701e-01
1.429466145833333535e-01,1.619999999999999912e-03,2.348750000000000143e-03,1.000000000000005329e+00
1.429991319444444686e-01,1.619999999999999912e-03,2.399166666666666635e-03,1.000000000000003331e+00
1.430516493055555838e-01,1.619999999999999912e-03,2.449583333333333127e-03,1.000000000000001776e+00
1.431041666666666989e-01,1.619999999999999912e-03,2.500000000000000052e-03,9.999999999999995559e-01
1.431566840277778141e-01,1.619999999999999912e-03,2.550416666666666544e-03,9.999999999999982236e-01
1.432092013888889293e-01,1.619999999999999912e-03,2.600833333333333469e-03,9.999999999999963363e-01
1.432617187500000444e-01,1.619999999999999912e-03,2.651249999999999961e-03,9.999999999999954481e-01
1.433142361111111318e-01,1.619999999999999912e-03,2.701666666666666453e-03,1.000000000000006217e+00
1.433667534722222470e-01,1.619999999999999912e-03,2.752083333333333378e-03,1.000000000000003331e+00
1.434192708333333621e-01,1.619999999999999912e-03,2.802499999999999870e-03,1.000000000000001776e+00
1.434717881944444773e-01,1.619999999999999912e-03,2.852916666666666361e-03,1.000000000000000444e+00
1.435243055555555924e-01,1.619999999999999912e-03,2.903333333333333287e-03,9.999999999999981126e-01
1.435768229166667076e-01,1.619999999999999912e-03,2.953749999999999779e-03,9.999999999999971134e-01
1.436293402777778228e-01,1.619999999999999912e-03,3.004166666666666704e-03,9.999999999999952260e-01
1.436818576388889102e-01,1.619999999999999912e-03,3.054583333333333196e-03,1.000000000000005995e+00
1.437343750000000253e-01,1.619999999999999912e-03,3.104999999999999687e-03,1.000000000000003775e+00
1.437868923611111405e-01,1.619999999999999912e-03,3.155416666666666613e-03,1.000000000000001332e+00
1.438394097222222556e-01,1.619999999999999912e-03,3.205833333333333104e-03,1.000000000000000222e+00
1.438919270833333708e-01,1.619999999999999912e-03,3.256250000000000030e-03,9.999999999999978906e-01
1.439444444444444859e-01,1.619999999999999912e-03,3.306666666666666522e-03,9.999999999999967804e-01
1.439969618055556011e-01,1.619999999999999912e-03,3.357083333333333013e-03,9.999999999999958922e-01
1.440494791666666885e-01,1.619999999999999912e-03,3.407499999999999939e-03,1.000000000000005551e+00
1.441019965277778037e-01,1.619999999999999912e-03,3.457916666666666430e-03,1.000000000000003553e+00
1.441545138888889188e-01,1.619999999999999912e-03,3.508333333333333356e-03,1.000000000000001332e+00
1.442070312500000340e-01,1.619999999999999912e-03,3.558749999999999847e-03,9.999999999999998890e-01
1.442595486111111491e-01,1.619999999999999912e-03,3.609166666666666339e-03,9.999999999999984457e-01
1.443120659722222643e-01,1.619999999999999912e-03,3.659583333333333265e-03,9.999999999999964473e-01
1.443645833333333517e-01,1.619999999999999912e-03,3.709999999999999756e-03,1.000000000000007105e+00
1.444171006944444668e-01,1.619999999999999912e-03,3.760416666666666682e-03,1.000000000000004441e+00
1.444696180555555820e-01,1.619999999999999912e-03,3.810833333333333173e-03,1.000000000000002442e+00
1.445221354166666972e-01,1.619999999999999912e-03,3.861249999999999665e-03,1.000000000000000888e+00
1.445746527777778123e-01,1.619999999999999912e-03,3.911666666666666591e-03,9.999999999999985567e-01
1.446271701388889275e-01,1.619999999999999912e-03,3.962083333333333082e-03,9.999999999999975575e-01
1.446796875000000426e-01,1.619999999999999912e-03,4.012499999999999574e-03,9.999999999999963363e-01
1.447322048611111578e-01,1.619999999999999912e-03,4.062916666666666066e-03,9.999999999999954481e-01
1.447847222222222452e-01,1.619999999999999912e-03,4.113333333333333425e-03,1.000000000000004441e+00
1.448372395833333603e-01,1.619999999999999912e-03,4.163749999999999916e-03,1.000000000000002665e+00
1.448897569444444755e-01,1.619999999999999912e-03,4.214166666666666408e-03,1.000000000000001332e+00
1.449422743055555907e-01,1.619999999999999912e-03,4.264583333333332900e-03,9.999999999999996669e-01
1.449947916666667058e-01,1.619999999999999912e-03,4.314999999999999392e-03,9.999999999999984457e-01
1.450473090277778210e-01,1.619999999999999912e-03,4.365416666666666751e-03,9.999999999999957812e-01
1.450998263888889084e-01,1.619999999999999912e-03,4.415833333333333242e-03,1.000000000000006439e+00
1.451523437500000235e-01,1.619999999999999912e-03,4.466249999999999734e-03,1.000000000000004441e+00
1.452048611111111387e-01,1.619999999999999912e-03,4.516666666666666226e-03,1.000000000000002665e+00
1.452573784722222539e-01,1.619999999999999912e-03,4.567083333333332718e-03,1.000000000000001110e+00
1.453098958333333690e-01,1.619999999999999912e-03,4.617500000000000077e-03,9.999999999999980016e-01
1.453624131944444842e-01,1.619999999999999912e-03,4.667916666666666568e-03,9.999999999999967804e-01
1.454149305555555993e-01,1.619999999999999912e-03,4.718333333333333060e-03,9.999999999999958922e-01
1.454674479166666867e-01,1.619999999999999912e-03,4.768749999999999552e-03,1.000000000000006661e+00
1.455199652777778019e-01,1.619999999999999912e-03,4.819166666666666043e-03,1.000000000000004663e+00
1.455724826388889170e-01,1.619999999999999912e-03,4.869583333333333403e-03,1.000000000000001110e+00
1.456250000000000322e-01,1.619999999999999912e-03,4.919999999999999894e-03,9.999999999999996669e-01
1.506250000000000366e-01,1.729999999999999767e-03,4.919999999999999894e-03,6.999999999999999556e-01
1.506775173611111518e-01,1.729999999999999767e-03,4.869583333333333403e-03,6.999999999999999556e-01
1.507300347222222670e-01,1.729999999999999767e-03,4.819166666666666911e-03,6.999999999999999556e-01
1.507825520833333821e-01,1.729999999999999767e-03,4.768749999999999552e-03,6.999999999999999556e-01
1.508350694444444695e-01,1.729999999999999767e-03,4.718333333333333060e-03,6.999999999999999556e-01
1.508875868055555847e-01,1.729999999999999767e-03,4.667916666666666568e-03,6.999999999999999556e-01
1.509401041666666998e-01,1.729999999999999767e-03,4.617500000000000077e-03,6.999999999999999556e-01
1.509926215277778150e-01,1.729999999999999767e-03,4.567083333333333585e-03,6.999999999999999556e-01
1.510451388888889301e-01,1.729999999999999767e-03,4.516666666666666226e-03,6.999999999999999556e-01
1.510976562500000453e-01,1.729999999999999767e-03,4.466249999999999734e-03,7.435632909958883596e-01
1.511501736111111605e-01,1.729999999999999767e-03,4.415833333333333242e-03,7.875732272295105085e-01
1.512026909722222479e-01,1.729999999999999767e-03,4.365416666666666751e-03,8.258639978187217734e-01
1.512552083333333630e-01,1.729999999999999767e-03,4.315000000000000259e-03,8.589238067714835001e-01
1.513077256944444782e-01,1.729999999999999767e-03,4.264583333333333767e-03,8.872215495107803607e-01
1.513602430555555933e-01,1.729999999999999767e-03,4.214166666666666408e-03,9.112068128745799411e-01
1.514127604166667085e-01,1.729999999999999767e-03,4.163749999999999916e-03,9.313098751158487287e-01
1.514652777777778236e-01,1.729999999999999767e-03,4.113333333333333425e-03,9.479417059025438963e-01
1.515177951388889388e-01,1.729999999999999767e-03,4.062916666666666933e-03,9.614939663176182982e-01
1.515703125000000262e-01,1.729999999999999767e-03,4.012500000000000441e-03,9.723390088590306846e-01
1.516228298611111414e-01,1.729999999999999767e-03,3.962083333333333082e-03,9.808298774396978503e-01
1.516753472222222565e-01,1.729999999999999767e-03,3.911666666666666591e-03,9.873003073875726843e-01
1.517278645833333717e-01,1.729999999999999767e-03,3.861250000000000099e-03,9.920647254455841058e-01
1.517803819444444868e-01,1.729999999999999767e-03,3.810833333333333607e-03,9.954182497716582700e-01
1.518328993055556020e-01,1.729999999999999767e-03,3.760416666666666682e-03,9.976366899387146825e-01
1.518854166666667171e-01,1.729999999999999767e-03,3.709999999999999756e-03,9.989765469346691962e-01
1.519379340277778045e-01,1.729999999999999767e-03,3.659583333333333265e-03,9.996750131624440039e-01
1.519904513888889197e-01,1.729999999999999767e-03,3.609166666666666773e-03,9.999499724399176781e-01
1.520429687500000349e-01,1.729999999999999767e-03,3.558750000000000281e-03,1.000000000000002220e+00
1.520954861111111500e-01,1.729999999999999767e-03,3.508333333333333356e-03,9.999999999999997780e-01
1.521480034722222652e-01,1.729999999999999767e-03,3.457916666666666430e-03,9.999999999999976685e-01
1.522005208333333803e-01,1.729999999999999767e-03,3.407499999999999939e-03,9.999999999999963363e-01
1.522530381944444677e-01,1.729999999999999767e-03,3.357083333333333447e-03,1.000000000000007105e+00
1.523055555555555829e-01,1.729999999999999767e-03,3.306666666666666955e-03,1.000000000000005107e+00
1.523580729166666980e-01,1.729999999999999767e-03,3.256250000000000030e-03,1.000000000000002442e+00
1.524105902777778132e-01,1.729999999999999767e-03,3.205833333333333104e-03,1.000000000000000000e+00
1.524631076388889284e-01,1.729999999999999767e-03,3.155416666666666613e-03,9.999999999999986677e-01
1.525156250000000435e-01,1.729999999999999767e-03,3.105000000000000121e-03,9.999999999999975575e-01
1.525681423611111587e-01,1.729999999999999767e-03,3.054583333333333629e-03,9.999999999999963363e-01
1.526206597222222461e-01,1.729999999999999767e-03,3.004166666666666704e-03,1.000000000000006217e+00
1.526731770833333612e-01,1.729999999999999767e-03,2.953750000000000212e-03,1.000000000000004219e+00
1.527256944444444764e-01,1.729999999999999767e-03,2.903333333333333287e-03,1.000000000000001554e+00
1.527782118055555916e-01,1.729999999999999767e-03,2.852916666666666795e-03,1.000000000000000222e+00
1.528307291666667067e-01,1.729999999999999767e-03,2.802500000000000303e-03,9.999999999999986677e-01
1.528832465277778219e-01,1.729999999999999767e-03,2.752083333333333378e-03,9.999999999999966693e-01
1.529357638888889370e-01,1.729999999999999767e-03,2.701666666666666886e-03,9.999999999999958922e-01
1.529882812500000244e-01,1.729999999999999767e-03,2.651249999999999961e-03,1.000000000000005551e+00
1.530407986111111396e-01,1.729999999999999767e-03,2.600833333333333469e-03,1.000000000000003553e+00
1.530933159722222547e-01,1.729999999999999767e-03,2.550416666666666977e-03,1.000000000000001998e+00
1.531458333333333699e-01,1.729999999999999767e-03,2.500000000000000052e-03,9.999999999999997780e-01
1.531983506944444851e-01,1.729999999999999767e-03,2.449583333333333560e-03,9.999999999999984457e-01
1.532508680555556002e-01,1.729999999999999767e-03,2.399166666666666635e-03,9.999999999999963363e-01
1.533033854166667154e-01,1.729999999999999767e-03,2.348750000000000143e-03,9.999999999999956701e-01
1.533559027777778028e-01,1.729999999999999767e-03,2.298333333333333652e-03,1.000000000000006217e+00
1.534084201388889179e-01,1.729999999999999767e-03,2.247916666666666726e-03,1.000000000000003331e+00
1.534609375000000331e-01,1.729999999999999767e-03,2.197500000000000234e-03,1.000000000000001776e+00
1.535134548611111482e-01,1.729999999999999767e-03,2.147083333333333743e-03,1.000000000000000444e+00
1.535659722222222634e-01,1.729999999999999767e-03,2.096666666666666817e-03,9.999999999999981126e-01
1.536184895833333786e-01,1.729999999999999767e-03,2.046250000000000326e-03,9.999999999999971134e-01
1.536710069444444937e-01,1.729999999999999767e-03,1.995833333333333400e-03,9.999999999999952260e-01
1.537235243055555811e-01,1.729999999999999767e-03,1.945416666666666908e-03,1.000000000000005995e+00
1.537760416666666963e-01,1.729999999999999767e-03,1.895000000000000417e-03,1.000000000000003775e+00
1.538285590277778114e-01,1.729999999999999767e-03,1.844583333333333491e-03,1.000000000000001332e+00
1.538810763888889266e-01,1.729999999999999767e-03,1.794166666666667000e-03,1.000000000000000222e+00
1.539335937500000417e-01,1.729999999999999767e-03,1.743750000000000074e-03,9.999999999999978906e-01
1.539861111111111569e-01,1.729999999999999767e-03,1.693333333333333583e-03,9.999999999999967804e-01
1.540386284722222721e-01,1.729999999999999767e-03,1.642916666666667091e-03,9.999999999999958922e-01
1.540911458333333595e-01,1.729999999999999767e-03,1.592500000000000165e-03,1.000000000000005551e+00
1.541436631944444746e-01,1.729999999999999767e-03,1.542083333333333674e-03,1.000000000000003553e+00
1.541961805555555898e-01,1.729999999999999767e-03,1.491666666666666748e-03,1.000000000000001332e+00
1.542486979166667049e-01,1.729999999999999767e-03,1.441250000000000257e-03,9.999999999999998890e-01
1.543012152777778201e-01,1.729999999999999767e-03,1.390833333333333765e-03,9.999999999999984457e-01
1.543537326388889352e-01,1.729999999999999767e-03,1.340416666666666839e-03,9.999999999999964473e-01
1.544062500000000226e-01,1.729999999999999767e-03,1.290000000000000348e-03,1.000000000000007105e+00
1.544587673611111378e-01,1.729999999999999767e-03,1.239583333333333422e-03,1.000000000000004441e+00
1.545112847222222530e-01,1.729999999999999767e-03,1.189166666666666931e-03,1.000000000000002442e+00
1.545638020833333681e-01,1.729999999999999767e-03,1.138750000000000439e-03,1.000000000000000888e+00
1.546163194444444833e-01,1.729999999999999767e-03,1.088333333333333514e-03,9.999999999999985567e-01
1.546688368055555984e-01,1.729999999999999767e-03,1.037916666666667022e-03,9.999999999999975575e-01
1.547213541666667136e-01,1.729999999999999767e-03,9.875000000000005301e-04,9.999999999999963363e-01
1.547738715277778287e-01,1.729999999999999767e-03,9.370833333333340384e-04,9.999999999999954481e-01
1.548263888888889162e-01,1.729999999999999767e-03,8.866666666666666793e-04,1.000000000000004441e+00
1.548789062500000313e-01,1.729999999999999767e-03,8.362500000000001876e-04,1.000000000000002665e+00
1.549314236111111465e-01,1.729999999999999767e-03,7.858333333333336959e-04,1.000000000000001332e+00
1.549839409722222616e-01,1.729999999999999767e-03,7.354166666666672042e-04,9.999999999999996669e-01
1.550364583333333768e-01,1.729999999999999767e-03,6.850000000000007125e-04,9.999999999999984457e-01
1.550889756944444919e-01,1.729999999999999767e-03,6.345833333333333534e-04,9.999999999999957812e-01
1.551414930555555793e-01,1.729999999999999767e-03,5.841666666666668617e-04,1.000000000000006439e+00
1.551940104166666945e-01,1.729999999999999767e-03,5.337500000000003700e-04,1.000000000000004441e+00
1.552465277777778097e-01,1.729999999999999767e-03,4.833333333333338783e-04,1.000000000000002665e+00
1.552990451388889248e-01,1.729999999999999767e-03,4.329166666666673866e-04,1.000000000000001110e+00
1.553515625000000400e-01,1.729999999999999767e-03,3.825000000000000275e-04,9.999999999999980016e-01
1.554040798611111551e-01,1.729999999999999767e-03,3.320833333333335358e-04,9.999999999999967804e-01
1.554565972222222703e-01,1.729999999999999767e-03,2.816666666666670440e-04,9.999999999999958922e-01
1.555091145833333577e-01,1.729999999999999767e-03,2.312500000000005523e-04,1.000000000000006661e+00
1.555616319444444728e-01,1.729999999999999767e-03,1.808333333333340606e-04,1.000000000000004663e+00
1.556141493055555880e-01,1.729999999999999767e-03,1.304166666666667015e-04,1.000000000000001110e+00
1.556666666666667032e-01,1.729999999999999767e-03,8.000000000000000654e-05,9.999999999999991118e-01
1.606666666666667076e-01,1.839999999999999839e-03,8.000000000000000654e-05,6.999999999999999556e-01
1.607191840277778228e-01,1.839999999999999839e-03,1.304166666666666744e-04,6.999999999999999556e-01
1.607717013888889379e-01,1.839999999999999839e-03,1.808333333333333288e-04,6.999999999999999556e-01
1.608242187500000531e-01,1.839999999999999839e-03,2.312500000000000102e-04,6.999999999999999556e-01
1.608767361111111405e-01,1.839999999999999839e-03,2.816666666666666646e-04,6.999999999999999556e-01
1.609292534722222556e-01,1.839999999999999839e-03,3.320833333333333189e-04,6.999999999999999556e-01
1.609817708333333708e-01,1.839999999999999839e-03,3.824999999999999733e-04,6.999999999999999556e-01
1.610342881944444859e-01,1.839999999999999839e-03,4.329166666666666276e-04,6.999999999999999556e-01
1.610868055555556011e-01,1.839999999999999839e-03,4.833333333333332820e-04,6.999999999999999556e-01
1.611393229166667163e-01,1.839999999999999839e-03,5.337499999999999363e-04,7.435632909958885817e-01
1.611918402777778314e-01,1.839999999999999839e-03,5.841666666666666449e-04,7.875732272295103975e-01
1.612443576388889188e-01,1.839999999999999839e-03,6.345833333333332450e-04,8.258639978187216624e-01
1.612968750000000340e-01,1.839999999999999839e-03,6.849999999999999535e-04,8.589238067714830560e-01
1.613493923611111491e-01,1.839999999999999839e-03,7.354166666666665537e-04,8.872215495107798056e-01
1.614019097222222643e-01,1.839999999999999839e-03,7.858333333333332622e-04,9.112068128745802742e-01
1.614544270833333794e-01,1.839999999999999839e-03,8.362499999999998624e-04,9.313098751158489508e-01
1.615069444444444946e-01,1.839999999999999839e-03,8.866666666666665709e-04,9.479417059025437853e-01
1.615594618055556098e-01,1.839999999999999839e-03,9.370833333333332795e-04,9.614939663176177431e-01
1.616119791666666972e-01,1.839999999999999839e-03,9.874999999999998796e-04,9.723390088590299074e-01
1.616644965277778123e-01,1.839999999999999839e-03,1.037916666666666588e-03,9.808298774396982944e-01
1.617170138888889275e-01,1.839999999999999839e-03,1.088333333333333297e-03,9.873003073875726843e-01
1.617695312500000426e-01,1.839999999999999839e-03,1.138749999999999788e-03,9.920647254455843278e-01
1.618220486111111578e-01,1.839999999999999839e-03,1.189166666666666497e-03,9.954182497716580480e-01
1.618745659722222729e-01,1.839999999999999839e-03,1.239583333333333206e-03,9.976366899387146825e-01
1.619270833333333881e-01,1.839999999999999839e-03,1.289999999999999914e-03,9.989765469346699733e-01
1.619796006944444755e-01,1.839999999999999839e-03,1.340416666666666623e-03,9.996750131624441149e-01
1.620321180555555907e-01,1.839999999999999839e-03,1.390833333333333114e-03,9.999499724399179001e-01
1.620846354166667058e-01,1.839999999999999839e-03,1.441249999999999823e-03,1.000000000000001776e+00
1.621371527777778210e-01,1.839999999999999839e-03,1.491666666666666531e-03,9.999999999999997780e-01
1.621896701388889361e-01,1.839999999999999839e-03,1.542083333333333240e-03,9.999999999999980016e-01
1.622421875000000513e-01,1.839999999999999839e-03,1.592499999999999732e-03,9.999999999999971134e-01
1.622947048611111387e-01,1.839999999999999839e-03,1.642916666666666440e-03,1.000000000000007105e+00
1.623472222222222539e-01,1.839999999999999839e-03,1.693333333333333149e-03,1.000000000000004663e+00
1.623997395833333690e-01,1.839999999999999839e-03,1.743749999999999857e-03,1.000000000000002442e+00
1.624522569444444842e-01,1.839999999999999839e-03,1.794166666666666566e-03,1.000000000000000444e+00
1.625047743055555993e-01,1.839999999999999839e-03,1.844583333333333058e-03,9.999999999999992228e-01
1.625572916666667145e-01,1.839999999999999839e-03,1.894999999999999766e-03,9.999999999999975575e-01
1.626098090277778296e-01,1.839999999999999839e-03,1.945416666666666475e-03,9.999999999999960032e-01
1.626623263888889170e-01,1.839999999999999839e-03,1.995833333333333400e-03,1.000000000000005773e+00
1.627148437500000322e-01,1.839999999999999839e-03,2.046249999999999892e-03,1.000000000000003775e+00
1.627673611111111474e-01,1.839999999999999839e-03,2.096666666666666817e-03,1.000000000000001110e+00
1.628198784722222625e-01,1.839999999999999839e-03,2.147083333333333309e-03,9.999999999999998890e-01
1.628723958333333777e-01,1.839999999999999839e-03,2.197499999999999801e-03,9.999999999999984457e-01
1.629249131944444928e-01,1.839999999999999839e-03,2.247916666666666726e-03,9.999999999999964473e-01
1.629774305555556080e-01,1.839999999999999839e-03,2.298333333333333218e-03,9.999999999999956701e-01
1.630299479166666954e-01,1.839999999999999839e-03,2.348750000000000143e-03,1.000000000000005329e+00
1.630824652777778105e-01,1.839999999999999839e-03,2.399166666666666635e-03,1.000000000000003331e+00
1.631349826388889257e-01,1.839999999999999839e-03,2.449583333333333127e-03,1.000000000000001776e+00
1.631875000000000409e-01,1.839999999999999839e-03,2.500000000000000052e-03,9.999999999999995559e-01
1.632400173611111560e-01,1.839999999999999839e-03,2.550416666666666544e-03,9.999999999999982236e-01
1.632925347222222712e-01,1.839999999999999839e-03,2.600833333333333469e-03,9.999999999999963363e-01
1.633450520833333863e-01,1.839999999999999839e-03,2.651249999999999961e-03,9.999999999999954481e-01
1.633975694444444737e-01,1.839999999999999839e-03,2.701666666666666453e-03,1.000000000000006217e+00
1.634500868055555889e-01,1.839999999999999839e-03,2.752083333333333378e-03,1.000000000000003331e+00
1.635026041666667040e-01,1.839999999999999839e-03,2.802499999999999870e-03,1.000000000000001776e+00
1.635551215277778192e-01,1.839999999999999839e-03,2.852916666666666361e-03,1.000000000000000444e+00
1.636076388888889344e-01,1.839999999999999839e-03,2.903333333333333287e-03,9.999999999999981126e-01
1.636601562500000495e-01,1.839999999999999839e-03,2.953749999999999779e-03,9.999999999999971134e-01
1.637126736111111647e-01,1.839999999999999839e-03,3.004166666666666704e-03,9.999999999999952260e-01
1.637651909722222521e-01,1.839999999999999839e-03,3.054583333333333196e-03,1.000000000000005995e+00
1.638177083333333672e-01,1.839999999999999839e-03,3.104999999999999687e-03,1.000000000000003775e+00
1.638702256944444824e-01,1.839999999999999839e-03,3.155416666666666613e-03,1.000000000000001332e+00
1.639227430555555975e-01,1.839999999999999839e-03,3.205833333333333104e-03,1.000000000000000222e+00
1.639752604166667127e-01,1.839999999999999839e-03,3.256250000000000030e-03,9.999999999999978906e-01
1.640277777777778279e-01,1.839999999999999839e-03,3.306666666666666522e-03,9.999999999999967804e-01
1.640802951388889430e-01,1.839999999999999839e-03,3.357083333333333013e-03,9.999999999999958922e-01
1.641328125000000304e-01,1.839999999999999839e-03,3.407499999999999939e-03,1.000000000000005551e+00
1.641853298611111456e-01,1.839999999999999839e-03,3.457916666666666430e-03,1.000000000000003553e+00
1.642378472222222607e-01,1.839999999999999839e-03,3.508333333333333356e-03,1.000000000000001332e+00
1.642903645833333759e-01,1.839999999999999839e-03,3.558749999999999847e-03,9.999999999999998890e-01
1.643428819444444910e-01,1.839999999999999839e-03,3.609166666666666339e-03,9.999999999999984457e-01
1.643953993055556062e-01,1.839999999999999839e-03,3.659583333333333265e-03,9.999999999999964473e-01
1.644479166666666936e-01,1.839999999999999839e-03,3.709999999999999756e-03,1.000000000000007105e+00
1.645004340277778088e-01,1.839999999999999839e-03,3.760416666666666682e-03,1.000000000000004441e+00
1.645529513888889239e-01,1.839999999999999839e-03,3.810833333333333173e-03,1.000000000000002442e+00
1.646054687500000391e-01,1.839999999999999839e-03,3.861249999999999665e-03,1.000000000000000888e+00
1.646579861111111542e-01,1.839999999999999839e-03,3.911666666666666591e-03,9.999999999999985567e-01
1.647105034722222694e-01,1.839999999999999839e-03,3.962083333333333082e-03,9.999999999999975575e-01
1.647630208333333846e-01,1.839999999999999839e-03,4.012499999999999574e-03,9.999999999999963363e-01
1.648155381944444997e-01,1.839999999999999839e-03,4.062916666666666066e-03,9.999999999999954481e-01
1.648680555555555871e-01,1.839999999999999839e-03,4.113333333333333425e-03,1.000000000000004441e+00
1.649205729166667023e-01,1.839999999999999839e-03,4.163749999999999916e-03,1.000000000000002665e+00
1.649730902777778174e-01,1.839999999999999839e-03,4.214166666666666408e-03,1.000000000000001332e+00
1.650256076388889326e-01,1.839999999999999839e-03,4.264583333333332900e-03,9.999999999999996669e-01
1.650781250000000477e-01,1.839999999999999839e-03,4.314999999999999392e-03,9.999999999999984457e-01
1.651306423611111629e-01,1.839999999999999839e-03,4.365416666666666751e-03,9.999999999999957812e-01
1.651831597222222503e-01,1.839999999999999839e-03,4.415833333333333242e-03,1.000000000000006439e+00
1.652356770833333655e-01,1.839999999999999839e-03,4.466249999999999734e-03,1.000000000000004441e+00
1.652881944444444806e-01,1.839999999999999839e-03,4.516666666666666226e-03,1.000000000000002665e+00
1.653407118055555958e-01,1.839999999999999839e-03,4.567083333333332718e-03,1.000000000000001110e+00
1.653932291666667109e-01,1.839999999999999839e-03,4.617500000000000077e-03,9.999999999999980016e-01
1.654457465277778261e-01,1.839999999999999839e-03,4.667916666666666568e-03,9.999999999999967804e-01
1.654982638888889412e-01,1.839999999999999839e-03,4.718333333333333060e-03,9.999999999999958922e-01
1.655507812500000286e-01,1.839999999999999839e-03,4.768749999999999552e-03,1.000000000000006661e+00
1.656032986111111438e-01,1.839999999999999839e-03,4.819166666666666043e-03,1.000000000000004663e+00
1.656558159722222590e-01,1.839999999999999839e-03,4.869583333333333403e-03,1.000000000000001110e+00
1.657083333333333741e-01,1.839999999999999839e-03,4.919999999999999894e-03,9.999999999999996669e-01
1.707083333333333786e-01,1.949999999999999910e-03,4.919999999999999894e-03,6.999999999999999556e-01
1.707608506944444937e-01,1.949999999999999910e-03,4.869583333333333403e-03,6.999999999999999556e-01
1.708133680555556089e-01,1.949999999999999910e-03,4.819166666666666911e-03,6.999999999999999556e-01
1.708658854166667240e-01,1.949999999999999910e-03,4.768749999999999552e-03,6.999999999999999556e-01
1.709184027777778114e-01,1.949999999999999910e-03,4.718333333333333060e-03,6.999999999999999556e-01
1.709709201388889266e-01,1.949999999999999910e-03,4.667916666666666568e-03,6.999999999999999556e-01
1.710234375000000417e-01,1.949999999999999910e-03,4.617500000000000077e-03,6.999999999999999556e-01
1.710759548611111569e-01,1.949999999999999910e-03,4.567083333333333585e-03,6.999999999999999556e-01
1.711284722222222721e-01,1.949999999999999910e-03,4.516666666666666226e-03,6.999999999999999556e-01
1.711809895833333872e-01,1.949999999999999910e-03,4.466249999999999734e-03,7.435632909958883596e-01
1.712335069444445024e-01,1.949999999999999910e-03,4.415833333333333242e-03,7.875732272295105085e-01
1.712860243055555898e-01,1.949999999999999910e-03,4.365416666666666751e-03,8.258639978187217734e-01
1.713385416666667049e-01,1.949999999999999910e-03,4.315000000000000259e-03,8.589238067714835001e-01
1.713910590277778201e-01,1.949999999999999910e-03,4.264583333333333767e-03,8.872215495107803607e-01
1.714435763888889352e-01,1.949999999999999910e-03,4.214166666666666408e-03,9.112068128745799411e-01
1.714960937500000504e-01,1.949999999999999910e-03,4.163749999999999916e-03,9.313098751158487287e-01
1.715486111111111656e-01,1.949999999999999910e-03,4.113333333333333425e-03,9.479417059025438963e-01
1.716011284722222807e-01,1.949999999999999910e-03,4.062916666666666933e-03,9.614939663176182982e-01
1.716536458333333681e-01,1.949999999999999910e-03,4.012500000000000441e-03,9.723390088590306846e-01
1.717061631944444833e-01,1.949999999999999910e-03,3.962083333333333082e-03,9.808298774396978503e-01
1.717586805555555984e-01,1.949999999999999910e-03,3.911666666666666591e-03,9.873003073875726843e-01
1.718111979166667136e-01,1.949999999999999910e-03,3.861250000000000099e-03,9.920647254455841058e-01
1.718637152777778287e-01,1.949999999999999910e-03,3.810833333333333607e-03,9.954182497716582700e-01
1.719162326388889439e-01,1.949999999999999910e-03,3.760416666666666682e-03,9.976366899387146825e-01
1.719687500000000591e-01,1.949999999999999910e-03,3.709999999999999756e-03,9.989765469346691962e-01
1.720212673611111465e-01,1.949999999999999910e-03,3.659583333333333265e-03,9.996750131624440039e-01
1.720737847222222616e-01,1.949999999999999910e-03,3.609166666666666773e-03,9.999499724399176781e-01
1.721263020833333768e-01,1.949999999999999910e-03,3.558750000000000281e-03,1.000000000000002220e+00
1.721788194444444919e-01,1.949999999999999910e-03,3.508333333333333356e-03,9.999999999999997780e-01
1.722313368055556071e-01,1.949999999999999910e-03,3.457916666666666430e-03,9.999999999999976685e-01
1.722838541666667223e-01,1.949999999999999910e-03,3.407499999999999939e-03,9.999999999999963363e-01
1.723363715277778097e-01,1.949999999999999910e-03,3.357083333333333447e-03,1.000000000000007105e+00
1.723888888888889248e-01,1.949999999999999910e-03,3.306666666666666955e-03,1.000000000000005107e+00
1.724414062500000400e-01,1.949999999999999910e-03,3.256250000000000030e-03,1.000000000000002442e+00
1.724939236111111551e-01,1.949999999999999910e-03,3.205833333333333104e-03,1.000000000000000000e+00
1.725464409722222703e-01,1.949999999999999910e-03,3.155416666666666613e-03,9.999999999999986677e-01
1.725989583333333854e-01,1.949999999999999910e-03,3.105000000000000121e-03,9.999999999999975575e-01
1.726514756944445006e-01,1.949999999999999910e-03,3.054583333333333629e-03,9.999999999999963363e-01
1.727039930555555880e-01,1.949999999999999910e-03,3.004166666666666704e-03,1.000000000000006217e+00
1.727565104166667032e-01,1.949999999999999910e-03,2.953750000000000212e-03,1.000000000000004219e+00
1.728090277777778183e-01,1.949999999999999910e-03,2.903333333333333287e-03,1.000000000000001554e+00
1.728615451388889335e-01,1.949999999999999910e-03,2.852916666666666795e-03,1.000000000000000222e+00
1.729140625000000486e-01,1.949999999999999910e-03,2.802500000000000303e-03,9.999999999999986677e-01
1.729665798611111638e-01,1.949999999999999910e-03,2.752083333333333378e-03,9.999999999999966693e-01
1.730190972222222789e-01,1.949999999999999910e-03,2.701666666666666886e-03,9.999999999999958922e-01
1.730716145833333663e-01,1.949999999999999910e-03,2.651249999999999961e-03,1.000000000000005551e+00
1.731241319444444815e-01,1.949999999999999910e-03,2.600833333333333469e-03,1.000000000000003553e+00
1.731766493055555967e-01,1.949999999999999910e-03,2.550416666666666977e-03,1.000000000000001998e+00
1.732291666666667118e-01,1.949999999999999910e-03,2.500000000000000052e-03,9.999999999999997780e-01
1.732816840277778270e-01,1.949999999999999910e-03,2.449583333333333560e-03,9.999999999999984457e-01
1.733342013888889421e-01,1.949999999999999910e-03,2.399166666666666635e-03,9.999999999999963363e-01
1.733867187500000573e-01,1.949999999999999910e-03,2.348750000000000143e-03,9.999999999999956701e-01
1.734392361111111447e-01,1.949999999999999910e-03,2.298333333333333652e-03,1.000000000000006217e+00
1.734917534722222598e-01,1.949999999999999910e-03,2.247916666666666726e-03,1.000000000000003331e+00
1.735442708333333750e-01,1.949999999999999910e-03,2.197500000000000234e-03,1.000000000000001776e+00
1.735967881944444902e-01,1.949999999999999910e-03,2.147083333333333743e-03,1.000000000000000444e+00
1.736493055555556053e-01,1.949999999999999910e-03,2.096666666666666817e-03,9.999999999999981126e-01
1.737018229166667205e-01,1.949999999999999910e-03,2.046250000000000326e-03,9.999999999999971134e-01
1.737543402777778356e-01,1.949999999999999910e-03,1.995833333333333400e-03,9.999999999999952260e-01
1.738068576388889230e-01,1.949999999999999910e-03,1.945416666666666908e-03,1.000000000000005995e+00
1.738593750000000382e-01,1.949999999999999910e-03,1.895000000000000417e-03,1.000000000000003775e+00
1.739118923611111533e-01,1.949999999999999910e-03,1.844583333333333491e-03,1.000000000000001332e+00
1.739644097222222685e-01,1.949999999999999910e-03,1.794166666666667000e-03,1.000000000000000222e+00
1.740169270833333837e-01,1.949999999999999910e-03,1.743750000000000074e-03,9.999999999999978906e-01
1.740694444444444988e-01,1.949999999999999910e-03,1.693333333333333583e-03,9.999999999999967804e-01
1.741219618055556140e-01,1.949999999999999910e-03,1.642916666666667091e-03,9.999999999999958922e-01
1.741744791666667014e-01,1.949999999999999910e-03,1.592500000000000165e-03,1.000000000000005551e+00
1.742269965277778165e-01,1.949999999999999910e-03,1.542083333333333674e-03,1.000000000000003553e+00
1.742795138888889317e-01,1.949999999999999910e-03,1.491666666666666748e-03,1.000000000000001332e+00
1.743320312500000469e-01,1.949999999999999910e-03,1.441250000000000257e-03,9.999999999999998890e-01
1.743845486111111620e-01,1.949999999999999910e-03,1.390833333333333765e-03,9.999999999999984457e-01
1.744370659722222772e-01,1.949999999999999910e-03,1.340416666666666839e-03,9.999999999999964473e-01
1.744895833333333646e-01,1.949999999999999910e-03,1.290000000000000348e-03,1.000000000000007105e+00
1.745421006944444797e-01,1.949999999999999910e-03,1.239583333333333422e-03,1.000000000000004441e+00
1.745946180555555949e-01,1.949999999999999910e-03,1.189166666666666931e-03,1.000000000000002442e+00
1.746471354166667100e-01,1.949999999999999910e-03,1.138750000000000439e-03,1.000000000000000888e+00
1.746996527777778252e-01,1.949999999999999910e-03,1.088333333333333514e-03,9.999999999999985567e-01
1.747521701388889404e-01,1.949999999999999910e-03,1.037916666666667022e-03,9.999999999999975575e-01
1.748046875000000555e-01,1.949999999999999910e-03,9.875000000000005301e-04,9.999999999999963363e-01
1.748572048611111707e-01,1.949999999999999910e-03,9.370833333333340384e-04,9.999999999999954481e-01
1.749097222222222581e-01,1.949999999999999910e-03,8.866666666666666793e-04,1.000000000000004441e+00
1.749622395833333732e-01,1.949999999999999910e-03,8.362500000000001876e-04,1.000000000000002665e+00
1.750147569444444884e-01,1.949999999999999910e-03,7.858333333333336959e-04,1.000000000000001332e+00
1.750672743055556035e-01,1.949999999999999910e-03,7.354166666666672042e-04,9.999999999999996669e-01
1.751197916666667187e-01,1.949999999999999910e-03,6.850000000000007125e-04,9.999999999999984457e-01
1.751723090277778339e-01,1.949999999999999910e-03,6.345833333333333534e-04,9.999999999999957812e-01
1.752248263888889213e-01,1.949999999999999910e-03,5.841666666666668617e-04,1.000000000000006439e+00
1.752773437500000364e-01,1.949999999999999910e-03,5.337500000000003700e-04,1.000000000000004441e+00
1.753298611111111516e-01,1.949999999999999910e-03,4.833333333333338783e-04,1.000000000000002665e+00
1.753823784722222667e-01,1.949999999999999910e-03,4.329166666666673866e-04,1.000000000000001110e+00
1.754348958333333819e-01,1.949999999999999910e-03,3.825000000000000275e-04,9.999999999999980016e-01
1.754874131944444970e-01,1.949999999999999910e-03,3.320833333333335358e-04,9.999999999999967804e-01
1.755399305555556122e-01,1.949999999999999910e-03,2.816666666666670440e-04,9.999999999999958922e-01
1.755924479166666996e-01,1.949999999999999910e-03,2.312500000000005523e-04,1.000000000000006661e+00
1.756449652777778148e-01,1.949999999999999910e-03,1.808333333333340606e-04,1.000000000000004663e+00
1.756974826388889299e-01,1.949999999999999910e-03,1.304166666666667015e-04,1.000000000000001110e+00
1.757500000000000451e-01,1.949999999999999910e-03,8.000000000000000654e-05,9.999999999999991118e-01
1.807500000000000495e-01,2.060000000000000199e-03,8.000000000000000654e-05,6.999999999999999556e-01
1.808025173611111647e-01,2.060000000000000199e-03,1.304166666666666744e-04,6.999999999999999556e-01
1.808550347222222798e-01,2.060000000000000199e-03,1.808333333333333288e-04,6.999999999999999556e-01
1.809075520833333950e-01,2.060000000000000199e-03,2.312500000000000102e-04,6.999999999999999556e-01
1.809600694444444824e-01,2.060000000000000199e-03,2.816666666666666646e-04,6.999999999999999556e-01
1.810125868055555975e-01,2.060000000000000199e-03,3.320833333333333189e-04,6.999999999999999556e-01
1.810651041666667127e-01,2.060000000000000199e-03,3.824999999999999733e-04,6.999999999999999556e-01
1.811176215277778279e-01,2.060000000000000199e-03,4.329166666666666276e-04,6.999999999999999556e-01
1.811701388888889430e-01,2.060000000000000199e-03,4.833333333333332820e-04,6.999999999999999556e-01
1.812226562500000582e-01,2.060000000000000199e-03,5.337499999999999363e-04,7.435632909958885817e-01
1.812751736111111733e-01,2.060000000000000199e-03,5.841666666666666449e-04,7.875732272295103975e-01
1.813276909722222607e-01,2.060000000000000199e-03,6.345833333333332450e-04,8.258639978187216624e-01
1.813802083333333759e-01,2.060000000000000199e-03,6.849999999999999535e-04,8.589238067714830560e-01
1.814327256944444910e-01,2.060000000000000199e-03,7.354166666666665537e-04,8.872215495107798056e-01
1.814852430555556062e-01,2.060000000000000199e-03,7.858333333333332622e-04,9.112068128745802742e-01
1.815377604166667214e-01,2.060000000000000199e-03,8.362499999999998624e-04,9.313098751158489508e-01
1.815902777777778365e-01,2.060000000000000199e-03,8.866666666666665709e-04,9.479417059025437853e-01
1.816427951388889517e-01,2.060000000000000199e-03,9.370833333333332795e-04,9.614939663176177431e-01
1.816953125000000391e-01,2.060000000000000199e-03,9.874999999999998796e-04,9.723390088590299074e-01
1.817478298611111542e-01,2.060000000000000199e-03,1.037916666666666588e-03,9.808298774396982944e-01
1.818003472222222694e-01,2.060000000000000199e-03,1.088333333333333297e-03,9.873003073875726843e-01
1.818528645833333846e-01,2.060000000000000199e-03,1.138749999999999788e-03,9.920647254455843278e-01
1.819053819444444997e-01,2.060000000000000199e-03,1.189166666666666497e-03,9.954182497716580480e-01
1.819578993055556149e-01,2.060000000000000199e-03,1.239583333333333206e-03,9.976366899387146825e-01
1.820104166666667300e-01,2.060000000000000199e-03,1.289999999999999914e-03,9.989765469346699733e-01
1.820629340277778174e-01,2.060000000000000199e-03,1.340416666666666623e-03,9.996750131624441149e-01
1.821154513888889326e-01,2.060000000000000199e-03,1.390833333333333114e-03,9.999499724399179001e-01
1.821679687500000477e-01,2.060000000000000199e-03,1.441249999999999823e-03,1.000000000000001776e+00
1.822204861111111629e-01,2.060000000000000199e-03,1.491666666666666531e-03,9.999999999999997780e-01
1.822730034722222781e-01,2.060000000000000199e-03,1.542083333333333240e-03,9.999999999999980016e-01
1.823255208333333932e-01,2.060000000000000199e-03,1.592499999999999732e-03,9.999999999999971134e-01
1.823780381944444806e-01,2.060000000000000199e-03,1.642916666666666440e-03,1.000000000000007105e+00
1.824305555555555958e-01,2.060000000000000199e-03,1.693333333333333149e-03,1.000000000000004663e+00
1.824830729166667109e-01,2.060000000000000199e-03,1.743749999999999857e-03,1.000000000000002442e+00
1.825355902777778261e-01,2.060000000000000199e-03,1.794166666666666566e-03,1.000000000000000444e+00
1.825881076388889412e-01,2.060000000000000199e-03,1.844583333333333058e-03,9.999999999999992228e-01
1.826406250000000564e-01,2.060000000000000199e-03,1.894999999999999766e-03,9.999999999999975575e-01
1.826931423611111716e-01,2.060000000000000199e-03,1.945416666666666475e-03,9.999999999999960032e-01
1.827456597222222590e-01,2.060000000000000199e-03,1.995833333333333400e-03,1.000000000000005773e+00
1.827981770833333741e-01,2.060000000000000199e-03,2.046249999999999892e-03,1.000000000000003775e+00
1.828506944444444893e-01,2.060000000000000199e-03,2.096666666666666817e-03,1.000000000000001110e+00
1.829032118055556044e-01,2.060000000000000199e-03,2.147083333333333309e-03,9.999999999999998890e-01
1.829557291666667196e-01,2.060000000000000199e-03,2.197499999999999801e-03,9.999999999999984457e-01
1.830082465277778347e-01,2.060000000000000199e-03,2.247916666666666726e-03,9.999999999999964473e-01
1.830607638888889499e-01,2.060000000000000199e-03,2.298333333333333218e-03,9.999999999999956701e-01
1.831132812500000373e-01,2.060000000000000199e-03,2.348750000000000143e-03,1.000000000000005329e+00
1.831657986111111525e-01,2.060000000000000199e-03,2.399166666666666635e-03,1.000000000000003331e+00
1.832183159722222676e-01,2.060000000000000199e-03,2.449583333333333127e-03,1.000000000000001776e+00
1.832708333333333828e-01,2.060000000000000199e-03,2.500000000000000052e-03,9.999999999999995559e-01
1.833233506944444979e-01,2.060000000000000199e-03,2.550416666666666544e-03,9.999999999999982236e-01
1.833758680555556131e-01,2.060000000000000199e-03,2.600833333333333469e-03,9.999999999999963363e-01
1.834283854166667282e-01,2.060000000000000199e-03,2.651249999999999961e-03,9.999999999999954481e-01
1.834809027777778156e-01,2.060000000000000199e-03,2.701666666666666453e-03,1.000000000000006217e+00
1.835334201388889308e-01,2.060000000000000199e-03,2.752083333333333378e-03,1.000000000000003331e+00
1.835859375000000460e-01,2.060000000000000199e-03,2.802499999999999870e-03,1.000000000000001776e+00
1.836384548611111611e-01,2.060000000000000199e-03,2.852916666666666361e-03,1.000000000000000444e+00
1.836909722222222763e-01,2.060000000000000199e-03,2.903333333333333287e-03,9.999999999999981126e-01
1.837434895833333914e-01,2.060000000000000199e-03,2.953749999999999779e-03,9.999999999999971134e-01
1.837960069444445066e-01,2.060000000000000199e-03,3.004166666666666704e-03,9.999999999999952260e-01
1.838485243055555940e-01,2.060000000000000199e-03,3.054583333333333196e-03,1.000000000000005995e+00
1.839010416666667092e-01,2.060000000000000199e-03,3.104999999999999687e-03,1.000000000000003775e+00
1.839535590277778243e-01,2.060000000000000199e-03,3.155416666666666613e-03,1.000000000000001332e+00
1.840060763888889395e-01,2.060000000000000199e-03,3.205833333333333104e-03,1.000000000000000222e+00
1.840585937500000546e-01,2.060000000000000199e-03,3.256250000000000030e-03,9.999999999999978906e-01
1.841111111111111698e-01,2.060000000000000199e-03,3.306666666666666522e-03,9.999999999999967804e-01
1.841636284722222849e-01,2.060000000000000199e-03,3.357083333333333013e-03,9.999999999999958922e-01
1.842161458333333723e-01,2.060000000000000199e-03,3.407499999999999939e-03,1.000000000000005551e+00
1.842686631944444875e-01,2.060000000000000199e-03,3.457916666666666430e-03,1.000000000000003553e+00
1.843211805555556027e-01,2.060000000000000199e-03,3.508333333333333356e-03,1.000000000000001332e+00
1.843736979166667178e-01,2.060000000000000199e-03,3.558749999999999847e-03,9.999999999999998890e-01
1.844262152777778330e-01,2.060000000000000199e-03,3.609166666666666339e-03,9.999999999999984457e-01
1.844787326388889481e-01,2.060000000000000199e-03,3.659583333333333265e-03,9.999999999999964473e-01
1.845312500000000355e-01,2.060000000000000199e-03,3.709999999999999756e-03,1.000000000000007105e+00
1.845837673611111507e-01,2.060000000000000199e-03,3.760416666666666682e-03,1.000000000000004441e+00
1.846362847222222658e-01,2.060000000000000199e-03,3.810833333333333173e-03,1.000000000000002442e+00
1.846888020833333810e-01,2.060000000000000199e-03,3.861249999999999665e-03,1.000000000000000888e+00
1.847413194444444962e-01,2.060000000000000199e-03,3.911666666666666591e-03,9.999999999999985567e-01
1.847938368055556113e-01,2.060000000000000199e-03,3.962083333333333082e-03,9.999999999999975575e-01
1.848463541666667265e-01,2.060000000000000199e-03,4.012499999999999574e-03,9.999999999999963363e-01
1.848988715277778416e-01,2.060000000000000199e-03,4.062916666666666066e-03,9.999999999999954481e-01
1.849513888888889290e-01,2.060000000000000199e-03,4.113333333333333425e-03,1.000000000000004441e+00
1.850039062500000442e-01,2.060000000000000199e-03,4.163749999999999916e-03,1.000000000000002665e+00
1.850564236111111593e-01,2.060000000000000199e-03,4.214166666666666408e-03,1.000000000000001332e+00
1.851089409722222745e-01,2.060000000000000199e-03,4.264583333333332900e-03,9.999999999999996669e-01
1.851614583333333897e-01,2.060000000000000199e-03,4.314999999999999392e-03,9.999999999999984457e-01
1.852139756944445048e-01,2.060000000000000199e-03,4.365416666666666751e-03,9.999999999999957812e-01
1.852664930555555922e-01,2.060000000000000199e-03,4.415833333333333242e-03,1.000000000000006439e+00
1.853190104166667074e-01,2.060000000000000199e-03,4.466249999999999734e-03,1.000000000000004441e+00
1.853715277777778225e-01,2.060000000000000199e-03,4.516666666666666226e-03,1.000000000000002665e+00
1.854240451388889377e-01,2.060000000000000199e-03,4.567083333333332718e-03,1.000000000000001110e+00
1.854765625000000528e-01,2.060000000000000199e-03,4.617500000000000077e-03,9.999999999999980016e-01
1.855290798611111680e-01,2.060000000000000199e-03,4.667916666666666568e-03,9.999999999999967804e-01
1.855815972222222832e-01,2.060000000000000199e-03,4.718333333333333060e-03,9.999999999999958922e-01
1.856341145833333706e-01,2.060000000000000199e-03,4.768749999999999552e-03,1.000000000000006661e+00
1.856866319444444857e-01,2.060000000000000199e-03,4.819166666666666043e-03,1.000000000000004663e+00
1.857391493055556009e-01,2.060000000000000199e-03,4.869583333333333403e-03,1.000000000000001110e+00
1.857916666666667160e-01,2.060000000000000199e-03,4.919999999999999894e-03,9.999999999999996669e-01
1.907916666666667205e-01,2.170000000000000054e-03,4.919999999999999894e-03,6.999999999999999556e-01
1.908441840277778356e-01,2.170000000000000054e-03,4.869583333333333403e-03,6.999999999999999556e-01
1.908967013888889508e-01,2.170000000000000054e-03,4.819166666666666911e-03,6.999999999999999556e-01
1.909492187500000659e-01,2.170000000000000054e-03,4.768749999999999552e-03,6.999999999999999556e-01
1.910017361111111533e-01,2.170000000000000054e-03,4.718333333333333060e-03,6.999999999999999556e-01
1.910542534722222685e-01,2.170000000000000054e-03,4.667916666666666568e-03,6.999999999999999556e-01
1.911067708333333837e-01,2.170000000000000054e-03,4.617500000000000077e-03,6.999999999999999556e-01
1.911592881944444988e-01,2.170000000000000054e-03,4.567083333333333585e-03,6.999999999999999556e-01
1.912118055555556140e-01,2.170000000000000054e-03,4.516666666666666226e-03,6.999999999999999556e-01
1.912643229166667291e-01,2.170000000000000054e-03,4.466249999999999734e-03,7.435632909958883596e-01
1.913168402777778443e-01,2.170000000000000054e-03,4.415833333333333242e-03,7.875732272295105085e-01
1.913693576388889317e-01,2.170000000000000054e-03,4.365416666666666751e-03,8.258639978187217734e-01
1.914218750000000469e-01,2.170000000000000054e-03,4.315000000000000259e-03,8.589238067714835001e-01
1.914743923611111620e-01,2.170000000000000054e-03,4.264583333333333767e-03,8.872215495107803607e-01
1.915269097222222772e-01,2.170000000000000054e-03,4.214166666666666408e-03,9.112068128745799411e-01
1.915794270833333923e-01,2.170000000000000054e-03,4.163749999999999916e-03,9.313098751158487287e-01
1.916319444444445075e-01,2.170000000000000054e-03,4.113333333333333425e-03,9.479417059025438963e-01
1.916844618055556226e-01,2.170000000000000054e-03,4.062916666666666933e-03,9.614939663176182982e-01
1.917369791666667100e-01,2.170000000000000054e-03,4.012500000000000441e-03,9.723390088590306846e-01
1.917894965277778252e-01,2.170000000000000054e-03,3.962083333333333082e-03,9.808298774396978503e-01
1.918420138888889404e-01,2.170000000000000054e-03,3.911666666666666591e-03,9.873003073875726843e-01
1.918945312500000555e-01,2.170000000000000054e-03,3.861250000000000099e-03,9.920647254455841058e-01
1.919470486111111707e-01,2.170000000000000054e-03,3.810833333333333607e-03,9.954182497716582700e-01
1.919995659722222858e-01,2.170000000000000054e-03,3.760416666666666682e-03,9.976366899387146825e-01
1.920520833333334010e-01,2.170000000000000054e-03,3.709999999999999756e-03,9.989765469346691962e-01
1.921046006944444884e-01,2.170000000000000054e-03,3.659583333333333265e-03,9.996750131624440039e-01
1.921571180555556035e-01,2.170000000000000054e-03,3.609166666666666773e-03,9.999499724399176781e-01
1.922096354166667187e-01,2.170000000000000054e-03,3.558750000000000281e-03,1.000000000000002220e+00
1.922621527777778339e-01,2.170000000000000054e-03,3.508333333333333356e-03,9.999999999999997780e-01
1.923146701388889490e-01,2.170000000000000054e-03,3.457916666666666430e-03,9.999999999999976685e-01
1.923671875000000642e-01,2.170000000000000054e-03,3.407499999999999939e-03,9.999999999999963363e-01
1.924197048611111516e-01,2.170000000000000054e-03,3.357083333333333447e-03,1.000000000000007105e+00
1.924722222222222667e-01,2.170000000000000054e-03,3.306666666666666955e-03,1.000000000000005107e+00
1.925247395833333819e-01,2.170000000000000054e-03,3.256250000000000030e-03,1.000000000000002442e+00
1.925772569444444970e-01,2.170000000000000054e-03,3.205833333333333104e-03,1.000000000000000000e+00
1.926297743055556122e-01,2.170000000000000054e-03,3.155416666666666613e-03,9.999999999999986677e-01
1.926822916666667274e-01,2.170000000000000054e-03,3.105000000000000121e-03,9.999999999999975575e-01
1.927348090277778425e-01,2.170000000000000054e-03,3.054583333333333629e-03,9.999999999999963363e-01
1.927873263888889299e-01,2.170000000000000054e-03,3.004166666666666704e-03,1.000000000000006217e+00
1.928398437500000451e-01,2.170000000000000054e-03,2.953750000000000212e-03,1.000000000000004219e+00
1.928923611111111602e-01,2.170000000000000054e-03,2.903333333333333287e-03,1.000000000000001554e+00
1.929448784722222754e-01,2.170000000000000054e-03,2.852916666666666795e-03,1.000000000000000222e+00
1.929973958333333905e-01,2.170000000000000054e-03,2.802500000000000303e-03,9.999999999999986677e-01
1.930499131944445057e-01,2.170000000000000054e-03,2.752083333333333378e-03,9.999999999999966693e-01
1.931024305555556209e-01,2.170000000000000054e-03,2.701666666666666886e-03,9.999999999999958922e-01
1.931549479166667083e-01,2.170000000000000054e-03,2.651249999999999961e-03,1.000000000000005551e+00
1.932074652777778234e-01,2.170000000000000054e-03,2.600833333333333469e-03,1.000000000000003553e+00
1.932599826388889386e-01,2.170000000000000054e-03,2.550416666666666977e-03,1.000000000000001998e+00
1.933125000000000537e-01,2.170000000000000054e-03,2.500000000000000052e-03,9.999999999999997780e-01
1.933650173611111689e-01,2.170000000000000054e-03,2.449583333333333560e-03,9.999999999999984457e-01
1.934175347222222840e-01,2.170000000000000054e-03,2.399166666666666635e-03,9.999999999999963363e-01
1.934700520833333992e-01,2.170000000000000054e-03,2.348750000000000143e-03,9.999999999999956701e-01
1.935225694444444866e-01,2.170000000000000054e-03,2.298333333333333652e-03,1.000000000000006217e+00
1.935750868055556018e-01,2.170000000000000054e-03,2.247916666666666726e-03,1.000000000000003331e+00
1.936276041666667169e-01,2.170000000000000054e-03,2.197500000000000234e-03,1.000000000000001776e+00
1.936801215277778321e-01,2.170000000000000054e-03,2.147083333333333743e-03,1.000000000000000444e+00
1.937326388888889472e-01,2.170000000000000054e-03,2.096666666666666817e-03,9.999999999999981126e-01
1.937851562500000624e-01,2.170000000000000054e-03,2.046250000000000326e-03,9.999999999999971134e-01
1.938376736111111776e-01,2.170000000000000054e-03,1.995833333333333400e-03,9.999999999999952260e-01
1.938901909722222650e-01,2.170000000000000054e-03,1.945416666666666908e-03,1.000000000000005995e+00
1.939427083333333801e-01,2.170000000000000054e-03,1.895000000000000417e-03,1.000000000000003775e+00
1.939952256944444953e-01,2.170000000000000054e-03,1.844583333333333491e-03,1.000000000000001332e+00
1.940477430555556104e-01,2.170000000000000054e-03,1.794166666666667000e-03,1.000000000000000222e+00
1.941002604166667256e-01,2.170000000000000054e-03,1.743750000000000074e-03,9.999999999999978906e-01
1.941527777777778407e-01,2.170000000000000054e-03,1.693333333333333583e-03,9.999999999999967804e-01
1.942052951388889559e-01,2.170000000000000054e-03,1.642916666666667091e-03,9.999999999999958922e-01
1.942578125000000433e-01,2.170000000000000054e-03,1.592500000000000165e-03,1.000000000000005551e+00
1.943103298611111585e-01,2.170000000000000054e-03,1.542083333333333674e-03,1.000000000000003553e+00
1.943628472222222736e-01,2.170000000000000054e-03,1.491666666666666748e-03,1.000000000000001332e+00
1.944153645833333888e-01,2.170000000000000054e-03,1.441250000000000257e-03,9.999999999999998890e-01
1.944678819444445039e-01,2.170000000000000054e-03,1.390833333333333765e-03,9.999999999999984457e-01
1.945203993055556191e-01,2.170000000000000054e-03,1.340416666666666839e-03,9.999999999999964473e-01
1.945729166666667065e-01,2.170000000000000054e-03,1.290000000000000348e-03,1.000000000000007105e+00
1.946254340277778216e-01,2.170000000000000054e-03,1.239583333333333422e-03,1.000000000000004441e+00
1.946779513888889368e-01,2.170000000000000054e-03,1.189166666666666931e-03,1.000000000000002442e+00
1.947304687500000520e-01,2.170000000000000054e-03,1.138750000000000439e-03,1.000000000000000888e+00
1.947829861111111671e-01,2.170000000000000054e-03,1.088333333333333514e-03,9.999999999999985567e-01
1.948355034722222823e-01,2.170000000000000054e-03,1.037916666666667022e-03,9.999999999999975575e-01
1.948880208333333974e-01,2.170000000000000054e-03,9.875000000000005301e-04,9.999999999999963363e-01
1.949405381944445126e-01,2.170000000000000054e-03,9.370833333333340384e-04,9.999999999999954481e-01
1.949930555555556000e-01,2.170000000000000054e-03,8.866666666666666793e-04,1.000000000000004441e+00
1.950455729166667151e-01,2.170000000000000054e-03,8.362500000000001876e-04,1.000000000000002665e+00
1.950980902777778303e-01,2.170000000000000054e-03,7.858333333333336959e-04,1.000000000000001332e+00
1.951506076388889455e-01,2.170000000000000054e-03,7.354166666666672042e-04,9.999999999999996669e-01
1.952031250000000606e-01,2.170000000000000054e-03,6.850000000000007125e-04,9.999999999999984457e-01
1.952556423611111758e-01,2.170000000000000054e-03,6.345833333333333534e-04,9.999999999999957812e-01
1.953081597222222632e-01,2.170000000000000054e-03,5.841666666666668617e-04,1.000000000000006439e+00
1.953606770833333783e-01,2.170000000000000054e-03,5.337500000000003700e-04,1.000000000000004441e+00
1.954131944444444935e-01,2.170000000000000054e-03,4.833333333333338783e-04,1.000000000000002665e+00
1.954657118055556086e-01,2.170000000000000054e-03,4.329166666666673866e-04,1.000000000000001110e+00
1.955182291666667238e-01,2.170000000000000054e-03,3.825000000000000275e-04,9.999999999999980016e-01
1.955707465277778390e-01,2.170000000000000054e-03,3.320833333333335358e-04,9.999999999999967804e-01
1.956232638888889541e-01,2.170000000000000054e-03,2.816666666666670440e-04,9.999999999999958922e-01
1.956757812500000415e-01,2.170000000000000054e-03,2.312500000000005523e-04,1.000000000000006661e+00
1.957282986111111567e-01,2.170000000000000054e-03,1.808333333333340606e-04,1.000000000000004663e+00
1.957808159722222718e-01,2.170000000000000054e-03,1.304166666666667015e-04,1.000000000000001110e+00
1.958333333333333870e-01,2.170000000000000054e-03,8.000000000000000654e-05,9.999999999999991118e-01
2.008333333333333914e-01,2.279999999999999909e-03,8.000000000000000654e-05,6.999999999999999556e-01
2.008858506944445066e-01,2.279999999999999909e-03,1.304166666666666744e-04,6.999999999999999556e-01
2.009383680555556217e-01,2.279999999999999909e-03,1.808333333333333288e-04,6.999999999999999556e-01
2.009908854166667369e-01,2.279999999999999909e-03,2.312500000000000102e-04,6.999999999999999556e-01
2.010434027777778243e-01,2.279999999999999909e-03,2.816666666666666646e-04,6.999999999999999556e-01
2.010959201388889395e-01,2.279999999999999909e-03,3.320833333333333189e-04,6.999999999999999556e-01
2.011484375000000546e-01,2.279999999999999909e-03,3.824999999999999733e-04,6.999999999999999556e-01
2.012009548611111698e-01,2.279999999999999909e-03,4.329166666666666276e-04,6.999999999999999556e-01
2.012534722222222849e-01,2.279999999999999909e-03,4.833333333333332820e-04,6.999999999999999556e-01
2.013059895833334001e-01,2.279999999999999909e-03,5.337499999999999363e-04,7.435632909958885817e-01
2.013585069444445153e-01,2.279999999999999909e-03,5.841666666666666449e-04,7.875732272295103975e-01
2.014110243055556027e-01,2.279999999999999909e-03,6.345833333333332450e-04,8.258639978187216624e-01
2.014635416666667178e-01,2.279999999999999909e-03,6.849999999999999535e-04,8.589238067714830560e-01
2.015160590277778330e-01,2.279999999999999909e-03,7.354166666666665537e-04,8.872215495107798056e-01
2.015685763888889481e-01,2.279999999999999909e-03,7.858333333333332622e-04,9.112068128745802742e-01
2.016210937500000633e-01,2.279999999999999909e-03,8.362499999999998624e-04,9.313098751158489508e-01
2.016736111111111784e-01,2.279999999999999909e-03,8.866666666666665709e-04,9.479417059025437853e-01
2.017261284722222936e-01,2.279999999999999909e-03,9.370833333333332795e-04,9.614939663176177431e-01
2.017786458333333810e-01,2.279999999999999909e-03,9.874999999999998796e-04,9.723390088590299074e-01
2.018311631944444962e-01,2.279999999999999909e-03,1.037916666666666588e-03,9.808298774396982944e-01
2.018836805555556113e-01,2.279999999999999909e-03,1.088333333333333297e-03,9.873003073875726843e-01
2.019361979166667265e-01,2.279999999999999909e-03,1.138749999999999788e-03,9.920647254455843278e-01
2.019887152777778416e-01,2.279999999999999909e-03,1.189166666666666497e-03,9.954182497716580480e-01
2.020412326388889568e-01,2.279999999999999909e-03,1.239583333333333206e-03,9.976366899387146825e-01
2.020937500000000719e-01,2.279999999999999909e-03,1.289999999999999914e-03,9.989765469346699733e-01
2.021462673611111593e-01,2.279999999999999909e-03,1.340416666666666623e-03,9.996750131624441149e-01
2.021987847222222745e-01,2.279999999999999909e-03,1.390833333333333114e-03,9.999499724399179001e-01
2.022513020833333897e-01,2.279999999999999909e-03,1.441249999999999823e-03,1.000000000000001776e+00
2.023038194444445048e-01,2.279999999999999909e-03,1.491666666666666531e-03,9.999999999999997780e-01
2.023563368055556200e-01,2.279999999999999909e-03,1.542083333333333240e-03,9.999999999999980016e-01
2.024088541666667351e-01,2.279999999999999909e-03,1.592499999999999732e-03,9.999999999999971134e-01
2.024613715277778225e-01,2.279999999999999909e-03,1.642916666666666440e-03,1.000000000000007105e+00
2.025138888888889377e-01,2.279999999999999909e-03,1.693333333333333149e-03,1.000000000000004663e+00
2.025664062500000528e-01,2.279999999999999909e-03,1.743749999999999857e-03,1.000000000000002442e+00
2.026189236111111680e-01,2.279999999999999909e-03,1.794166666666666566e-03,1.000000000000000444e+00
2.026714409722222832e-01,2.279999999999999909e-03,1.844583333333333058e-03,9.999999999999992228e-01
2.027239583333333983e-01,2.279999999999999909e-03,1.894999999999999766e-03,9.999999999999975575e-01
2.027764756944445135e-01,2.279999999999999909e-03,1.945416666666666475e-03,9.999999999999960032e-01
2.028289930555556009e-01,2.279999999999999909e-03,1.995833333333333400e-03,1.000000000000005773e+00
2.028815104166667160e-01,2.279999999999999909e-03,2.046249999999999892e-03,1.000000000000003775e+00
2.029340277777778312e-01,2.279999999999999909e-03,2.096666666666666817e-03,1.000000000000001110e+00
2.029865451388889463e-01,2.279999999999999909e-03,2.147083333333333309e-03,9.999999999999998890e-01
2.030390625000000615e-01,2.279999999999999909e-03,2.197499999999999801e-03,9.999999999999984457e-01
2.030915798611111767e-01,2.279999999999999909e-03,2.247916666666666726e-03,9.999999999999964473e-01
2.031440972222222918e-01,2.279999999999999909e-03,2.298333333333333218e-03,9.999999999999956701e-01
2.031966145833333792e-01,2.279999999999999909e-03,2.348750000000000143e-03,1.000000000000005329e+00
2.032491319444444944e-01,2.279999999999999909e-03,2.399166666666666635e-03,1.000000000000003331e+00
2.033016493055556095e-01,2.279999999999999909e-03,2.449583333333333127e-03,1.000000000000001776e+00
2.033541666666667247e-01,2.279999999999999909e-03,2.500000000000000052e-03,9.999999999999995559e-01
2.034066840277778399e-01,2.279999999999999909e-03,2.550416666666666544e-03,9.999999999999982236e-01
2.034592013888889550e-01,2.279999999999999909e-03,2.600833333333333469e-03,9.999999999999963363e-01
2.035117187500000702e-01,2.279999999999999909e-03,2.651249999999999961e-03,9.999999999999954481e-01
2.035642361111111576e-01,2.279999999999999909e-03,2.701666666666666453e-03,1.000000000000006217e+00
2.036167534722222727e-01,2.279999999999999909e-03,2.752083333333333378e-03,1.000000000000003331e+00
2.036692708333333879e-01,2.279999999999999909e-03,2.802499999999999870e-03,1.000000000000001776e+00
2.037217881944445030e-01,2.279999999999999909e-03,2.852916666666666361e-03,1.000000000000000444e+00
2.037743055555556182e-01,2.279999999999999909e-03,2.903333333333333287e-03,9.999999999999981126e-01
2.038268229166667334e-01,2.279999999999999909e-03,2.953749999999999779e-03,9.999999999999971134e-01
2.038793402777778485e-01,2.279999999999999909e-03,3.004166666666666704e-03,9.999999999999952260e-01
2.039318576388889359e-01,2.279999999999999909e-03,3.054583333333333196e-03,1.000000000000005995e+00
2.039843750000000511e-01,2.279999999999999909e-03,3.104999999999999687e-03,1.000000000000003775e+00
2.040368923611111662e-01,2.279999999999999909e-03,3.155416666666666613e-03,1.000000000000001332e+00
2.040894097222222814e-01,2.279999999999999909e-03,3.205833333333333104e-03,1.000000000000000222e+00
2.041419270833333965e-01,2.279999999999999909e-03,3.256250000000000030e-03,9.999999999999978906e-01
2.041944444444445117e-01,2.279999999999999909e-03,3.306666666666666522e-03,9.999999999999967804e-01
2.042469618055556269e-01,2.279999999999999909e-03,3.357083333333333013e-03,9.999999999999958922e-01
2.042994791666667143e-01,2.279999999999999909e-03,3.407499999999999939e-03,1.000000000000005551e+00
2.043519965277778294e-01,2.279999999999999909e-03,3.457916666666666430e-03,1.000000000000003553e+00
2.044045138888889446e-01,2.279999999999999909e-03,3.508333333333333356e-03,1.000000000000001332e+00
2.044570312500000597e-01,2.279999999999999909e-03,3.558749999999999847e-03,9.999999999999998890e-01
2.045095486111111749e-01,2.279999999999999909e-03,3.609166666666666339e-03,9.999999999999984457e-01
2.045620659722222900e-01,2.279999999999999909e-03,3.659583333333333265e-03,9.999999999999964473e-01
2.046145833333333774e-01,2.279999999999999909e-03,3.709999999999999756e-03,1.000000000000007105e+00
2.046671006944444926e-01,2.279999999999999909e-03,3.760416666666666682e-03,1.000000000000004441e+00
2.047196180555556078e-01,2.279999999999999909e-03,3.810833333333333173e-03,1.000000000000002442e+00
2.047721354166667229e-01,2.279999999999999909e-03,3.861249999999999665e-03,1.000000000000000888e+00
2.048246527777778381e-01,2.279999999999999909e-03,3.911666666666666591e-03,9.999999999999985567e-01
2.048771701388889532e-01,2.279999999999999909e-03,3.962083333333333082e-03,9.999999999999975575e-01
2.049296875000000684e-01,2.279999999999999909e-03,4.012499999999999574e-03,9.999999999999963363e-01
2.049822048611111835e-01,2.279999999999999909e-03,4.062916666666666066e-03,9.999999999999954481e-01
2.050347222222222709e-01,2.279999999999999909e-03,4.113333333333333425e-03,1.000000000000004441e+00
2.050872395833333861e-01,2.279999999999999909e-03,4.163749999999999916e-03,1.000000000000002665e+00
2.051397569444445013e-01,2.279999999999999909e-03,4.214166666666666408e-03,1.000000000000001332e+00
2.051922743055556164e-01,2.279999999999999909e-03,4.264583333333332900e-03,9.999999999999996669e-01
2.052447916666667316e-01,2.279999999999999909e-03,4.314999999999999392e-03,9.999999999999984457e-01
2.052973090277778467e-01,2.279999999999999909e-03,4.365416666666666751e-03,9.999999999999957812e-01
2.053498263888889341e-01,2.279999999999999909e-03,4.415833333333333242e-03,1.000000000000006439e+00
2.054023437500000493e-01,2.279999999999999909e-03,4.466249999999999734e-03,1.000000000000004441e+00
2.054548611111111645e-01,2.279999999999999909e-03,4.516666666666666226e-03,1.000000000000002665e+00
2.055073784722222796e-01,2.279999999999999909e-03,4.567083333333332718e-03,1.000000000000001110e+00
2.055598958333333948e-01,2.279999999999999909e-03,4.617500000000000077e-03,9.999999999999980016e-01
2.056124131944445099e-01,2.279999999999999909e-03,4.667916666666666568e-03,9.999999999999967804e-01
2.056649305555556251e-01,2.279999999999999909e-03,4.718333333333333060e-03,9.999999999999958922e-01
2.057174479166667125e-01,2.279999999999999909e-03,4.768749999999999552e-03,1.000000000000006661e+00
2.057699652777778276e-01,2.279999999999999909e-03,4.819166666666666043e-03,1.000000000000004663e+00
2.058224826388889428e-01,2.279999999999999909e-03,4.869583333333333403e-03,1.000000000000001110e+00
2.058750000000000580e-01,2.279999999999999909e-03,4.919999999999999894e-03,9.999999999999996669e-01
2.108750000000000624e-01,2.390000000000000197e-03,4.919999999999999894e-03,6.999999999999999556e-01
2.109275173611111776e-01,2.390000000000000197e-03,4.869583333333333403e-03,6.999999999999999556e-01
2.109800347222222927e-01,2.390000000000000197e-03,4.819166666666666911e-03,6.999999999999999556e-01
2.110325520833334079e-01,2.390000000000000197e-03,4.768749999999999552e-03,6.999999999999999556e-01
2.110850694444444953e-01,2.390000000000000197e-03,4.718333333333333060e-03,6.999999999999999556e-01
2.111375868055556104e-01,2.390000000000000197e-03,4.667916666666666568e-03,6.999999999999999556e-01
2.111901041666667256e-01,2.390000000000000197e-03,4.617500000000000077e-03,6.999999999999999556e-01
2.112426215277778407e-01,2.390000000000000197e-03,4.567083333333333585e-03,6.999999999999999556e-01
2.112951388888889559e-01,2.390000000000000197e-03,4.516666666666666226e-03,6.999999999999999556e-01
2.113476562500000711e-01,2.390000000000000197e-03,4.466249999999999734e-03,7.435632909958883596e-01
2.114001736111111862e-01,2.390000000000000197e-03,4.415833333333333242e-03,7.875732272295105085e-01
2.114526909722222736e-01,2.390000000000000197e-03,4.365416666666666751e-03,8.258639978187217734e-01
2.115052083333333888e-01,2.390000000000000197e-03,4.315000000000000259e-03,8.589238067714835001e-01
2.115577256944445039e-01,2.390000000000000197e-03,4.264583333333333767e-03,8.872215495107803607e-01
2.116102430555556191e-01,2.390000000000000197e-03,4.214166666666666408e-03,9.112068128745799411e-01
2.116627604166667342e-01,2.390000000000000197e-03,4.163749999999999916e-03,9.313098751158487287e-01
2.117152777777778494e-01,2.390000000000000197e-03,4.113333333333333425e-03,9.479417059025438963e-01
2.117677951388889646e-01,2.390000000000000197e-03,4.062916666666666933e-03,9.614939663176182982e-01
2.118203125000000520e-01,2.390000000000000197e-03,4.012500000000000441e-03,9.723390088590306846e-01
2.118728298611111671e-01,2.390000000000000197e-03,3.962083333333333082e-03,9.808298774396978503e-01
2.119253472222222823e-01,2.390000000000000197e-03,3.911666666666666591e-03,9.873003073875726843e-01
2.119778645833333974e-01,2.390000000000000197e-03,3.861250000000000099e-03,9.920647254455841058e-01
2.120303819444445126e-01,2.390000000000000197e-03,3.810833333333333607e-03,9.954182497716582700e-01
2.120828993055556277e-01,2.390000000000000197e-03,3.760416666666666682e-03,9.976366899387146825e-01
2.121354166666667429e-01,2.390000000000000197e-03,3.709999999999999756e-03,9.989765469346691962e-01
2.121879340277778303e-01,2.390000000000000197e-03,3.659583333333333265e-03,9.996750131624440039e-01
2.122404513888889455e-01,2.390000000000000197e-03,3.609166666666666773e-03,9.999499724399176781e-01
2.122929687500000606e-01,2.390000000000000197e-03,3.558750000000000281e-03,1.000000000000002220e+00
2.123454861111111758e-01,2.390000000000000197e-03,3.508333333333333356e-03,9.999999999999997780e-01
2.123980034722222909e-01,2.390000000000000197e-03,3.457916666666666430e-03,9.999999999999976685e-01
2.124505208333334061e-01,2.390000000000000197e-03,3.407499999999999939e-03,9.999999999999963363e-01
2.125030381944444935e-01,2.390000000000000197e-03,3.357083333333333447e-03,1.000000000000007105e+00
2.125555555555556086e-01,2.390000000000000197e-03,3.306666666666666955e-03,1.000000000000005107e+00
2.126080729166667238e-01,2.390000000000000197e-03,3.256250000000000030e-03,1.000000000000002442e+00
2.126605902777778390e-01,2.390000000000000197e-03,3.205833333333333104e-03,1.000000000000000000e+00
2.127131076388889541e-01,2.390000000000000197e-03,3.155416666666666613e-03,9.999999999999986677e-01
2.127656250000000693e-01,2.390000000000000197e-03,3.105000000000000121e-03,9.999999999999975575e-01
2.128181423611111844e-01,2.390000000000000197e-03,3.054583333333333629e-03,9.999999999999963363e-01
2.128706597222222718e-01,2.390000000000000197e-03,3.004166666666666704e-03,1.000000000000006217e+00
2.129231770833333870e-01,2.390000000000000197e-03,2.953750000000000212e-03,1.000000000000004219e+00
2.129756944444445022e-01,2.390000000000000197e-03,2.903333333333333287e-03,1.000000000000001554e+00
2.130282118055556173e-01,2.390000000000000197e-03,2.852916666666666795e-03,1.000000000000000222e+00
2.130807291666667325e-01,2.390000000000000197e-03,2.802500000000000303e-03,9.999999999999986677e-01
2.131332465277778476e-01,2.390000000000000197e-03,2.752083333333333378e-03,9.999999999999966693e-01
2.131857638888889628e-01,2.390000000000000197e-03,2.701666666666666886e-03,9.999999999999958922e-01
2.132382812500000502e-01,2.390000000000000197e-03,2.651249999999999961e-03,1.000000000000005551e+00
2.132907986111111653e-01,2.390000000000000197e-03,2.600833333333333469e-03,1.000000000000003553e+00
2.133433159722222805e-01,2.390000000000000197e-03,2.550416666666666977e-03,1.000000000000001998e+00
2.133958333333333957e-01,2.390000000000000197e-03,2.500000000000000052e-03,9.999999999999997780e-01
2.134483506944445108e-01,2.390000000000000197e-03,2.449583333333333560e-03,9.999999999999984457e-01
2.135008680555556260e-01,2.390000000000000197e-03,2.399166666666666635e-03,9.999999999999963363e-01
2.135533854166667411e-01,2.390000000000000197e-03,2.348750000000000143e-03,9.999999999999956701e-01
2.136059027777778285e-01,2.390000000000000197e-03,2.298333333333333652e-03,1.000000000000006217e+00
2.136584201388889437e-01,2.390000000000000197e-03,2.247916666666666726e-03,1.000000000000003331e+00
2.137109375000000588e-01,2.390000000000000197e-03,2.197500000000000234e-03,1.000000000000001776e+00
2.137634548611111740e-01,2.390000000000000197e-03,2.147083333333333743e-03,1.000000000000000444e+00
2.138159722222222892e-01,2.390000000000000197e-03,2.096666666666666817e-03,9.999999999999981126e-01
2.138684895833334043e-01,2.390000000000000197e-03,2.046250000000000326e-03,9.999999999999971134e-01
2.139210069444445195e-01,2.390000000000000197e-03,1.995833333333333400e-03,9.999999999999952260e-01
2.139735243055556069e-01,2.390000000000000197e-03,1.945416666666666908e-03,1.000000000000005995e+00
2.140260416666667220e-01,2.390000000000000197e-03,1.895000000000000417e-03,1.000000000000003775e+00
2.140785590277778372e-01,2.390000000000000197e-03,1.844583333333333491e-03,1.000000000000001332e+00
2.141310763888889523e-01,2.390000000000000197e-03,1.794166666666667000e-03,1.000000000000000222e+00
2.141835937500000675e-01,2.390000000000000197e-03,1.743750000000000074e-03,9.999999999999978906e-01
2.142361111111111827e-01,2.390000000000000197e-03,1.693333333333333583e-03,9.999999999999967804e-01
2.142886284722222978e-01,2.390000000000000197e-03,1.642916666666667091e-03,9.999999999999958922e-01
2.143411458333333852e-01,2.390000000000000197e-03,1.592500000000000165e-03,1.000000000000005551e+00
2.143936631944445004e-01,2.390000000000000197e-03,1.542083333333333674e-03,1.000000000000003553e+00
2.144461805555556155e-01,2.390000000000000197e-03,1.491666666666666748e-03,1.000000000000001332e+00
2.144986979166667307e-01,2.390000000000000197e-03,1.441250000000000257e-03,9.999999999999998890e-01
2.145512152777778458e-01,2.390000000000000197e-03,1.390833333333333765e-03,9.999999999999984457e-01
2.146037326388889610e-01,2.390000000000000197e-03,1.340416666666666839e-03,9.999999999999964473e-01
2.146562500000000484e-01,2.390000000000000197e-03,1.290000000000000348e-03,1.000000000000007105e+00
2.147087673611111636e-01,2.390000000000000197e-03,1.239583333333333422e-03,1.000000000000004441e+00
2.147612847222222787e-01,2.390000000000000197e-03,1.189166666666666931e-03,1.000000000000002442e+00
2.148138020833333939e-01,2.390000000000000197e-03,1.138750000000000439e-03,1.000000000000000888e+00
2.148663194444445090e-01,2.390000000000000197e-03,1.088333333333333514e-03,9.999999999999985567e-01
2.149188368055556242e-01,2.390000000000000197e-03,1.037916666666667022e-03,9.999999999999975575e-01
2.149713541666667393e-01,2.390000000000000197e-03,9.875000000000005301e-04,9.999999999999963363e-01
2.150238715277778545e-01,2.390000000000000197e-03,9.370833333333340384e-04,9.999999999999954481e-01
2.150763888888889419e-01,2.390000000000000197e-03,8.866666666666666793e-04,1.000000000000004441e+00
2.151289062500000571e-01,2.390000000000000197e-03,8.362500000000001876e-04,1.000000000000002665e+00
2.151814236111111722e-01,2.390000000000000197e-03,7.858333333333336959e-04,1.000000000000001332e+00
2.152339409722222874e-01,2.390000000000000197e-03,7.354166666666672042e-04,9.999999999999996669e-01
2.152864583333334025e-01,2.390000000000000197e-03,6.850000000000007125e-04,9.999999999999984457e-01
2.153389756944445177e-01,2.390000000000000197e-03,6.345833333333333534e-04,9.999999999999957812e-01
2.153914930555556051e-01,2.390000000000000197e-03,5.841666666666668617e-04,1.000000000000006439e+00
2.154440104166667203e-01,2.390000000000000197e-03,5.337500000000003700e-04,1.000000000000004441e+00
2.154965277777778354e-01,2.390000000000000197e-03,4.833333333333338783e-04,1.000000000000002665e+00
2.155490451388889506e-01,2.390000000000000197e-03,4.329166666666673866e-04,1.000000000000001110e+00
2.156015625000000657e-01,2.390000000000000197e-03,3.825000000000000275e-04,9.999999999999980016e-01
2.156540798611111809e-01,2.390000000000000197e-03,3.320833333333335358e-04,9.999999999999967804e-01
2.157065972222222960e-01,2.390000000000000197e-03,2.816666666666670440e-04,9.999999999999958922e-01
2.157591145833333834e-01,2.390000000000000197e-03,2.312500000000005523e-04,1.000000000000006661e+00
2.158116319444444986e-01,2.390000000000000197e-03,1.808333333333340606e-04,1.000000000000004663e+00
2.158641493055556138e-01,2.390000000000000197e-03,1.304166666666667015e-04,1.000000000000001110e+00
2.159166666666667289e-01,2.390000000000000197e-03,8.000000000000000654e-05,9.999999999999991118e-01
2.209166666666667334e-01,2.500000000000000052e-03,8.000000000000000654e-05,6.999999999999999556e-01
2.209691840277778485e-01,2.500000000000000052e-03,1.304166666666666744e-04,6.999999999999999556e-01
2.210217013888889637e-01,2.500000000000000052e-03,1.808333333333333288e-04,6.999999999999999556e-01
2.210742187500000788e-01,2.500000000000000052e-03,2.312500000000000102e-04,6.999999999999999556e-01
2.211267361111111662e-01,2.500000000000000052e-03,2.816666666666666646e-04,6.999999999999999556e-01
2.211792534722222814e-01,2.500000000000000052e-03,3.320833333333333189e-04,6.999999999999999556e-01
2.212317708333333965e-01,2.500000000000000052e-03,3.824999999999999733e-04,6.999999999999999556e-01
2.212842881944445117e-01,2.500000000000000052e-03,4.329166666666666276e-04,6.999999999999999556e-01
2.213368055555556269e-01,2.500000000000000052e-03,4.833333333333332820e-04,6.999999999999999556e-01
2.213893229166667420e-01,2.500000000000000052e-03,5.337499999999999363e-04,7.435632909958885817e-01
2.214418402777778572e-01,2.500000000000000052e-03,5.841666666666666449e-04,7.875732272295103975e-01
2.214943576388889446e-01,2.500000000000000052e-03,6.345833333333332450e-04,8.258639978187216624e-01
2.215468750000000597e-01,2.500000000000000052e-03,6.849999999999999535e-04,8.589238067714830560e-01
2.215993923611111749e-01,2.500000000000000052e-03,7.354166666666665537e-04,8.872215495107798056e-01
2.216519097222222900e-01,2.500000000000000052e-03,7.858333333333332622e-04,9.112068128745802742e-01
2.217044270833334052e-01,2.500000000000000052e-03,8.362499999999998624e-04,9.313098751158489508e-01
2.217569444444445204e-01,2.500000000000000052e-03,8.866666666666665709e-04,9.479417059025437853e-01
2.218094618055556355e-01,2.500000000000000052e-03,9.370833333333332795e-04,9.614939663176177431e-01
2.218619791666667229e-01,2.500000000000000052e-03,9.874999999999998796e-04,9.723390088590299074e-01
2.219144965277778381e-01,2.500000000000000052e-03,1.037916666666666588e-03,9.808298774396982944e-01
2.219670138888889532e-01,2.500000000000000052e-03,1.088333333333333297e-03,9.873003073875726843e-01
2.220195312500000684e-01,2.500000000000000052e-03,1.138749999999999788e-03,9.920647254455843278e-01
2.220720486111111835e-01,2.500000000000000052e-03,1.189166666666666497e-03,9.954182497716580480e-01
2.221245659722222987e-01,2.500000000000000052e-03,1.239583333333333206e-03,9.976366899387146825e-01
2.221770833333334139e-01,2.500000000000000052e-03,1.289999999999999914e-03,9.989765469346699733e-01
2.222296006944445013e-01,2.500000000000000052e-03,1.340416666666666623e-03,9.996750131624441149e-01
2.222821180555556164e-01,2.500000000000000052e-03,1.390833333333333114e-03,9.999499724399179001e-01
2.223346354166667316e-01,2.500000000000000052e-03,1.441249999999999823e-03,1.000000000000001776e+00
2.223871527777778467e-01,2.500000000000000052e-03,1.491666666666666531e-03,9.999999999999997780e-01
2.224396701388889619e-01,2.500000000000000052e-03,1.542083333333333240e-03,9.999999999999980016e-01
2.224921875000000770e-01,2.500000000000000052e-03,1.592499999999999732e-03,9.999999999999971134e-01
2.225447048611111645e-01,2.500000000000000052e-03,1.642916666666666440e-03,1.000000000000007105e+00
2.225972222222222796e-01,2.500000000000000052e-03,1.693333333333333149e-03,1.000000000000004663e+00
2.226497395833333948e-01,2.500000000000000052e-03,1.743749999999999857e-03,1.000000000000002442e+00
2.227022569444445099e-01,2.500000000000000052e-03,1.794166666666666566e-03,1.000000000000000444e+00
2.227547743055556251e-01,2.500000000000000052e-03,1.844583333333333058e-03,9.999999999999992228e-01
2.228072916666667402e-01,2.500000000000000052e-03,1.894999999999999766e-03,9.999999999999975575e-01
2.228598090277778554e-01,2.500000000000000052e-03,1.945416666666666475e-03,9.999999999999960032e-01
2.229123263888889428e-01,2.500000000000000052e-03,1.995833333333333400e-03,1.000000000000005773e+00
2.229648437500000580e-01,2.500000000000000052e-03,2.046249999999999892e-03,1.000000000000003775e+00
2.230173611111111731e-01,2.500000000000000052e-03,2.096666666666666817e-03,1.000000000000001110e+00
2.230698784722222883e-01,2.500000000000000052e-03,2.147083333333333309e-03,9.999999999999998890e-01
2.231223958333334034e-01,2.500000000000000052e-03,2.197499999999999801e-03,9.999999999999984457e-01
2.231749131944445186e-01,2.500000000000000052e-03,2.247916666666666726e-03,9.999999999999964473e-01
2.232274305555556337e-01,2.500000000000000052e-03,2.298333333333333218e-03,9.999999999999956701e-01
2.232799479166667211e-01,2.500000000000000052e-03,2.348750000000000143e-03,1.000000000000005329e+00
2.233324652777778363e-01,2.500000000000000052e-03,2.399166666666666635e-03,1.000000000000003331e+00
2.233849826388889515e-01,2.500000000000000052e-03,2.449583333333333127e-03,1.000000000000001776e+00
2.234375000000000666e-01,2.500000000000000052e-03,2.500000000000000052e-03,9.999999999999995559e-01
2.234900173611111818e-01,2.500000000000000052e-03,2.550416666666666544e-03,9.999999999999982236e-01
2.235425347222222969e-01,2.500000000000000052e-03,2.600833333333333469e-03,9.999999999999963363e-01
2.235950520833334121e-01,2.500000000000000052e-03,2.651249999999999961e-03,9.999999999999954481e-01
2.236475694444444995e-01,2.500000000000000052e-03,2.701666666666666453e-03,1.000000000000006217e+00
2.237000868055556146e-01,2.500000000000000052e-03,2.752083333333333378e-03,1.000000000000003331e+00
2.237526041666667298e-01,2.500000000000000052e-03,2.802499999999999870e-03,1.000000000000001776e+00
2.238051215277778450e-01,2.500000000000000052e-03,2.852916666666666361e-03,1.000000000000000444e+00
2.238576388888889601e-01,2.500000000000000052e-03,2.903333333333333287e-03,9.999999999999981126e-01
2.239101562500000753e-01,2.500000000000000052e-03,2.953749999999999779e-03,9.999999999999971134e-01
2.239626736111111904e-01,2.500000000000000052e-03,3.004166666666666704e-03,9.999999999999952260e-01
2.240151909722222778e-01,2.500000000000000052e-03,3.054583333333333196e-03,1.000000000000005995e+00
2.240677083333333930e-01,2.500000000000000052e-03,3.104999999999999687e-03,1.000000000000003775e+00
2.241202256944445081e-01,2.500000000000000052e-03,3.155416666666666613e-03,1.000000000000001332e+00
2.241727430555556233e-01,2.500000000000000052e-03,3.205833333333333104e-03,1.000000000000000222e+00
2.242252604166667385e-01,2.500000000000000052e-03,3.256250000000000030e-03,9.999999999999978906e-01
2.242777777777778536e-01,2.500000000000000052e-03,3.306666666666666522e-03,9.999999999999967804e-01
2.243302951388889688e-01,2.500000000000000052e-03,3.357083333333333013e-03,9.999999999999958922e-01
2.243828125000000562e-01,2.500000000000000052e-03,3.407499999999999939e-03,1.000000000000005551e+00
2.244353298611111713e-01,2.500000000000000052e-03,3.457916666666666430e-03,1.000000000000003553e+00
2.244878472222222865e-01,2.500000000000000052e-03,3.508333333333333356e-03,1.000000000000001332e+00
2.245403645833334016e-01,2.500000000000000052e-03,3.558749999999999847e-03,9.999999999999998890e-01
2.245928819444445168e-01,2.500000000000000052e-03,3.609166666666666339e-03,9.999999999999984457e-01
2.246453993055556320e-01,2.500000000000000052e-03,3.659583333333333265e-03,9.999999999999964473e-01
2.246979166666667194e-01,2.500000000000000052e-03,3.709999999999999756e-03,1.000000000000007105e+00
2.247504340277778345e-01,2.500000000000000052e-03,3.760416666666666682e-03,1.000000000000004441e+00
2.248029513888889497e-01,2.500000000000000052e-03,3.810833333333333173e-03,1.000000000000002442e+00
2.248554687500000648e-01,2.500000000000000052e-03,3.861249999999999665e-03,1.000000000000000888e+00
2.249079861111111800e-01,2.500000000000000052e-03,3.911666666666666591e-03,9.999999999999985567e-01
2.249605034722222952e-01,2.500000000000000052e-03,3.962083333333333082e-03,9.999999999999975575e-01
2.250130208333334103e-01,2.500000000000000052e-03,4.012499999999999574e-03,9.999999999999963363e-01
2.250655381944445255e-01,2.500000000000000052e-03,4.062916666666666066e-03,9.999999999999954481e-01
2.251180555555556129e-01,2.500000000000000052e-03,4.113333333333333425e-03,1.000000000000004441e+00
2.251705729166667280e-01,2.500000000000000052e-03,4.163749999999999916e-03,1.000000000000002665e+00
2.252230902777778432e-01,2.500000000000000052e-03,4.214166666666666408e-03,1.000000000000001332e+00
2.252756076388889583e-01,2.500000000000000052e-03,4.264583333333332900e-03,9.999999999999996669e-01
2.253281250000000735e-01,2.500000000000000052e-03,4.314999999999999392e-03,9.999999999999984457e-01
2.253806423611111887e-01,2.500000000000000052e-03,4.365416666666666751e-03,9.999999999999957812e-01
2.254331597222222761e-01,2.500000000000000052e-03,4.415833333333333242e-03,1.000000000000006439e+00
2.254856770833333912e-01,2.500000000000000052e-03,4.466249999999999734e-03,1.000000000000004441e+00
2.255381944444445064e-01,2.500000000000000052e-03,4.516666666666666226e-03,1.000000000000002665e+00
2.255907118055556215e-01,2.500000000000000052e-03,4.567083333333332718e-03,1.000000000000001110e+00
2.256432291666667367e-01,2.500000000000000052e-03,4.617500000000000077e-03,9.999999999999980016e-01
2.256957465277778518e-01,2.500000000000000052e-03,4.667916666666666568e-03,9.999999999999967804e-01
2.257482638888889670e-01,2.500000000000000052e-03,4.718333333333333060e-03,9.999999999999958922e-01
2.258007812500000544e-01,2.500000000000000052e-03,4.768749999999999552e-03,1.000000000000006661e+00
2.258532986111111696e-01,2.500000000000000052e-03,4.819166666666666043e-03,1.000000000000004663e+00
2.259058159722222847e-01,2.500000000000000052e-03,4.869583333333333403e-03,1.000000000000001110e+00
2.259583333333333999e-01,2.500000000000000052e-03,4.919999999999999894e-03,9.999999999999996669e-01
2.309583333333334043e-01,2.609999999999999907e-03,4.919999999999999894e-03,6.999999999999999556e-01
2.310108506944445195e-01,2.609999999999999907e-03,4.869583333333333403e-03,6.999999999999999556e-01
2.310633680555556346e-01,2.609999999999999907e-03,4.819166666666666911e-03,6.999999999999999556e-01
2.311158854166667498e-01,2.609999999999999907e-03,4.768749999999999552e-03,6.999999999999999556e-01
2.311684027777778372e-01,2.609999999999999907e-03,4.718333333333333060e-03,6.999999999999999556e-01
2.312209201388889523e-01,2.609999999999999907e-03,4.667916666666666568e-03,6.999999999999999556e-01
2.312734375000000675e-01,2.609999999999999907e-03,4.617500000000000077e-03,6.999999999999999556e-01
2.313259548611111827e-01,2.609999999999999907e-03,4.567083333333333585e-03,6.999999999999999556e-01
2.313784722222222978e-01,2.609999999999999907e-03,4.516666666666666226e-03,6.999999999999999556e-01
2.314309895833334130e-01,2.609999999999999907e-03,4.466249999999999734e-03,7.435632909958883596e-01
2.314835069444445281e-01,2.609999999999999907e-03,4.415833333333333242e-03,7.875732272295105085e-01
2.315360243055556155e-01,2.609999999999999907e-03,4.365416666666666751e-03,8.258639978187217734e-01
2.315885416666667307e-01,2.609999999999999907e-03,4.315000000000000259e-03,8.589238067714835001e-01
2.316410590277778458e-01,2.609999999999999907e-03,4.264583333333333767e-03,8.872215495107803607e-01
2.316935763888889610e-01,2.609999999999999907e-03,4.214166666666666408e-03,9.112068128745799411e-01
2.317460937500000762e-01,2.609999999999999907e-03,4.163749999999999916e-03,9.313098751158487287e-01
2.317986111111111913e-01,2.609999999999999907e-03,4.113333333333333425e-03,9.479417059025438963e-01
2.318511284722223065e-01,2.609999999999999907e-03,4.062916666666666933e-03,9.614939663176182982e-01
2.319036458333333939e-01,2.609999999999999907e-03,4.012500000000000441e-03,9.723390088590306846e-01
2.319561631944445090e-01,2.609999999999999907e-03,3.962083333333333082e-03,9.808298774396978503e-01
2.320086805555556242e-01,2.609999999999999907e-03,3.911666666666666591e-03,9.873003073875726843e-01
2.320611979166667393e-01,2.609999999999999907e-03,3.861250000000000099e-03,9.920647254455841058e-01
2.321137152777778545e-01,2.609999999999999907e-03,3.810833333333333607e-03,9.954182497716582700e-01
2.321662326388889697e-01,2.609999999999999907e-03,3.760416666666666682e-03,9.976366899387146825e-01
2.322187500000000848e-01,2.609999999999999907e-03,3.709999999999999756e-03,9.989765469346691962e-01
2.322712673611111722e-01,2.609999999999999907e-03,3.659583333333333265e-03,9.996750131624440039e-01
2.323237847222222874e-01,2.609999999999999907e-03,3.609166666666666773e-03,9.999499724399176781e-01
2.323763020833334025e-01,2.609999999999999907e-03,3.558750000000000281e-03,1.000000000000002220e+00
2.324288194444445177e-01,2.609999999999999907e-03,3.508333333333333356e-03,9.999999999999997780e-01
2.324813368055556329e-01,2.609999999999999907e-03,3.457916666666666430e-03,9.999999999999976685e-01
2.325338541666667480e-01,2.609999999999999907e-03,3.407499999999999939e-03,9.999999999999963363e-01
2.325863715277778354e-01,2.609999999999999907e-03,3.357083333333333447e-03,1.000000000000007105e+00
2.326388888888889506e-01,2.609999999999999907e-03,3.306666666666666955e-03,1.000000000000005107e+00
2.326914062500000657e-01,2.609999999999999907e-03,3.256250000000000030e-03,1.000000000000002442e+00
2.327439236111111809e-01,2.609999999999999907e-03,3.205833333333333104e-03,1.000000000000000000e+00
2.327964409722222960e-01,2.609999999999999907e-03,3.155416666666666613e-03,9.999999999999986677e-01
2.328489583333334112e-01,2.609999999999999907e-03,3.105000000000000121e-03,9.999999999999975575e-01
2.329014756944445264e-01,2.609999999999999907e-03,3.054583333333333629e-03,9.999999999999963363e-01
2.329539930555556138e-01,2.609999999999999907e-03,3.004166666666666704e-03,1.000000000000006217e+00
2.330065104166667289e-01,2.609999999999999907e-03,2.953750000000000212e-03,1.000000000000004219e+00
2.330590277777778441e-01,2.609999999999999907e-03,2.903333333333333287e-03,1.000000000000001554e+00
2.331115451388889592e-01,2.609999999999999907e-03,2.852916666666666795e-03,1.000000000000000222e+00
2.331640625000000744e-01,2.609999999999999907e-03,2.802500000000000303e-03,9.999999999999986677e-01
2.332165798611111895e-01,2.609999999999999907e-03,2.752083333333333378e-03,9.999999999999966693e-01
2.332690972222223047e-01,2.609999999999999907e-03,2.701666666666666886e-03,9.999999999999958922e-01
2.333216145833333921e-01,2.609999999999999907e-03,2.651249999999999961e-03,1.000000000000005551e+00
2.333741319444445073e-01,2.609999999999999907e-03,2.600833333333333469e-03,1.000000000000003553e+00
2.334266493055556224e-01,2.609999999999999907e-03,2.550416666666666977e-03,1.000000000000001998e+00
2.334791666666667376e-01,2.609999999999999907e-03,2.500000000000000052e-03,9.999999999999997780e-01
2.335316840277778527e-01,2.609999999999999907e-03,2.449583333333333560e-03,9.999999999999984457e-01
2.335842013888889679e-01,2.609999999999999907e-03,2.399166666666666635e-03,9.999999999999963363e-01
2.336367187500000830e-01,2.609999999999999907e-03,2.348750000000000143e-03,9.999999999999956701e-01
2.336892361111111704e-01,2.609999999999999907e-03,2.298333333333333652e-03,1.000000000000006217e+00
2.337417534722222856e-01,2.609999999999999907e-03,2.247916666666666726e-03,1.000000000000003331e+00
2.337942708333334008e-01,2.609999999999999907e-03,2.197500000000000234e-03,1.000000000000001776e+00
2.338467881944445159e-01,2.609999999999999907e-03,2.147083333333333743e-03,1.000000000000000444e+00
2.338993055555556311e-01,2.609999999999999907e-03,2.096666666666666817e-03,9.999999999999981126e-01
2.339518229166667462e-01,2.609999999999999907e-03,2.046250000000000326e-03,9.999999999999971134e-01
2.340043402777778614e-01,2.609999999999999907e-03,1.995833333333333400e-03,9.999999999999952260e-01
2.340568576388889488e-01,2.609999999999999907e-03,1.945416666666666908e-03,1.000000000000005995e+00
2.341093750000000639e-01,2.609999999999999907e-03,1.895000000000000417e-03,1.000000000000003775e+00
2.341618923611111791e-01,2.609999999999999907e-03,1.844583333333333491e-03,1.000000000000001332e+00
2.342144097222222943e-01,2.609999999999999907e-03,1.794166666666667000e-03,1.000000000000000222e+00
2.342669270833334094e-01,2.609999999999999907e-03,1.743750000000000074e-03,9.999999999999978906e-01
2.343194444444445246e-01,2.609999999999999907e-03,1.693333333333333583e-03,9.999999999999967804e-01
2.343719618055556397e-01,2.609999999999999907e-03,1.642916666666667091e-03,9.999999999999958922e-01
2.344244791666667271e-01,2.609999999999999907e-03,1.592500000000000165e-03,1.000000000000005551e+00
2.344769965277778423e-01,2.609999999999999907e-03,1.542083333333333674e-03,1.000000000000003553e+00
2.345295138888889575e-01,2.609999999999999907e-03,1.491666666666666748e-03,1.000000000000001332e+00
2.345820312500000726e-01,2.609999999999999907e-03,1.441250000000000257e-03,9.999999999999998890e-01
2.346345486111111878e-01,2.609999999999999907e-03,1.390833333333333765e-03,9.999999999999984457e-01
2.346870659722223029e-01,2.609999999999999907e-03,1.340416666666666839e-03,9.999999999999964473e-01
2.347395833333333903e-01,2.609999999999999907e-03,1.290000000000000348e-03,1.000000000000007105e+00
2.347921006944445055e-01,2.609999999999999907e-03,1.239583333333333422e-03,1.000000000000004441e+00
2.348446180555556206e-01,2.609999999999999907e-03,1.189166666666666931e-03,1.000000000000002442e+00
2.348971354166667358e-01,2.609999999999999907e-03,1.138750000000000439e-03,1.000000000000000888e+00
2.349496527777778510e-01,2.609999999999999907e-03,1.088333333333333514e-03,9.999999999999985567e-01
2.350021701388889661e-01,2.609999999999999907e-03,1.037916666666667022e-03,9.999999999999975575e-01
2.350546875000000813e-01,2.609999999999999907e-03,9.875000000000005301e-04,9.999999999999963363e-01
2.351072048611111964e-01,2.609999999999999907e-03,9.370833333333340384e-04,9.999999999999954481e-01
2.351597222222222838e-01,2.609999999999999907e-03,8.866666666666666793e-04,1.000000000000004441e+00
2.352122395833333990e-01,2.609999999999999907e-03,8.362500000000001876e-04,1.000000000000002665e+00
2.352647569444445141e-01,2.609999999999999907e-03,7.858333333333336959e-04,1.000000000000001332e+00
2.353172743055556293e-01,2.609999999999999907e-03,7.354166666666672042e-04,9.999999999999996669e-01
2.353697916666667445e-01,2.609999999999999907e-03,6.850000000000007125e-04,9.999999999999984457e-01
2.354223090277778596e-01,2.609999999999999907e-03,6.345833333333333534e-04,9.999999999999957812e-01
2.354748263888889470e-01,2.609999999999999907e-03,5.841666666666668617e-04,1.000000000000006439e+00
2.355273437500000622e-01,2.609999999999999907e-03,5.337500000000003700e-04,1.000000000000004441e+00
2.355798611111111773e-01,2.609999999999999907e-03,4.833333333333338783e-04,1.000000000000002665e+00
2.356323784722222925e-01,2.609999999999999907e-03,4.329166666666673866e-04,1.000000000000001110e+00
2.356848958333334076e-01,2.609999999999999907e-03,3.825000000000000275e-04,9.999999999999980016e-01
2.357374131944445228e-01,2.609999999999999907e-03,3.320833333333335358e-04,9.999999999999967804e-01
2.357899305555556380e-01,2.609999999999999907e-03,2.816666666666670440e-04,9.999999999999958922e-01
2.358424479166667254e-01,2.609999999999999907e-03,2.312500000000005523e-04,1.000000000000006661e+00
2.358949652777778405e-01,2.609999999999999907e-03,1.808333333333340606e-04,1.000000000000004663e+00
2.359474826388889557e-01,2.609999999999999907e-03,1.304166666666667015e-04,1.000000000000001110e+00
2.360000000000000708e-01,2.609999999999999907e-03,8.000000000000000654e-05,9.999999999999991118e-01
2.410000000000000753e-01,2.720000000000000195e-03,8.000000000000000654e-05,6.999999999999999556e-01
2.410525173611111904e-01,2.720000000000000195e-03,1.304166666666666744e-04,6.999999999999999556e-01
2.411050347222223056e-01,2.720000000000000195e-03,1.808333333333333288e-04,6.999999999999999556e-01
2.411575520833334207e-01,2.720000000000000195e-03,2.312500000000000102e-04,6.999999999999999556e-01
2.412100694444445081e-01,2.720000000000000195e-03,2.816666666666666646e-04,6.999999999999999556e-01
2.412625868055556233e-01,2.720000000000000195e-03,3.320833333333333189e-04,6.999999999999999556e-01
2.413151041666667385e-01,2.720000000000000195e-03,3.824999999999999733e-04,6.999999999999999556e-01
2.413676215277778536e-01,2.720000000000000195e-03,4.329166666666666276e-04,6.999999999999999556e-01
2.414201388888889688e-01,2.720000000000000195e-03,4.833333333333332820e-04,6.999999999999999556e-01
2.414726562500000839e-01,2.720000000000000195e-03,5.337499999999999363e-04,7.435632909958885817e-01
2.415251736111111991e-01,2.720000000000000195e-03,5.841666666666666449e-04,7.875732272295103975e-01
2.415776909722222865e-01,2.720000000000000195e-03,6.345833333333332450e-04,8.258639978187216624e-01
2.416302083333334016e-01,2.720000000000000195e-03,6.849999999999999535e-04,8.589238067714830560e-01
2.416827256944445168e-01,2.720000000000000195e-03,7.354166666666665537e-04,8.872215495107798056e-01
2.417352430555556320e-01,2.720000000000000195e-03,7.858333333333332622e-04,9.112068128745802742e-01
2.417877604166667471e-01,2.720000000000000195e-03,8.362499999999998624e-04,9.313098751158489508e-01
2.418402777777778623e-01,2.720000000000000195e-03,8.866666666666665709e-04,9.479417059025437853e-01
2.418927951388889774e-01,2.720000000000000195e-03,9.370833333333332795e-04,9.614939663176177431e-01
2.419453125000000648e-01,2.720000000000000195e-03,9.874999999999998796e-04,9.723390088590299074e-01
2.419978298611111800e-01,2.720000000000000195e-03,1.037916666666666588e-03,9.808298774396982944e-01
2.420503472222222952e-01,2.720000000000000195e-03,1.088333333333333297e-03,9.873003073875726843e-01
2.421028645833334103e-01,2.720000000000000195e-03,1.138749999999999788e-03,9.920647254455843278e-01
2.421553819444445255e-01,2.720000000000000195e-03,1.189166666666666497e-03,9.954182497716580480e-01
2.422078993055556406e-01,2.720000000000000195e-03,1.239583333333333206e-03,9.976366899387146825e-01
2.422604166666667558e-01,2.720000000000000195e-03,1.289999999999999914e-03,9.989765469346699733e-01
2.423129340277778432e-01,2.720000000000000195e-03,1.340416666666666623e-03,9.996750131624441149e-01
2.423654513888889583e-01,2.720000000000000195e-03,1.390833333333333114e-03,9.999499724399179001e-01
2.424179687500000735e-01,2.720000000000000195e-03,1.441249999999999823e-03,1.000000000000001776e+00
2.424704861111111887e-01,2.720000000000000195e-03,1.491666666666666531e-03,9.999999999999997780e-01
2.425230034722223038e-01,2.720000000000000195e-03,1.542083333333333240e-03,9.999999999999980016e-01
2.425755208333334190e-01,2.720000000000000195e-03,1.592499999999999732e-03,9.999999999999971134e-01
2.426280381944445064e-01,2.720000000000000195e-03,1.642916666666666440e-03,1.000000000000007105e+00
2.426805555555556215e-01,2.720000000000000195e-03,1.693333333333333149e-03,1.000000000000004663e+00
2.427330729166667367e-01,2.720000000000000195e-03,1.743749999999999857e-03,1.000000000000002442e+00
2.427855902777778518e-01,2.720000000000000195e-03,1.794166666666666566e-03,1.000000000000000444e+00
2.428381076388889670e-01,2.720000000000000195e-03,1.844583333333333058e-03,9.999999999999992228e-01
2.428906250000000822e-01,2.720000000000000195e-03,1.894999999999999766e-03,9.999999999999975575e-01
2.429431423611111973e-01,2.720000000000000195e-03,1.945416666666666475e-03,9.999999999999960032e-01
2.429956597222222847e-01,2.720000000000000195e-03,1.995833333333333400e-03,1.000000000000005773e+00
2.430481770833333999e-01,2.720000000000000195e-03,2.046249999999999892e-03,1.000000000000003775e+00
2.431006944444445150e-01,2.720000000000000195e-03,2.096666666666666817e-03,1.000000000000001110e+00
2.431532118055556302e-01,2.720000000000000195e-03,2.147083333333333309e-03,9.999999999999998890e-01
2.432057291666667453e-01,2.720000000000000195e-03,2.197499999999999801e-03,9.999999999999984457e-01
2.432582465277778605e-01,2.720000000000000195e-03,2.247916666666666726e-03,9.999999999999964473e-01
2.433107638888889757e-01,2.720000000000000195e-03,2.298333333333333218e-03,9.999999999999956701e-01
2.433632812500000631e-01,2.720000000000000195e-03,2.348750000000000143e-03,1.000000000000005329e+00
2.434157986111111782e-01,2.720000000000000195e-03,2.399166666666666635e-03,1.000000000000003331e+00
2.434683159722222934e-01,2.720000000000000195e-03,2.449583333333333127e-03,1.000000000000001776e+00
2.435208333333334085e-01,2.720000000000000195e-03,2.500000000000000052e-03,9.999999999999995559e-01
2.435733506944445237e-01,2.720000000000000195e-03,2.550416666666666544e-03,9.999999999999982236e-01
2.436258680555556388e-01,2.720000000000000195e-03,2.600833333333333469e-03,9.999999999999963363e-01
2.436783854166667540e-01,2.720000000000000195e-03,2.651249999999999961e-03,9.999999999999954481e-01
2.437309027777778414e-01,2.720000000000000195e-03,2.701666666666666453e-03,1.000000000000006217e+00
2.437834201388889566e-01,2.720000000000000195e-03,2.752083333333333378e-03,1.000000000000003331e+00
2.438359375000000717e-01,2.720000000000000195e-03,2.802499999999999870e-03,1.000000000000001776e+00
2.438884548611111869e-01,2.720000000000000195e-03,2.852916666666666361e-03,1.000000000000000444e+00
2.439409722222223020e-01,2.720000000000000195e-03,2.903333333333333287e-03,9.999999999999981126e-01
2.439934895833334172e-01,2.720000000000000195e-03,2.953749999999999779e-03,9.999999999999971134e-01
2.440460069444445323e-01,2.720000000000000195e-03,3.004166666666666704e-03,9.999999999999952260e-01
2.440985243055556198e-01,2.720000000000000195e-03,3.054583333333333196e-03,1.000000000000005995e+00
2.441510416666667349e-01,2.720000000000000195e-03,3.104999999999999687e-03,1.000000000000003775e+00
2.442035590277778501e-01,2.720000000000000195e-03,3.155416666666666613e-03,1.000000000000001332e+00
2.442560763888889652e-01,2.720000000000000195e-03,3.205833333333333104e-03,1.000000000000000222e+00
2.443085937500000804e-01,2.720000000000000195e-03,3.256250000000000030e-03,9.999999999999978906e-01
2.443611111111111955e-01,2.720000000000000195e-03,3.306666666666666522e-03,9.999999999999967804e-01
2.444136284722223107e-01,2.720000000000000195e-03,3.357083333333333013e-03,9.999999999999958922e-01
2.444661458333333981e-01,2.720000000000000195e-03,3.407499999999999939e-03,1.000000000000005551e+00
2.445186631944445133e-01,2.720000000000000195e-03,3.457916666666666430e-03,1.000000000000003553e+00
2.445711805555556284e-01,2.720000000000000195e-03,3.508333333333333356e-03,1.000000000000001332e+00
2.446236979166667436e-01,2.720000000000000195e-03,3.558749999999999847e-03,9.999999999999998890e-01
2.446762152777778587e-01,2.720000000000000195e-03,3.609166666666666339e-03,9.999999999999984457e-01
2.447287326388889739e-01,2.720000000000000195e-03,3.659583333333333265e-03,9.999999999999964473e-01
2.447812500000000613e-01,2.720000000000000195e-03,3.709999999999999756e-03,1.000000000000007105e+00
2.448337673611111764e-01,2.720000000000000195e-03,3.760416666666666682e-03,1.000000000000004441e+00
2.448862847222222916e-01,2.720000000000000195e-03,3.810833333333333173e-03,1.000000000000002442e+00
2.449388020833334068e-01,2.720000000000000195e-03,3.861249999999999665e-03,1.000000000000000888e+00
2.449913194444445219e-01,2.720000000000000195e-03,3.911666666666666591e-03,9.999999999999985567e-01
2.450438368055556371e-01,2.720000000000000195e-03,3.962083333333333082e-03,9.999999999999975575e-01
2.450963541666667522e-01,2.720000000000000195e-03,4.012499999999999574e-03,9.999999999999963363e-01
2.451488715277778674e-01,2.720000000000000195e-03,4.062916666666666066e-03,9.999999999999954481e-01
2.452013888888889548e-01,2.720000000000000195e-03,4.113333333333333425e-03,1.000000000000004441e+00
2.452539062500000699e-01,2.720000000000000195e-03,4.163749999999999916e-03,1.000000000000002665e+00
2.453064236111111851e-01,2.720000000000000195e-03,4.214166666666666408e-03,1.000000000000001332e+00
2.453589409722223003e-01,2.720000000000000195e-03,4.264583333333332900e-03,9.999999999999996669e-01
2.454114583333334154e-01,2.720000000000000195e-03,4.314999999999999392e-03,9.999999999999984457e-01
2.454639756944445306e-01,2.720000000000000195e-03,4.365416666666666751e-03,9.999999999999957812e-01
2.455164930555556180e-01,2.720000000000000195e-03,4.415833333333333242e-03,1.000000000000006439e+00
2.455690104166667331e-01,2.720000000000000195e-03,4.466249999999999734e-03,1.000000000000004441e+00
2.456215277777778483e-01,2.720000000000000195e-03,4.516666666666666226e-03,1.000000000000002665e+00
2.456740451388889634e-01,2.720000000000000195e-03,4.567083333333332718e-03,1.000000000000001110e+00
2.457265625000000786e-01,2.720000000000000195e-03,4.617500000000000077e-03,9.999999999999980016e-01
2.457790798611111938e-01,2.720000000000000195e-03,4.667916666666666568e-03,9.999999999999967804e-01
2.458315972222223089e-01,2.720000000000000195e-03,4.718333333333333060e-03,9.999999999999958922e-01
2.458841145833333963e-01,2.720000000000000195e-03,4.768749999999999552e-03,1.000000000000006661e+00
2.459366319444445115e-01,2.720000000000000195e-03,4.819166666666666043e-03,1.000000000000004663e+00
2.459891493055556266e-01,2.720000000000000195e-03,4.869583333333333403e-03,1.000000000000001110e+00
2.460416666666667418e-01,2.720000000000000195e-03,4.919999999999999894e-03,9.999999999999996669e-01
2.510416666666667185e-01,2.830000000000000050e-03,4.919999999999999894e-03,6.999999999999999556e-01
2.510941840277778336e-01,2.830000000000000050e-03,4.869583333333333403e-03,6.999999999999999556e-01
2.511467013888889488e-01,2.830000000000000050e-03,4.819166666666666911e-03,6.999999999999999556e-01
2.511992187500000639e-01,2.830000000000000050e-03,4.768749999999999552e-03,6.999999999999999556e-01
2.512517361111111791e-01,2.830000000000000050e-03,4.718333333333333060e-03,6.999999999999999556e-01
2.513042534722222943e-01,2.830000000000000050e-03,4.667916666666666568e-03,6.999999999999999556e-01
2.513567708333334094e-01,2.830000000000000050e-03,4.617500000000000077e-03,6.999999999999999556e-01
2.514092881944444691e-01,2.830000000000000050e-03,4.567083333333333585e-03,6.999999999999999556e-01
2.514618055555555842e-01,2.830000000000000050e-03,4.516666666666666226e-03,6.999999999999999556e-01
2.515143229166666994e-01,2.830000000000000050e-03,4.466249999999999734e-03,7.435632909958969083e-01
2.515668402777778145e-01,2.830000000000000050e-03,4.415833333333333242e-03,7.875732272295182801e-01
2.516193576388889297e-01,2.830000000000000050e-03,4.365416666666666751e-03,8.258639978187199970e-01
2.516718750000000449e-01,2.830000000000000050e-03,4.315000000000000259e-03,8.589238067714819458e-01
2.517243923611111600e-01,2.830000000000000050e-03,4.264583333333333767e-03,8.872215495107786953e-01
2.517769097222222752e-01,2.830000000000000050e-03,4.214166666666666408e-03,9.112068128745782758e-01
2.518294270833333903e-01,2.830000000000000050e-03,4.163749999999999916e-03,9.313098751158472854e-01
2.518819444444445055e-01,2.830000000000000050e-03,4.113333333333333425e-03,9.479417059025424530e-01
2.519344618055556206e-01,2.830000000000000050e-03,4.062916666666666933e-03,9.614939663176169660e-01
2.519869791666667358e-01,2.830000000000000050e-03,4.012500000000000441e-03,9.723390088590183611e-01
2.520394965277778510e-01,2.830000000000000050e-03,3.962083333333333082e-03,9.808298774396869701e-01
2.520920138888889661e-01,2.830000000000000050e-03,3.911666666666666591e-03,9.873003073875628033e-01
2.521445312500000258e-01,2.830000000000000050e-03,3.861250000000000099e-03,9.920647254455978725e-01
2.521970486111111409e-01,2.830000000000000050e-03,3.810833333333333607e-03,9.954182497716707045e-01
2.522495659722222561e-01,2.830000000000000050e-03,3.760416666666666682e-03,9.976366899387258957e-01
2.523020833333333712e-01,2.830000000000000050e-03,3.709999999999999756e-03,9.989765469346794102e-01
2.523546006944444864e-01,2.830000000000000050e-03,3.659583333333333265e-03,9.996750131624415614e-01
2.524071180555556015e-01,2.830000000000000050e-03,3.609166666666666773e-03,9.999499724399155687e-01
2.524596354166667167e-01,2.830000000000000050e-03,3.558750000000000281e-03,9.999999999999998890e-01
2.525121527777778319e-01,2.830000000000000050e-03,3.508333333333333356e-03,9.999999999999976685e-01
2.525646701388889470e-01,2.830000000000000050e-03,3.457916666666666430e-03,9.999999999999958922e-01
2.526171875000000622e-01,2.830000000000000050e-03,3.407499999999999939e-03,9.999999999999948930e-01
2.526697048611111773e-01,2.830000000000000050e-03,3.357083333333333447e-03,9.999999999999942268e-01
2.527222222222222925e-01,2.830000000000000050e-03,3.306666666666666955e-03,9.999999999999935607e-01
2.527747395833334076e-01,2.830000000000000050e-03,3.256250000000000030e-03,9.999999999999920064e-01
2.528272569444445228e-01,2.830000000000000050e-03,3.205833333333333104e-03,9.999999999999907851e-01
2.528797743055555824e-01,2.830000000000000050e-03,3.155416666666666613e-03,1.000000000000013545e+00
2.529322916666666976e-01,2.830000000000000050e-03,3.105000000000000121e-03,1.000000000000010880e+00
2.529848090277778128e-01,2.830000000000000050e-03,3.054583333333333629e-03,1.000000000000008660e+00
2.530373263888889279e-01,2.830000000000000050e-03,3.004166666666666704e-03,1.000000000000005329e+00
2.530898437500000431e-01,2.830000000000000050e-03,2.953750000000000212e-03,1.000000000000003553e+00
2.531423611111111582e-01,2.830000000000000050e-03,2.903333333333333287e-03,1.000000000000001110e+00
2.531948784722222734e-01,2.830000000000000050e-03,2.852916666666666795e-03,9.999999999999996669e-01
2.532473958333333885e-01,2.830000000000000050e-03,2.802500000000000303e-03,9.999999999999982236e-01
2.532999131944445037e-01,2.830000000000000050e-03,2.752083333333333378e-03,9.999999999999962252e-01
2.533524305555556189e-01,2.830000000000000050e-03,2.701666666666666886e-03,9.999999999999954481e-01
2.534049479166667340e-01,2.830000000000000050e-03,2.651249999999999961e-03,9.999999999999937828e-01
2.534574652777778492e-01,2.830000000000000050e-03,2.600833333333333469e-03,9.999999999999931166e-01
2.535099826388889643e-01,2.830000000000000050e-03,2.550416666666666977e-03,9.999999999999925615e-01
2.535625000000000240e-01,2.830000000000000050e-03,2.500000000000000052e-03,1.000000000000014211e+00
2.536150173611111391e-01,2.830000000000000050e-03,2.449583333333333560e-03,1.000000000000011546e+00
2.536675347222222543e-01,2.830000000000000050e-03,2.399166666666666635e-03,1.000000000000008216e+00
2.537200520833333695e-01,2.830000000000000050e-03,2.348750000000000143e-03,1.000000000000005995e+00
2.537725694444444846e-01,2.830000000000000050e-03,2.298333333333333652e-03,1.000000000000003775e+00
2.538250868055555998e-01,2.830000000000000050e-03,2.247916666666666726e-03,1.000000000000001332e+00
2.538776041666667149e-01,2.830000000000000050e-03,2.197500000000000234e-03,9.999999999999998890e-01
2.539301215277778301e-01,2.830000000000000050e-03,2.147083333333333743e-03,9.999999999999984457e-01
2.539826388888889452e-01,2.830000000000000050e-03,2.096666666666666817e-03,9.999999999999964473e-01
2.540351562500000604e-01,2.830000000000000050e-03,2.046250000000000326e-03,9.999999999999956701e-01
2.540876736111111756e-01,2.830000000000000050e-03,1.995833333333333400e-03,9.999999999999937828e-01
2.541401909722222907e-01,2.830000000000000050e-03,1.945416666666666908e-03,9.999999999999933387e-01
2.541927083333334059e-01,2.830000000000000050e-03,1.895000000000000417e-03,9.999999999999925615e-01
2.542452256944445210e-01,2.830000000000000050e-03,1.844583333333333491e-03,9.999999999999913403e-01
2.542977430555555807e-01,2.830000000000000050e-03,1.794166666666667000e-03,1.000000000000013989e+00
2.543502604166666958e-01,2.830000000000000050e-03,1.743750000000000074e-03,1.000000000000010658e+00
2.544027777777778110e-01,2.830000000000000050e-03,1.693333333333333583e-03,1.000000000000008216e+00
2.544552951388889261e-01,2.830000000000000050e-03,1.642916666666667091e-03,1.000000000000005995e+00
2.545078125000000413e-01,2.830000000000000050e-03,1.592500000000000165e-03,1.000000000000003109e+00
2.545603298611111565e-01,2.830000000000000050e-03,1.542083333333333674e-03,1.000000000000001554e+00
2.546128472222222716e-01,2.830000000000000050e-03,1.491666666666666748e-03,9.999999999999992228e-01
2.546653645833333868e-01,2.830000000000000050e-03,1.441250000000000257e-03,9.999999999999980016e-01
2.547178819444445019e-01,2.830000000000000050e-03,1.390833333333333765e-03,9.999999999999967804e-01
2.547703993055556171e-01,2.830000000000000050e-03,1.340416666666666839e-03,9.999999999999951150e-01
2.548229166666667322e-01,2.830000000000000050e-03,1.290000000000000348e-03,9.999999999999942268e-01
2.548754340277778474e-01,2.830000000000000050e-03,1.239583333333333422e-03,9.999999999999925615e-01
2.549279513888889626e-01,2.830000000000000050e-03,1.189166666666666931e-03,9.999999999999921174e-01
2.549804687500000777e-01,2.830000000000000050e-03,1.138750000000000439e-03,9.999999999999916733e-01
2.550329861111111374e-01,2.830000000000000050e-03,1.088333333333333514e-03,1.000000000000013545e+00
2.550855034722222525e-01,2.830000000000000050e-03,1.037916666666667022e-03,1.000000000000010880e+00
2.551380208333333677e-01,2.830000000000000050e-03,9.875000000000005301e-04,1.000000000000008660e+00
2.551905381944444828e-01,2.830000000000000050e-03,9.370833333333340384e-04,1.000000000000006439e+00
2.552430555555555980e-01,2.830000000000000050e-03,8.866666666666666793e-04,1.000000000000002665e+00
2.552955729166667131e-01,2.830000000000000050e-03,8.362500000000001876e-04,1.000000000000001110e+00
2.553480902777778283e-01,2.830000000000000050e-03,7.858333333333336959e-04,9.999999999999996669e-01
2.554006076388889435e-01,2.830000000000000050e-03,7.354166666666672042e-04,9.999999999999982236e-01
2.554531250000000586e-01,2.830000000000000050e-03,6.850000000000007125e-04,9.999999999999971134e-01
2.555056423611111738e-01,2.830000000000000050e-03,6.345833333333333534e-04,9.999999999999944489e-01
2.555581597222222889e-01,2.830000000000000050e-03,5.841666666666668617e-04,9.999999999999937828e-01
2.556106770833334041e-01,2.830000000000000050e-03,5.337500000000003700e-04,9.999999999999933387e-01
2.556631944444445192e-01,2.830000000000000050e-03,4.833333333333338783e-04,9.999999999999925615e-01
2.557157118055556344e-01,2.830000000000000050e-03,4.329166666666673866e-04,9.999999999999921174e-01
2.557682291666666941e-01,2.830000000000000050e-03,3.825000000000000275e-04,1.000000000000013101e+00
2.558207465277778092e-01,2.830000000000000050e-03,3.320833333333335358e-04,1.000000000000010436e+00
2.558732638888889244e-01,2.830000000000000050e-03,2.816666666666670440e-04,1.000000000000008216e+00
2.559257812500000395e-01,2.830000000000000050e-03,2.312500000000005523e-04,1.000000000000005995e+00
2.559782986111111547e-01,2.830000000000000050e-03,1.808333333333340606e-04,1.000000000000004219e+00
2.560308159722222698e-01,2.830000000000000050e-03,1.304166666666667015e-04,1.000000000000000666e+00
2.560833333333333850e-01,2.830000000000000050e-03,8.000000000000000654e-05,9.999999999999986677e-01
2.610833333333333894e-01,2.939999999999999905e-03,8.000000000000000654e-05,6.999999999999999556e-01
2.611358506944445046e-01,2.939999999999999905e-03,1.304166666666666744e-04,6.999999999999999556e-01
2.611883680555556198e-01,2.939999999999999905e-03,1.808333333333333288e-04,6.999999999999999556e-01
2.612408854166667349e-01,2.939999999999999905e-03,2.312500000000000102e-04,6.999999999999999556e-01
2.612934027777778501e-01,2.939999999999999905e-03,2.816666666666666646e-04,6.999999999999999556e-01
2.613459201388889652e-01,2.939999999999999905e-03,3.320833333333333189e-04,6.999999999999999556e-01
2.613984375000000804e-01,2.939999999999999905e-03,3.824999999999999733e-04,6.999999999999999556e-01
2.614509548611111400e-01,2.939999999999999905e-03,4.329166666666666276e-04,6.999999999999999556e-01
2.615034722222222552e-01,2.939999999999999905e-03,4.833333333333332820e-04,6.999999999999999556e-01
2.615559895833333703e-01,2.939999999999999905e-03,5.337499999999999363e-04,7.435632909958971304e-01
2.616085069444444855e-01,2.939999999999999905e-03,5.841666666666666449e-04,7.875732272295181691e-01
2.616610243055556007e-01,2.939999999999999905e-03,6.345833333333332450e-04,8.258639978187197750e-01
2.617135416666667158e-01,2.939999999999999905e-03,6.849999999999999535e-04,8.589238067714812797e-01
2.617660590277778310e-01,2.939999999999999905e-03,7.354166666666665537e-04,8.872215495107780292e-01
2.618185763888889461e-01,2.939999999999999905e-03,7.858333333333332622e-04,9.112068128745787199e-01
2.618710937500000613e-01,2.939999999999999905e-03,8.362499999999998624e-04,9.313098751158475075e-01
2.619236111111111764e-01,2.939999999999999905e-03,8.866666666666665709e-04,9.479417059025424530e-01
2.619761284722222916e-01,2.939999999999999905e-03,9.370833333333332795e-04,9.614939663176165219e-01
2.620286458333334068e-01,2.939999999999999905e-03,9.874999999999998796e-04,9.723390088590175839e-01
2.620811631944445219e-01,2.939999999999999905e-03,1.037916666666666588e-03,9.808298774396874142e-01
2.621336805555556371e-01,2.939999999999999905e-03,1.088333333333333297e-03,9.873003073875626923e-01
2.621861979166666967e-01,2.939999999999999905e-03,1.138749999999999788e-03,9.920647254455979835e-01
2.622387152777778119e-01,2.939999999999999905e-03,1.189166666666666497e-03,9.954182497716704825e-01
2.622912326388889270e-01,2.939999999999999905e-03,1.239583333333333206e-03,9.976366899387262288e-01
2.623437500000000422e-01,2.939999999999999905e-03,1.289999999999999914e-03,9.989765469346799653e-01
2.623962673611111573e-01,2.939999999999999905e-03,1.340416666666666623e-03,9.996750131624415614e-01
2.624487847222222725e-01,2.939999999999999905e-03,1.390833333333333114e-03,9.999499724399155687e-01
2.625013020833333877e-01,2.939999999999999905e-03,1.441249999999999823e-03,9.999999999999996669e-01
2.625538194444445028e-01,2.939999999999999905e-03,1.491666666666666531e-03,9.999999999999978906e-01
2.626063368055556180e-01,2.939999999999999905e-03,1.542083333333333240e-03,9.999999999999962252e-01
2.626588541666667331e-01,2.939999999999999905e-03,1.592499999999999732e-03,9.999999999999954481e-01
2.627113715277778483e-01,2.939999999999999905e-03,1.642916666666666440e-03,9.999999999999942268e-01
2.627638888888889634e-01,2.939999999999999905e-03,1.693333333333333149e-03,9.999999999999928946e-01
2.628164062500000786e-01,2.939999999999999905e-03,1.743749999999999857e-03,9.999999999999920064e-01
2.628689236111111938e-01,2.939999999999999905e-03,1.794166666666666566e-03,9.999999999999912292e-01
2.629214409722222534e-01,2.939999999999999905e-03,1.844583333333333058e-03,1.000000000000013989e+00
2.629739583333333686e-01,2.939999999999999905e-03,1.894999999999999766e-03,1.000000000000010880e+00
2.630264756944444837e-01,2.939999999999999905e-03,1.945416666666666475e-03,1.000000000000007994e+00
2.630789930555555989e-01,2.939999999999999905e-03,1.995833333333333400e-03,1.000000000000005107e+00
2.631315104166667140e-01,2.939999999999999905e-03,2.046249999999999892e-03,1.000000000000003109e+00
2.631840277777778292e-01,2.939999999999999905e-03,2.096666666666666817e-03,1.000000000000000666e+00
2.632365451388889444e-01,2.939999999999999905e-03,2.147083333333333309e-03,9.999999999999994449e-01
2.632890625000000595e-01,2.939999999999999905e-03,2.197499999999999801e-03,9.999999999999980016e-01
2.633415798611111747e-01,2.939999999999999905e-03,2.247916666666666726e-03,9.999999999999960032e-01
2.633940972222222898e-01,2.939999999999999905e-03,2.298333333333333218e-03,9.999999999999952260e-01
2.634466145833334050e-01,2.939999999999999905e-03,2.348750000000000143e-03,9.999999999999934497e-01
2.634991319444445201e-01,2.939999999999999905e-03,2.399166666666666635e-03,9.999999999999931166e-01
2.635516493055556353e-01,2.939999999999999905e-03,2.449583333333333127e-03,9.999999999999923395e-01
2.636041666666667505e-01,2.939999999999999905e-03,2.500000000000000052e-03,9.999999999999911182e-01
2.636566840277778101e-01,2.939999999999999905e-03,2.550416666666666544e-03,1.000000000000013767e+00
2.637092013888889253e-01,2.939999999999999905e-03,2.600833333333333469e-03,1.000000000000010436e+00
2.637617187500000404e-01,2.939999999999999905e-03,2.651249999999999961e-03,1.000000000000007772e+00
2.638142361111111556e-01,2.939999999999999905e-03,2.701666666666666453e-03,1.000000000000005773e+00
2.638667534722222707e-01,2.939999999999999905e-03,2.752083333333333378e-03,1.000000000000003109e+00
2.639192708333333859e-01,2.939999999999999905e-03,2.802499999999999870e-03,1.000000000000001554e+00
2.639717881944445010e-01,2.939999999999999905e-03,2.852916666666666361e-03,9.999999999999998890e-01
2.640243055555556162e-01,2.939999999999999905e-03,2.903333333333333287e-03,9.999999999999976685e-01
2.640768229166667314e-01,2.939999999999999905e-03,2.953749999999999779e-03,9.999999999999967804e-01
2.641293402777778465e-01,2.939999999999999905e-03,3.004166666666666704e-03,9.999999999999947820e-01
2.641818576388889617e-01,2.939999999999999905e-03,3.054583333333333196e-03,9.999999999999942268e-01
2.642343750000000768e-01,2.939999999999999905e-03,3.104999999999999687e-03,9.999999999999935607e-01
2.642868923611111920e-01,2.939999999999999905e-03,3.155416666666666613e-03,9.999999999999920064e-01
2.643394097222222516e-01,2.939999999999999905e-03,3.205833333333333104e-03,1.000000000000014655e+00
2.643919270833333668e-01,2.939999999999999905e-03,3.256250000000000030e-03,1.000000000000011102e+00
2.644444444444444819e-01,2.939999999999999905e-03,3.306666666666666522e-03,1.000000000000008660e+00
2.644969618055555971e-01,2.939999999999999905e-03,3.357083333333333013e-03,1.000000000000006217e+00
2.645494791666667123e-01,2.939999999999999905e-03,3.407499999999999939e-03,1.000000000000003553e+00
2.646019965277778274e-01,2.939999999999999905e-03,3.457916666666666430e-03,1.000000000000001776e+00
2.646545138888889426e-01,2.939999999999999905e-03,3.508333333333333356e-03,9.999999999999993339e-01
2.647070312500000577e-01,2.939999999999999905e-03,3.558749999999999847e-03,9.999999999999980016e-01
2.647595486111111729e-01,2.939999999999999905e-03,3.609166666666666339e-03,9.999999999999967804e-01
2.648120659722222880e-01,2.939999999999999905e-03,3.659583333333333265e-03,9.999999999999951150e-01
2.648645833333334032e-01,2.939999999999999905e-03,3.709999999999999756e-03,9.999999999999942268e-01
2.649171006944445184e-01,2.939999999999999905e-03,3.760416666666666682e-03,9.999999999999926725e-01
2.649696180555556335e-01,2.939999999999999905e-03,3.810833333333333173e-03,9.999999999999923395e-01
2.650221354166667487e-01,2.939999999999999905e-03,3.861249999999999665e-03,9.999999999999916733e-01
2.650746527777778083e-01,2.939999999999999905e-03,3.911666666666666591e-03,1.000000000000013545e+00
2.651271701388889235e-01,2.939999999999999905e-03,3.962083333333333082e-03,1.000000000000010880e+00
2.651796875000000386e-01,2.939999999999999905e-03,4.012499999999999574e-03,1.000000000000008660e+00
2.652322048611111538e-01,2.939999999999999905e-03,4.062916666666666066e-03,1.000000000000006439e+00
2.652847222222222690e-01,2.939999999999999905e-03,4.113333333333333425e-03,1.000000000000002665e+00
2.653372395833333841e-01,2.939999999999999905e-03,4.163749999999999916e-03,1.000000000000001110e+00
2.653897569444444993e-01,2.939999999999999905e-03,4.214166666666666408e-03,9.999999999999996669e-01
2.654422743055556144e-01,2.939999999999999905e-03,4.264583333333332900e-03,9.999999999999982236e-01
2.654947916666667296e-01,2.939999999999999905e-03,4.314999999999999392e-03,9.999999999999971134e-01
2.655473090277778447e-01,2.939999999999999905e-03,4.365416666666666751e-03,9.999999999999944489e-01
2.655998263888889599e-01,2.939999999999999905e-03,4.415833333333333242e-03,9.999999999999937828e-01
2.656523437500000751e-01,2.939999999999999905e-03,4.466249999999999734e-03,9.999999999999933387e-01
2.657048611111111902e-01,2.939999999999999905e-03,4.516666666666666226e-03,9.999999999999925615e-01
2.657573784722223054e-01,2.939999999999999905e-03,4.567083333333332718e-03,9.999999999999921174e-01
2.658098958333333650e-01,2.939999999999999905e-03,4.617500000000000077e-03,1.000000000000013101e+00
2.658624131944444802e-01,2.939999999999999905e-03,4.667916666666666568e-03,1.000000000000010436e+00
2.659149305555555953e-01,2.939999999999999905e-03,4.718333333333333060e-03,1.000000000000008216e+00
2.659674479166667105e-01,2.939999999999999905e-03,4.768749999999999552e-03,1.000000000000005995e+00
2.660199652777778256e-01,2.939999999999999905e-03,4.819166666666666043e-03,1.000000000000004219e+00
2.660724826388889408e-01,2.939999999999999905e-03,4.869583333333333403e-03,1.000000000000000666e+00
2.661250000000000560e-01,2.939999999999999905e-03,4.919999999999999894e-03,9.999999999999992228e-01
2.711250000000000604e-01,3.049999999999999760e-03,4.919999999999999894e-03,6.999999999999999556e-01
2.711775173611111756e-01,3.049999999999999760e-03,4.869583333333333403e-03,6.999999999999999556e-01
2.712300347222222907e-01,3.049999999999999760e-03,4.819166666666666911e-03,6.999999999999999556e-01
2.712825520833334059e-01,3.049999999999999760e-03,4.768749999999999552e-03,6.999999999999999556e-01
2.713350694444445210e-01,3.049999999999999760e-03,4.718333333333333060e-03,6.999999999999999556e-01
2.713875868055556362e-01,3.049999999999999760e-03,4.667916666666666568e-03,6.999999999999999556e-01
2.714401041666667513e-01,3.049999999999999760e-03,4.617500000000000077e-03,6.999999999999999556e-01
2.714926215277778110e-01,3.049999999999999760e-03,4.567083333333333585e-03,6.999999999999999556e-01
2.715451388888889261e-01,3.049999999999999760e-03,4.516666666666666226e-03,6.999999999999999556e-01
2.715976562500000413e-01,3.049999999999999760e-03,4.466249999999999734e-03,7.435632909958969083e-01
2.716501736111111565e-01,3.049999999999999760e-03,4.415833333333333242e-03,7.875732272295182801e-01
2.717026909722222716e-01,3.049999999999999760e-03,4.365416666666666751e-03,8.258639978187199970e-01
2.717552083333333868e-01,3.049999999999999760e-03,4.315000000000000259e-03,8.589238067714819458e-01
2.718077256944445019e-01,3.049999999999999760e-03,4.264583333333333767e-03,8.872215495107786953e-01
2.718602430555556171e-01,3.049999999999999760e-03,4.214166666666666408e-03,9.112068128745782758e-01
2.719127604166667322e-01,3.049999999999999760e-03,4.163749999999999916e-03,9.313098751158472854e-01
2.719652777777778474e-01,3.049999999999999760e-03,4.113333333333333425e-03,9.479417059025424530e-01
2.720177951388889626e-01,3.049999999999999760e-03,4.062916666666666933e-03,9.614939663176169660e-01
2.720703125000000777e-01,3.049999999999999760e-03,4.012500000000000441e-03,9.723390088590183611e-01
2.721228298611111929e-01,3.049999999999999760e-03,3.962083333333333082e-03,9.808298774396869701e-01
2.721753472222223080e-01,3.049999999999999760e-03,3.911666666666666591e-03,9.873003073875628033e-01
2.722278645833333677e-01,3.049999999999999760e-03,3.861250000000000099e-03,9.920647254455978725e-01
2.722803819444444828e-01,3.049999999999999760e-03,3.810833333333333607e-03,9.954182497716707045e-01
2.723328993055555980e-01,3.049999999999999760e-03,3.760416666666666682e-03,9.976366899387258957e-01
2.723854166666667131e-01,3.049999999999999760e-03,3.709999999999999756e-03,9.989765469346794102e-01
2.724379340277778283e-01,3.049999999999999760e-03,3.659583333333333265e-03,9.996750131624415614e-01
2.724904513888889435e-01,3.049999999999999760e-03,3.609166666666666773e-03,9.999499724399155687e-01
2.725429687500000586e-01,3.049999999999999760e-03,3.558750000000000281e-03,9.999999999999998890e-01
2.725954861111111738e-01,3.049999999999999760e-03,3.508333333333333356e-03,9.999999999999976685e-01
2.726480034722222889e-01,3.049999999999999760e-03,3.457916666666666430e-03,9.999999999999958922e-01
2.727005208333334041e-01,3.049999999999999760e-03,3.407499999999999939e-03,9.999999999999948930e-01
2.727530381944445192e-01,3.049999999999999760e-03,3.357083333333333447e-03,9.999999999999942268e-01
2.728055555555556344e-01,3.049999999999999760e-03,3.306666666666666955e-03,9.999999999999935607e-01
2.728580729166667496e-01,3.049999999999999760e-03,3.256250000000000030e-03,9.999999999999920064e-01
2.729105902777778647e-01,3.049999999999999760e-03,3.205833333333333104e-03,9.999999999999907851e-01
2.729631076388889244e-01,3.049999999999999760e-03,3.155416666666666613e-03,1.000000000000013545e+00
2.730156250000000395e-01,3.049999999999999760e-03,3.105000000000000121e-03,1.000000000000010880e+00
2.730681423611111547e-01,3.049999999999999760e-03,3.054583333333333629e-03,1.000000000000008660e+00
2.731206597222222698e-01,3.049999999999999760e-03,3.004166666666666704e-03,1.000000000000005329e+00
2.731731770833333850e-01,3.049999999999999760e-03,2.953750000000000212e-03,1.000000000000003553e+00
2.732256944444445002e-01,3.049999999999999760e-03,2.903333333333333287e-03,1.000000000000001110e+00
2.732782118055556153e-01,3.049999999999999760e-03,2.852916666666666795e-03,9.999999999999996669e-01
2.733307291666667305e-01,3.049999999999999760e-03,2.802500000000000303e-03,9.999999999999982236e-01
2.733832465277778456e-01,3.049999999999999760e-03,2.752083333333333378e-03,9.999999999999962252e-01
2.734357638888889608e-01,3.049999999999999760e-03,2.701666666666666886e-03,9.999999999999954481e-01
2.734882812500000759e-01,3.049999999999999760e-03,2.651249999999999961e-03,9.999999999999937828e-01
2.735407986111111911e-01,3.049999999999999760e-03,2.600833333333333469e-03,9.999999999999931166e-01
2.735933159722223063e-01,3.049999999999999760e-03,2.550416666666666977e-03,9.999999999999925615e-01
2.736458333333333659e-01,3.049999999999999760e-03,2.500000000000000052e-03,1.000000000000014211e+00
2.736983506944444811e-01,3.049999999999999760e-03,2.449583333333333560e-03,1.000000000000011546e+00
2.737508680555555962e-01,3.049999999999999760e-03,2.399166666666666635e-03,1.000000000000008216e+00
2.738033854166667114e-01,3.049999999999999760e-03,2.348750000000000143e-03,1.000000000000005995e+00
2.738559027777778265e-01,3.049999999999999760e-03,2.298333333333333652e-03,1.000000000000003775e+00
2.739084201388889417e-01,3.049999999999999760e-03,2.247916666666666726e-03,1.000000000000001332e+00
2.739609375000000568e-01,3.049999999999999760e-03,2.197500000000000234e-03,9.999999999999998890e-01
2.740134548611111720e-01,3.049999999999999760e-03,2.147083333333333743e-03,9.999999999999984457e-01
2.740659722222222872e-01,3.049999999999999760e-03,2.096666666666666817e-03,9.999999999999964473e-01
2.741184895833334023e-01,3.049999999999999760e-03,2.046250000000000326e-03,9.999999999999956701e-01
2.741710069444445175e-01,3.049999999999999760e-03,1.995833333333333400e-03,9.999999999999937828e-01
2.742235243055556326e-01,3.049999999999999760e-03,1.945416666666666908e-03,9.999999999999933387e-01
2.742760416666667478e-01,3.049999999999999760e-03,1.895000000000000417e-03,9.999999999999925615e-01
2.743285590277778629e-01,3.049999999999999760e-03,1.844583333333333491e-03,9.999999999999913403e-01
2.743810763888889226e-01,3.049999999999999760e-03,1.794166666666667000e-03,1.000000000000013989e+00
2.744335937500000377e-01,3.049999999999999760e-03,1.743750000000000074e-03,1.000000000000010658e+00
2.744861111111111529e-01,3.049999999999999760e-03,1.693333333333333583e-03,1.000000000000008216e+00
2.745386284722222681e-01,3.049999999999999760e-03,1.642916666666667091e-03,1.000000000000005995e+00
2.745911458333333832e-01,3.049999999999999760e-03,1.592500000000000165e-03,1.000000000000003109e+00
2.746436631944444984e-01,3.049999999999999760e-03,1.542083333333333674e-03,1.000000000000001554e+00
2.746961805555556135e-01,3.049999999999999760e-03,1.491666666666666748e-03,9.999999999999992228e-01
2.747486979166667287e-01,3.049999999999999760e-03,1.441250000000000257e-03,9.999999999999980016e-01
2.748012152777778438e-01,3.049999999999999760e-03,1.390833333333333765e-03,9.999999999999967804e-01
2.748537326388889590e-01,3.049999999999999760e-03,1.340416666666666839e-03,9.999999999999951150e-01
2.749062500000000742e-01,3.049999999999999760e-03,1.290000000000000348e-03,9.999999999999942268e-01
2.749587673611111893e-01,3.049999999999999760e-03,1.239583333333333422e-03,9.999999999999925615e-01
2.750112847222223045e-01,3.049999999999999760e-03,1.189166666666666931e-03,9.999999999999921174e-01
2.750638020833334196e-01,3.049999999999999760e-03,1.138750000000000439e-03,9.999999999999916733e-01
2.751163194444444793e-01,3.049999999999999760e-03,1.088333333333333514e-03,1.000000000000013545e+00
2.751688368055555944e-01,3.049999999999999760e-03,1.037916666666667022e-03,1.000000000000010880e+00
2.752213541666667096e-01,3.049999999999999760e-03,9.875000000000005301e-04,1.000000000000008660e+00
2.752738715277778248e-01,3.049999999999999760e-03,9.370833333333340384e-04,1.000000000000006439e+00
2.753263888888889399e-01,3.049999999999999760e-03,8.866666666666666793e-04,1.000000000000002665e+00
2.753789062500000551e-01,3.049999999999999760e-03,8.362500000000001876e-04,1.000000000000001110e+00
2.754314236111111702e-01,3.049999999999999760e-03,7.858333333333336959e-04,9.999999999999996669e-01
2.754839409722222854e-01,3.049999999999999760e-03,7.354166666666672042e-04,9.999999999999982236e-01
2.755364583333334005e-01,3.049999999999999760e-03,6.850000000000007125e-04,9.999999999999971134e-01
2.755889756944445157e-01,3.049999999999999760e-03,6.345833333333333534e-04,9.999999999999944489e-01
2.756414930555556309e-01,3.049999999999999760e-03,5.841666666666668617e-04,9.999999999999937828e-01
2.756940104166667460e-01,3.049999999999999760e-03,5.337500000000003700e-04,9.999999999999933387e-01
2.757465277777778612e-01,3.049999999999999760e-03,4.833333333333338783e-04,9.999999999999925615e-01
2.757990451388889763e-01,3.049999999999999760e-03,4.329166666666673866e-04,9.999999999999921174e-01
2.758515625000000360e-01,3.049999999999999760e-03,3.825000000000000275e-04,1.000000000000013101e+00
2.759040798611111511e-01,3.049999999999999760e-03,3.320833333333335358e-04,1.000000000000010436e+00
2.759565972222222663e-01,3.049999999999999760e-03,2.816666666666670440e-04,1.000000000000008216e+00
2.760091145833333814e-01,3.049999999999999760e-03,2.312500000000005523e-04,1.000000000000005995e+00
2.760616319444444966e-01,3.049999999999999760e-03,1.808333333333340606e-04,1.000000000000004219e+00
2.761141493055556118e-01,3.049999999999999760e-03,1.304166666666667015e-04,1.000000000000000666e+00
2.761666666666667269e-01,3.049999999999999760e-03,8.000000000000000654e-05,9.999999999999986677e-01
2.811666666666667314e-01,3.160000000000000048e-03,8.000000000000000654e-05,6.999999999999999556e-01
2.812191840277778465e-01,3.160000000000000048e-03,1.304166666666666744e-04,6.999999999999999556e-01
2.812717013888889617e-01,3.160000000000000048e-03,1.808333333333333288e-04,6.999999999999999556e-01
2.813242187500000768e-01,3.160000000000000048e-03,2.312500000000000102e-04,6.999999999999999556e-01
2.813767361111111920e-01,3.160000000000000048e-03,2.816666666666666646e-04,6.999999999999999556e-01
2.814292534722223071e-01,3.160000000000000048e-03,3.320833333333333189e-04,6.999999999999999556e-01
2.814817708333334223e-01,3.160000000000000048e-03,3.824999999999999733e-04,6.999999999999999556e-01
2.815342881944444819e-01,3.160000000000000048e-03,4.329166666666666276e-04,6.999999999999999556e-01
2.815868055555555971e-01,3.160000000000000048e-03,4.833333333333332820e-04,6.999999999999999556e-01
2.816393229166667123e-01,3.160000000000000048e-03,5.337499999999999363e-04,7.435632909958971304e-01
2.816918402777778274e-01,3.160000000000000048e-03,5.841666666666666449e-04,7.875732272295181691e-01
2.817443576388889426e-01,3.160000000000000048e-03,6.345833333333332450e-04,8.258639978187197750e-01
2.817968750000000577e-01,3.160000000000000048e-03,6.849999999999999535e-04,8.589238067714812797e-01
2.818493923611111729e-01,3.160000000000000048e-03,7.354166666666665537e-04,8.872215495107780292e-01
2.819019097222222880e-01,3.160000000000000048e-03,7.858333333333332622e-04,9.112068128745787199e-01
2.819544270833334032e-01,3.160000000000000048e-03,8.362499999999998624e-04,9.313098751158475075e-01
2.820069444444445184e-01,3.160000000000000048e-03,8.866666666666665709e-04,9.479417059025424530e-01
2.820594618055556335e-01,3.160000000000000048e-03,9.370833333333332795e-04,9.614939663176165219e-01
2.821119791666667487e-01,3.160000000000000048e-03,9.874999999999998796e-04,9.723390088590175839e-01
2.821644965277778638e-01,3.160000000000000048e-03,1.037916666666666588e-03,9.808298774396874142e-01
2.822170138888889790e-01,3.160000000000000048e-03,1.088333333333333297e-03,9.873003073875626923e-01
2.822695312500000386e-01,3.160000000000000048e-03,1.138749999999999788e-03,9.920647254455979835e-01
2.823220486111111538e-01,3.160000000000000048e-03,1.189166666666666497e-03,9.954182497716704825e-01
2.823745659722222690e-01,3.160000000000000048e-03,1.239583333333333206e-03,9.976366899387262288e-01
2.824270833333333841e-01,3.160000000000000048e-03,1.289999999999999914e-03,9.989765469346799653e-01
2.824796006944444993e-01,3.160000000000000048e-03,1.340416666666666623e-03,9.996750131624415614e-01
2.825321180555556144e-01,3.160000000000000048e-03,1.390833333333333114e-03,9.999499724399155687e-01
2.825846354166667296e-01,3.160000000000000048e-03,1.441249999999999823e-03,9.999999999999996669e-01
2.826371527777778447e-01,3.160000000000000048e-03,1.491666666666666531e-03,9.999999999999978906e-01
2.826896701388889599e-01,3.160000000000000048e-03,1.542083333333333240e-03,9.999999999999962252e-01
2.827421875000000751e-01,3.160000000000000048e-03,1.592499999999999732e-03,9.999999999999954481e-01
2.827947048611111902e-01,3.160000000000000048e-03,1.642916666666666440e-03,9.999999999999942268e-01
2.828472222222223054e-01,3.160000000000000048e-03,1.693333333333333149e-03,9.999999999999928946e-01
2.828997395833334205e-01,3.160000000000000048e-03,1.743749999999999857e-03,9.999999999999920064e-01
2.829522569444445357e-01,3.160000000000000048e-03,1.794166666666666566e-03,9.999999999999912292e-01
2.830047743055555953e-01,3.160000000000000048e-03,1.844583333333333058e-03,1.000000000000013989e+00
2.830572916666667105e-01,3.160000000000000048e-03,1.894999999999999766e-03,1.000000000000010880e+00
2.831098090277778256e-01,3.160000000000000048e-03,1.945416666666666475e-03,1.000000000000007994e+00
2.831623263888889408e-01,3.160000000000000048e-03,1.995833333333333400e-03,1.000000000000005107e+00
2.832148437500000560e-01,3.160000000000000048e-03,2.046249999999999892e-03,1.000000000000003109e+00
2.832673611111111711e-01,3.160000000000000048e-03,2.096666666666666817e-03,1.000000000000000666e+00
2.833198784722222863e-01,3.160000000000000048e-03,2.147083333333333309e-03,9.999999999999994449e-01
2.833723958333334014e-01,3.160000000000000048e-03,2.197499999999999801e-03,9.999999999999980016e-01
2.834249131944445166e-01,3.160000000000000048e-03,2.247916666666666726e-03,9.999999999999960032e-01
2.834774305555556317e-01,3.160000000000000048e-03,2.298333333333333218e-03,9.999999999999952260e-01
2.835299479166667469e-01,3.160000000000000048e-03,2.348750000000000143e-03,9.999999999999934497e-01
2.835824652777778621e-01,3.160000000000000048e-03,2.399166666666666635e-03,9.999999999999931166e-01
2.836349826388889772e-01,3.160000000000000048e-03,2.449583333333333127e-03,9.999999999999923395e-01
2.836875000000000924e-01,3.160000000000000048e-03,2.500000000000000052e-03,9.999999999999911182e-01
2.837400173611111520e-01,3.160000000000000048e-03,2.550416666666666544e-03,1.000000000000013767e+00
2.837925347222222672e-01,3.160000000000000048e-03,2.600833333333333469e-03,1.000000000000010436e+00
2.838450520833333823e-01,3.160000000000000048e-03,2.651249999999999961e-03,1.000000000000007772e+00
2.838975694444444975e-01,3.160000000000000048e-03,2.701666666666666453e-03,1.000000000000005773e+00
2.839500868055556126e-01,3.160000000000000048e-03,2.752083333333333378e-03,1.000000000000003109e+00
2.840026041666667278e-01,3.160000000000000048e-03,2.802499999999999870e-03,1.000000000000001554e+00
2.840551215277778430e-01,3.160000000000000048e-03,2.852916666666666361e-03,9.999999999999998890e-01
2.841076388888889581e-01,3.160000000000000048e-03,2.903333333333333287e-03,9.999999999999976685e-01
2.841601562500000733e-01,3.160000000000000048e-03,2.953749999999999779e-03,9.999999999999967804e-01
2.842126736111111884e-01,3.160000000000000048e-03,3.004166666666666704e-03,9.999999999999947820e-01
2.842651909722223036e-01,3.160000000000000048e-03,3.054583333333333196e-03,9.999999999999942268e-01
2.843177083333334187e-01,3.160000000000000048e-03,3.104999999999999687e-03,9.999999999999935607e-01
2.843702256944445339e-01,3.160000000000000048e-03,3.155416666666666613e-03,9.999999999999920064e-01
2.844227430555555935e-01,3.160000000000000048e-03,3.205833333333333104e-03,1.000000000000014655e+00
2.844752604166667087e-01,3.160000000000000048e-03,3.256250000000000030e-03,1.000000000000011102e+00
2.845277777777778239e-01,3.160000000000000048e-03,3.306666666666666522e-03,1.000000000000008660e+00
2.845802951388889390e-01,3.160000000000000048e-03,3.357083333333333013e-03,1.000000000000006217e+00
2.846328125000000542e-01,3.160000000000000048e-03,3.407499999999999939e-03,1.000000000000003553e+00
2.846853298611111693e-01,3.160000000000000048e-03,3.457916666666666430e-03,1.000000000000001776e+00
2.847378472222222845e-01,3.160000000000000048e-03,3.508333333333333356e-03,9.999999999999993339e-01
2.847903645833333997e-01,3.160000000000000048e-03,3.558749999999999847e-03,9.999999999999980016e-01
2.848428819444445148e-01,3.160000000000000048e-03,3.609166666666666339e-03,9.999999999999967804e-01
2.848953993055556300e-01,3.160000000000000048e-03,3.659583333333333265e-03,9.999999999999951150e-01
2.849479166666667451e-01,3.160000000000000048e-03,3.709999999999999756e-03,9.999999999999942268e-01
2.850004340277778603e-01,3.160000000000000048e-03,3.760416666666666682e-03,9.999999999999926725e-01
2.850529513888889754e-01,3.160000000000000048e-03,3.810833333333333173e-03,9.999999999999923395e-01
2.851054687500000906e-01,3.160000000000000048e-03,3.861249999999999665e-03,9.999999999999916733e-01
2.851579861111111502e-01,3.160000000000000048e-03,3.911666666666666591e-03,1.000000000000013545e+00
2.852105034722222654e-01,3.160000000000000048e-03,3.962083333333333082e-03,1.000000000000010880e+00
2.852630208333333806e-01,3.160000000000000048e-03,4.012499999999999574e-03,1.000000000000008660e+00
2.853155381944444957e-01,3.160000000000000048e-03,4.062916666666666066e-03,1.000000000000006439e+00
2.853680555555556109e-01,3.160000000000000048e-03,4.113333333333333425e-03,1.000000000000002665e+00
2.854205729166667260e-01,3.160000000000000048e-03,4.163749999999999916e-03,1.000000000000001110e+00
2.854730902777778412e-01,3.160000000000000048e-03,4.214166666666666408e-03,9.999999999999996669e-01
2.855256076388889563e-01,3.160000000000000048e-03,4.264583333333332900e-03,9.999999999999982236e-01
2.855781250000000715e-01,3.160000000000000048e-03,4.314999999999999392e-03,9.999999999999971134e-01
2.856306423611111867e-01,3.160000000000000048e-03,4.365416666666666751e-03,9.999999999999944489e-01
2.856831597222223018e-01,3.160000000000000048e-03,4.415833333333333242e-03,9.999999999999937828e-01
2.857356770833334170e-01,3.160000000000000048e-03,4.466249999999999734e-03,9.999999999999933387e-01
2.857881944444445321e-01,3.160000000000000048e-03,4.516666666666666226e-03,9.999999999999925615e-01
2.858407118055556473e-01,3.160000000000000048e-03,4.567083333333332718e-03,9.999999999999921174e-01
2.858932291666667069e-01,3.160000000000000048e-03,4.617500000000000077e-03,1.000000000000013101e+00
2.859457465277778221e-01,3.160000000000000048e-03,4.667916666666666568e-03,1.000000000000010436e+00
2.859982638888889372e-01,3.160000000000000048e-03,4.718333333333333060e-03,1.000000000000008216e+00
2.860507812500000524e-01,3.160000000000000048e-03,4.768749999999999552e-03,1.000000000000005995e+00
2.861032986111111676e-01,3.160000000000000048e-03,4.819166666666666043e-03,1.000000000000004219e+00
2.861558159722222827e-01,3.160000000000000048e-03,4.869583333333333403e-03,1.000000000000000666e+00
2.862083333333333979e-01,3.160000000000000048e-03,4.919999999999999894e-03,9.999999999999992228e-01
2.912083333333334023e-01,3.269999999999999903e-03,4.919999999999999894e-03,6.999999999999999556e-01
2.912608506944445175e-01,3.269999999999999903e-03,4.869583333333333403e-03,6.999999999999999556e-01
2.913133680555556326e-01,3.269999999999999903e-03,4.819166666666666911e-03,6.999999999999999556e-01
2.913658854166667478e-01,3.269999999999999903e-03,4.768749999999999552e-03,6.999999999999999556e-01
2.914184027777778629e-01,3.269999999999999903e-03,4.718333333333333060e-03,6.999999999999999556e-01
2.914709201388889781e-01,3.269999999999999903e-03,4.667916666666666568e-03,6.999999999999999556e-01
2.915234375000000933e-01,3.269999999999999903e-03,4.617500000000000077e-03,6.999999999999999556e-01
2.915759548611111529e-01,3.269999999999999903e-03,4.567083333333333585e-03,6.999999999999999556e-01
2.916284722222222681e-01,3.269999999999999903e-03,4.516666666666666226e-03,6.999999999999999556e-01
2.916809895833333832e-01,3.269999999999999903e-03,4.466249999999999734e-03,7.435632909958969083e-01
2.917335069444444984e-01,3.269999999999999903e-03,4.415833333333333242e-03,7.875732272295182801e-01
2.917860243055556135e-01,3.269999999999999903e-03,4.365416666666666751e-03,8.258639978187199970e-01
2.918385416666667287e-01,3.269999999999999903e-03,4.315000000000000259e-03,8.589238067714819458e-01
2.918910590277778438e-01,3.269999999999999903e-03,4.264583333333333767e-03,8.872215495107786953e-01
2.919435763888889590e-01,3.269999999999999903e-03,4.214166666666666408e-03,9.112068128745782758e-01
2.919960937500000742e-01,3.269999999999999903e-03,4.163749999999999916e-03,9.313098751158472854e-01
2.920486111111111893e-01,3.269999999999999903e-03,4.113333333333333425e-03,9.479417059025424530e-01
2.921011284722223045e-01,3.269999999999999903e-03,4.062916666666666933e-03,9.614939663176169660e-01
2.921536458333334196e-01,3.269999999999999903e-03,4.012500000000000441e-03,9.723390088590183611e-01
2.922061631944445348e-01,3.269999999999999903e-03,3.962083333333333082e-03,9.808298774396869701e-01
2.922586805555556499e-01,3.269999999999999903e-03,3.911666666666666591e-03,9.873003073875628033e-01
2.923111979166667096e-01,3.269999999999999903e-03,3.861250000000000099e-03,9.920647254455978725e-01
2.923637152777778248e-01,3.269999999999999903e-03,3.810833333333333607e-03,9.954182497716707045e-01
2.924162326388889399e-01,3.269999999999999903e-03,3.760416666666666682e-03,9.976366899387258957e-01
2.924687500000000551e-01,3.269999999999999903e-03,3.709999999999999756e-03,9.989765469346794102e-01
2.925212673611111702e-01,3.269999999999999903e-03,3.659583333333333265e-03,9.996750131624415614e-01
2.925737847222222854e-01,3.269999999999999903e-03,3.609166666666666773e-03,9.999499724399155687e-01
2.926263020833334005e-01,3.269999999999999903e-03,3.558750000000000281e-03,9.999999999999998890e-01
2.926788194444445157e-01,3.269999999999999903e-03,3.508333333333333356e-03,9.999999999999976685e-01
2.927313368055556309e-01,3.269999999999999903e-03,3.457916666666666430e-03,9.999999999999958922e-01
2.927838541666667460e-01,3.269999999999999903e-03,3.407499999999999939e-03,9.999999999999948930e-01
2.928363715277778612e-01,3.269999999999999903e-03,3.357083333333333447e-03,9.999999999999942268e-01
2.928888888888889763e-01,3.269999999999999903e-03,3.306666666666666955e-03,9.999999999999935607e-01
2.929414062500000915e-01,3.269999999999999903e-03,3.256250000000000030e-03,9.999999999999920064e-01
2.929939236111112066e-01,3.269999999999999903e-03,3.205833333333333104e-03,9.999999999999907851e-01
2.930464409722222663e-01,3.269999999999999903e-03,3.155416666666666613e-03,1.000000000000013545e+00
2.930989583333333814e-01,3.269999999999999903e-03,3.105000000000000121e-03,1.000000000000010880e+00
2.931514756944444966e-01,3.269999999999999903e-03,3.054583333333333629e-03,1.000000000000008660e+00
2.932039930555556118e-01,3.269999999999999903e-03,3.004166666666666704e-03,1.000000000000005329e+00
2.932565104166667269e-01,3.269999999999999903e-03,2.953750000000000212e-03,1.000000000000003553e+00
2.933090277777778421e-01,3.269999999999999903e-03,2.903333333333333287e-03,1.000000000000001110e+00
2.933615451388889572e-01,3.269999999999999903e-03,2.852916666666666795e-03,9.999999999999996669e-01
2.934140625000000724e-01,3.269999999999999903e-03,2.802500000000000303e-03,9.999999999999982236e-01
2.934665798611111875e-01,3.269999999999999903e-03,2.752083333333333378e-03,9.999999999999962252e-01
2.935190972222223027e-01,3.269999999999999903e-03,2.701666666666666886e-03,9.999999999999954481e-01
2.935716145833334179e-01,3.269999999999999903e-03,2.651249999999999961e-03,9.999999999999937828e-01
2.936241319444445330e-01,3.269999999999999903e-03,2.600833333333333469e-03,9.999999999999931166e-01
2.936766493055556482e-01,3.269999999999999903e-03,2.550416666666666977e-03,9.999999999999925615e-01
2.937291666666667078e-01,3.269999999999999903e-03,2.500000000000000052e-03,1.000000000000014211e+00
2.937816840277778230e-01,3.269999999999999903e-03,2.449583333333333560e-03,1.000000000000011546e+00
2.938342013888889381e-01,3.269999999999999903e-03,2.399166666666666635e-03,1.000000000000008216e+00
2.938867187500000533e-01,3.269999999999999903e-03,2.348750000000000143e-03,1.000000000000005995e+00
2.939392361111111684e-01,3.269999999999999903e-03,2.298333333333333652e-03,1.000000000000003775e+00
2.939917534722222836e-01,3.269999999999999903e-03,2.247916666666666726e-03,1.000000000000001332e+00
2.940442708333333988e-01,3.269999999999999903e-03,2.197500000000000234e-03,9.999999999999998890e-01
2.940967881944445139e-01,3.269999999999999903e-03,2.147083333333333743e-03,9.999999999999984457e-01
2.941493055555556291e-01,3.269999999999999903e-03,2.096666666666666817e-03,9.999999999999964473e-01
2.942018229166667442e-01,3.269999999999999903e-03,2.046250000000000326e-03,9.999999999999956701e-01
2.942543402777778594e-01,3.269999999999999903e-03,1.995833333333333400e-03,9.999999999999937828e-01
2.943068576388889745e-01,3.269999999999999903e-03,1.945416666666666908e-03,9.999999999999933387e-01
2.943593750000000897e-01,3.269999999999999903e-03,1.895000000000000417e-03,9.999999999999925615e-01
2.944118923611112049e-01,3.269999999999999903e-03,1.844583333333333491e-03,9.999999999999913403e-01
2.944644097222222645e-01,3.269999999999999903e-03,1.794166666666667000e-03,1.000000000000013989e+00
2.945169270833333797e-01,3.269999999999999903e-03,1.743750000000000074e-03,1.000000000000010658e+00
2.945694444444444948e-01,3.269999999999999903e-03,1.693333333333333583e-03,1.000000000000008216e+00
2.946219618055556100e-01,3.269999999999999903e-03,1.642916666666667091e-03,1.000000000000005995e+00
2.946744791666667251e-01,3.269999999999999903e-03,1.592500000000000165e-03,1.000000000000003109e+00
2.947269965277778403e-01,3.269999999999999903e-03,1.542083333333333674e-03,1.000000000000001554e+00
2.947795138888889555e-01,3.269999999999999903e-03,1.491666666666666748e-03,9.999999999999992228e-01
2.948320312500000706e-01,3.269999999999999903e-03,1.441250000000000257e-03,9.999999999999980016e-01
2.948845486111111858e-01,3.269999999999999903e-03,1.390833333333333765e-03,9.999999999999967804e-01
2.949370659722223009e-01,3.269999999999999903e-03,1.340416666666666839e-03,9.999999999999951150e-01
2.949895833333334161e-01,3.269999999999999903e-03,1.290000000000000348e-03,9.999999999999942268e-01
2.950421006944445312e-01,3.269999999999999903e-03,1.239583333333333422e-03,9.999999999999925615e-01
2.950946180555556464e-01,3.269999999999999903e-03,1.189166666666666931e-03,9.999999999999921174e-01
2.951471354166667616e-01,3.269999999999999903e-03,1.138750000000000439e-03,9.999999999999916733e-01
2.951996527777778212e-01,3.269999999999999903e-03,1.088333333333333514e-03,1.000000000000013545e+00
2.952521701388889364e-01,3.269999999999999903e-03,1.037916666666667022e-03,1.000000000000010880e+00
2.953046875000000515e-01,3.269999999999999903e-03,9.875000000000005301e-04,1.000000000000008660e+00
2.953572048611111667e-01,3.269999999999999903e-03,9.370833333333340384e-04,1.000000000000006439e+00
2.954097222222222818e-01,3.269999999999999903e-03,8.866666666666666793e-04,1.000000000000002665e+00
2.954622395833333970e-01,3.269999999999999903e-03,8.362500000000001876e-04,1.000000000000001110e+00
2.955147569444445121e-01,3.269999999999999903e-03,7.858333333333336959e-04,9.999999999999996669e-01
2.955672743055556273e-01,3.269999999999999903e-03,7.354166666666672042e-04,9.999999999999982236e-01
2.956197916666667425e-01,3.269999999999999903e-03,6.850000000000007125e-04,9.999999999999971134e-01
2.956723090277778576e-01,3.269999999999999903e-03,6.345833333333333534e-04,9.999999999999944489e-01
2.957248263888889728e-01,3.269999999999999903e-03,5.841666666666668617e-04,9.999999999999937828e-01
2.957773437500000879e-01,3.269999999999999903e-03,5.337500000000003700e-04,9.999999999999933387e-01
2.958298611111112031e-01,3.269999999999999903e-03,4.833333333333338783e-04,9.999999999999925615e-01
2.958823784722223182e-01,3.269999999999999903e-03,4.329166666666673866e-04,9.999999999999921174e-01
2.959348958333333779e-01,3.269999999999999903e-03,3.825000000000000275e-04,1.000000000000013101e+00
2.959874131944444930e-01,3.269999999999999903e-03,3.320833333333335358e-04,1.000000000000010436e+00
2.960399305555556082e-01,3.269999999999999903e-03,2.816666666666670440e-04,1.000000000000008216e+00
2.960924479166667234e-01,3.269999999999999903e-03,2.312500000000005523e-04,1.000000000000005995e+00
2.961449652777778385e-01,3.269999999999999903e-03,1.808333333333340606e-04,1.000000000000004219e+00
2.961974826388889537e-01,3.269999999999999903e-03,1.304166666666667015e-04,1.000000000000000666e+00
2.962500000000000688e-01,3.269999999999999903e-03,8.000000000000000654e-05,9.999999999999986677e-01
3.012500000000000733e-01,3.379999999999999758e-03,8.000000000000000654e-05,6.999999999999999556e-01
3.013025173611111884e-01,3.379999999999999758e-03,1.304166666666666744e-04,6.999999999999999556e-01
3.013550347222223036e-01,3.379999999999999758e-03,1.808333333333333288e-04,6.999999999999999556e-01
3.014075520833334187e-01,3.379999999999999758e-03,2.312500000000000102e-04,6.999999999999999556e-01
3.014600694444445339e-01,3.379999999999999758e-03,2.816666666666666646e-04,6.999999999999999556e-01
3.015125868055556491e-01,3.379999999999999758e-03,3.320833333333333189e-04,6.999999999999999556e-01
3.015651041666667642e-01,3.379999999999999758e-03,3.824999999999999733e-04,6.999999999999999556e-01
3.016176215277778239e-01,3.379999999999999758e-03,4.329166666666666276e-04,6.999999999999999556e-01
3.016701388888889390e-01,3.379999999999999758e-03,4.833333333333332820e-04,6.999999999999999556e-01
3.017226562500000542e-01,3.379999999999999758e-03,5.337499999999999363e-04,7.435632909958971304e-01
3.017751736111111693e-01,3.379999999999999758e-03,5.841666666666666449e-04,7.875732272295181691e-01
3.018276909722222845e-01,3.379999999999999758e-03,6.345833333333332450e-04,8.258639978187197750e-01
3.018802083333333997e-01,3.379999999999999758e-03,6.849999999999999535e-04,8.589238067714812797e-01
3.019327256944445148e-01,3.379999999999999758e-03,7.354166666666665537e-04,8.872215495107780292e-01
3.019852430555556300e-01,3.379999999999999758e-03,7.858333333333332622e-04,9.112068128745787199e-01
3.020377604166667451e-01,3.379999999999999758e-03,8.362499999999998624e-04,9.313098751158475075e-01
3.020902777777778603e-01,3.379999999999999758e-03,8.866666666666665709e-04,9.479417059025424530e-01
3.021427951388889754e-01,3.379999999999999758e-03,9.370833333333332795e-04,9.614939663176165219e-01
3.021953125000000906e-01,3.379999999999999758e-03,9.874999999999998796e-04,9.723390088590175839e-01
3.022478298611112058e-01,3.379999999999999758e-03,1.037916666666666588e-03,9.808298774396874142e-01
3.023003472222223209e-01,3.379999999999999758e-03,1.088333333333333297e-03,9.873003073875626923e-01
3.023528645833333806e-01,3.379999999999999758e-03,1.138749999999999788e-03,9.920647254455979835e-01
3.024053819444444957e-01,3.379999999999999758e-03,1.189166666666666497e-03,9.954182497716704825e-01
3.024578993055556109e-01,3.379999999999999758e-03,1.239583333333333206e-03,9.976366899387262288e-01
3.025104166666667260e-01,3.379999999999999758e-03,1.289999999999999914e-03,9.989765469346799653e-01
3.025629340277778412e-01,3.379999999999999758e-03,1.340416666666666623e-03,9.996750131624415614e-01
3.026154513888889563e-01,3.379999999999999758e-03,1.390833333333333114e-03,9.999499724399155687e-01
3.026679687500000715e-01,3.379999999999999758e-03,1.441249999999999823e-03,9.999999999999996669e-01
3.027204861111111867e-01,3.379999999999999758e-03,1.491666666666666531e-03,9.999999999999978906e-01
3.027730034722223018e-01,3.379999999999999758e-03,1.542083333333333240e-03,9.999999999999962252e-01
3.028255208333334170e-01,3.379999999999999758e-03,1.592499999999999732e-03,9.999999999999954481e-01
3.028780381944445321e-01,3.379999999999999758e-03,1.642916666666666440e-03,9.999999999999942268e-01
3.029305555555556473e-01,3.379999999999999758e-03,1.693333333333333149e-03,9.999999999999928946e-01
3.029830729166667624e-01,3.379999999999999758e-03,1.743749999999999857e-03,9.999999999999920064e-01
3.030355902777778776e-01,3.379999999999999758e-03,1.794166666666666566e-03,9.999999999999912292e-01
3.030881076388889372e-01,3.379999999999999758e-03,1.844583333333333058e-03,1.000000000000013989e+00
3.031406250000000524e-01,3.379999999999999758e-03,1.894999999999999766e-03,1.000000000000010880e+00
3.031931423611111676e-01,3.379999999999999758e-03,1.945416666666666475e-03,1.000000000000007994e+00
3.032456597222222827e-01,3.379999999999999758e-03,1.995833333333333400e-03,1.000000000000005107e+00
3.032981770833333979e-01,3.379999999999999758e-03,2.046249999999999892e-03,1.000000000000003109e+00
3.033506944444445130e-01,3.379999999999999758e-03,2.096666666666666817e-03,1.000000000000000666e+00
3.034032118055556282e-01,3.379999999999999758e-03,2.147083333333333309e-03,9.999999999999994449e-01
3.034557291666667433e-01,3.379999999999999758e-03,2.197499999999999801e-03,9.999999999999980016e-01
3.035082465277778585e-01,3.379999999999999758e-03,2.247916666666666726e-03,9.999999999999960032e-01
3.035607638888889737e-01,3.379999999999999758e-03,2.298333333333333218e-03,9.999999999999952260e-01
3.036132812500000888e-01,3.379999999999999758e-03,2.348750000000000143e-03,9.999999999999934497e-01
3.036657986111112040e-01,3.379999999999999758e-03,2.399166666666666635e-03,9.999999999999931166e-01
3.037183159722223191e-01,3.379999999999999758e-03,2.449583333333333127e-03,9.999999999999923395e-01
3.037708333333334343e-01,3.379999999999999758e-03,2.500000000000000052e-03,9.999999999999911182e-01
3.038233506944444939e-01,3.379999999999999758e-03,2.550416666666666544e-03,1.000000000000013767e+00
3.038758680555556091e-01,3.379999999999999758e-03,2.600833333333333469e-03,1.000000000000010436e+00
3.039283854166667243e-01,3.379999999999999758e-03,2.651249999999999961e-03,1.000000000000007772e+00
3.039809027777778394e-01,3.379999999999999758e-03,2.701666666666666453e-03,1.000000000000005773e+00
3.040334201388889546e-01,3.379999999999999758e-03,2.752083333333333378e-03,1.000000000000003109e+00
3.040859375000000697e-01,3.379999999999999758e-03,2.802499999999999870e-03,1.000000000000001554e+00
3.041384548611111849e-01,3.379999999999999758e-03,2.852916666666666361e-03,9.999999999999998890e-01
3.041909722222223000e-01,3.379999999999999758e-03,2.903333333333333287e-03,9.999999999999976685e-01
3.042434895833334152e-01,3.379999999999999758e-03,2.953749999999999779e-03,9.999999999999967804e-01
3.042960069444445304e-01,3.379999999999999758e-03,3.004166666666666704e-03,9.999999999999947820e-01
3.043485243055556455e-01,3.379999999999999758e-03,3.054583333333333196e-03,9.999999999999942268e-01
3.044010416666667607e-01,3.379999999999999758e-03,3.104999999999999687e-03,9.999999999999935607e-01
3.044535590277778758e-01,3.379999999999999758e-03,3.155416666666666613e-03,9.999999999999920064e-01
3.045060763888889355e-01,3.379999999999999758e-03,3.205833333333333104e-03,1.000000000000014655e+00
3.045585937500000506e-01,3.379999999999999758e-03,3.256250000000000030e-03,1.000000000000011102e+00
3.046111111111111658e-01,3.379999999999999758e-03,3.306666666666666522e-03,1.000000000000008660e+00
3.046636284722222809e-01,3.379999999999999758e-03,3.357083333333333013e-03,1.000000000000006217e+00
3.047161458333333961e-01,3.379999999999999758e-03,3.407499999999999939e-03,1.000000000000003553e+00
3.047686631944445113e-01,3.379999999999999758e-03,3.457916666666666430e-03,1.000000000000001776e+00
3.048211805555556264e-01,3.379999999999999758e-03,3.508333333333333356e-03,9.999999999999993339e-01
3.048736979166667416e-01,3.379999999999999758e-03,3.558749999999999847e-03,9.999999999999980016e-01
3.049262152777778567e-01,3.379999999999999758e-03,3.609166666666666339e-03,9.999999999999967804e-01
3.049787326388889719e-01,3.379999999999999758e-03,3.659583333333333265e-03,9.999999999999951150e-01
3.050312500000000870e-01,3.379999999999999758e-03,3.709999999999999756e-03,9.999999999999942268e-01
3.050837673611112022e-01,3.379999999999999758e-03,3.760416666666666682e-03,9.999999999999926725e-01
3.051362847222223174e-01,3.379999999999999758e-03,3.810833333333333173e-03,9.999999999999923395e-01
3.051888020833334325e-01,3.379999999999999758e-03,3.861249999999999665e-03,9.999999999999916733e-01
3.052413194444444922e-01,3.379999999999999758e-03,3.911666666666666591e-03,1.000000000000013545e+00
3.052938368055556073e-01,3.379999999999999758e-03,3.962083333333333082e-03,1.000000000000010880e+00
3.053463541666667225e-01,3.379999999999999758e-03,4.012499999999999574e-03,1.000000000000008660e+00
3.053988715277778376e-01,3.379999999999999758e-03,4.062916666666666066e-03,1.000000000000006439e+00
3.054513888888889528e-01,3.379999999999999758e-03,4.113333333333333425e-03,1.000000000000002665e+00
3.055039062500000679e-01,3.379999999999999758e-03,4.163749999999999916e-03,1.000000000000001110e+00
3.055564236111111831e-01,3.379999999999999758e-03,4.214166666666666408e-03,9.999999999999996669e-01
3.056089409722222983e-01,3.379999999999999758e-03,4.264583333333332900e-03,9.999999999999982236e-01
3.056614583333334134e-01,3.379999999999999758e-03,4.314999999999999392e-03,9.999999999999971134e-01
3.057139756944445286e-01,3.379999999999999758e-03,4.365416666666666751e-03,9.999999999999944489e-01
3.057664930555556437e-01,3.379999999999999758e-03,4.415833333333333242e-03,9.999999999999937828e-01
3.058190104166667589e-01,3.379999999999999758e-03,4.466249999999999734e-03,9.999999999999933387e-01
3.058715277777778740e-01,3.379999999999999758e-03,4.516666666666666226e-03,9.999999999999925615e-01
3.059240451388889892e-01,3.379999999999999758e-03,4.567083333333332718e-03,9.999999999999921174e-01
3.059765625000000488e-01,3.379999999999999758e-03,4.617500000000000077e-03,1.000000000000013101e+00
3.060290798611111640e-01,3.379999999999999758e-03,4.667916666666666568e-03,1.000000000000010436e+00
3.060815972222222792e-01,3.379999999999999758e-03,4.718333333333333060e-03,1.000000000000008216e+00
3.061341145833333943e-01,3.379999999999999758e-03,4.768749999999999552e-03,1.000000000000005995e+00
3.061866319444445095e-01,3.379999999999999758e-03,4.819166666666666043e-03,1.000000000000004219e+00
3.062391493055556246e-01,3.379999999999999758e-03,4.869583333333333403e-03,1.000000000000000666e+00
3.062916666666667398e-01,3.379999999999999758e-03,4.919999999999999894e-03,9.999999999999992228e-01
3.112916666666667442e-01,3.490000000000000047e-03,4.919999999999999894e-03,6.999999999999999556e-01
3.113441840277778594e-01,3.490000000000000047e-03,4.869583333333333403e-03,6.999999999999999556e-01
3.113967013888889745e-01,3.490000000000000047e-03,4.819166666666666911e-03,6.999999999999999556e-01
3.114492187500000897e-01,3.490000000000000047e-03,4.768749999999999552e-03,6.999999999999999556e-01
3.115017361111112049e-01,3.490000000000000047e-03,4.718333333333333060e-03,6.999999999999999556e-01
3.115542534722223200e-01,3.490000000000000047e-03,4.667916666666666568e-03,6.999999999999999556e-01
3.116067708333334352e-01,3.490000000000000047e-03,4.617500000000000077e-03,6.999999999999999556e-01
3.116592881944444948e-01,3.490000000000000047e-03,4.567083333333333585e-03,6.999999999999999556e-01
3.117118055555556100e-01,3.490000000000000047e-03,4.516666666666666226e-03,6.999999999999999556e-01
3.117643229166667251e-01,3.490000000000000047e-03,4.466249999999999734e-03,7.435632909958969083e-01
3.118168402777778403e-01,3.490000000000000047e-03,4.415833333333333242e-03,7.875732272295182801e-01
3.118693576388889555e-01,3.490000000000000047e-03,4.365416666666666751e-03,8.258639978187199970e-01
3.119218750000000706e-01,3.490000000000000047e-03,4.315000000000000259e-03,8.589238067714819458e-01
3.119743923611111858e-01,3.490000000000000047e-03,4.264583333333333767e-03,8.872215495107786953e-01
3.120269097222223009e-01,3.490000000000000047e-03,4.214166666666666408e-03,9.112068128745782758e-01
3.120794270833334161e-01,3.490000000000000047e-03,4.163749999999999916e-03,9.313098751158472854e-01
3.121319444444445312e-01,3.490000000000000047e-03,4.113333333333333425e-03,9.479417059025424530e-01
3.121844618055556464e-01,3.490000000000000047e-03,4.062916666666666933e-03,9.614939663176169660e-01
3.122369791666667616e-01,3.490000000000000047e-03,4.012500000000000441e-03,9.723390088590183611e-01
3.122894965277778767e-01,3.490000000000000047e-03,3.962083333333333082e-03,9.808298774396869701e-01
3.123420138888889919e-01,3.490000000000000047e-03,3.911666666666666591e-03,9.873003073875628033e-01
3.123945312500000515e-01,3.490000000000000047e-03,3.861250000000000099e-03,9.920647254455978725e-01
3.124470486111111667e-01,3.490000000000000047e-03,3.810833333333333607e-03,9.954182497716707045e-01
3.124995659722222818e-01,3.490000000000000047e-03,3.760416666666666682e-03,9.976366899387258957e-01
3.125520833333333970e-01,3.490000000000000047e-03,3.709999999999999756e-03,9.989765469346794102e-01
3.126046006944445121e-01,3.490000000000000047e-03,3.659583333333333265e-03,9.996750131624415614e-01
3.126571180555556273e-01,3.490000000000000047e-03,3.609166666666666773e-03,9.999499724399155687e-01
3.127096354166667425e-01,3.490000000000000047e-03,3.558750000000000281e-03,9.999999999999998890e-01
3.127621527777778576e-01,3.490000000000000047e-03,3.508333333333333356e-03,9.999999999999976685e-01
3.128146701388889728e-01,3.490000000000000047e-03,3.457916666666666430e-03,9.999999999999958922e-01
3.128671875000000879e-01,3.490000000000000047e-03,3.407499999999999939e-03,9.999999999999948930e-01
3.129197048611112031e-01,3.490000000000000047e-03,3.357083333333333447e-03,9.999999999999942268e-01
3.129722222222223182e-01,3.490000000000000047e-03,3.306666666666666955e-03,9.999999999999935607e-01
3.130247395833334334e-01,3.490000000000000047e-03,3.256250000000000030e-03,9.999999999999920064e-01
3.130772569444445486e-01,3.490000000000000047e-03,3.205833333333333104e-03,9.999999999999907851e-01
3.131297743055556082e-01,3.490000000000000047e-03,3.155416666666666613e-03,1.000000000000013545e+00
3.131822916666667234e-01,3.490000000000000047e-03,3.105000000000000121e-03,1.000000000000010880e+00
3.132348090277778385e-01,3.490000000000000047e-03,3.054583333333333629e-03,1.000000000000008660e+00
3.132873263888889537e-01,3.490000000000000047e-03,3.004166666666666704e-03,1.000000000000005329e+00
3.133398437500000688e-01,3.490000000000000047e-03,2.953750000000000212e-03,1.000000000000003553e+00
3.133923611111111840e-01,3.490000000000000047e-03,2.903333333333333287e-03,1.000000000000001110e+00
3.134448784722222991e-01,3.490000000000000047e-03,2.852916666666666795e-03,9.999999999999996669e-01
3.134973958333334143e-01,3.490000000000000047e-03,2.802500000000000303e-03,9.999999999999982236e-01
3.135499131944445295e-01,3.490000000000000047e-03,2.752083333333333378e-03,9.999999999999962252e-01
3.136024305555556446e-01,3.490000000000000047e-03,2.701666666666666886e-03,9.999999999999954481e-01
3.136549479166667598e-01,3.490000000000000047e-03,2.651249999999999961e-03,9.999999999999937828e-01
3.137074652777778749e-01,3.490000000000000047e-03,2.600833333333333469e-03,9.999999999999931166e-01
3.137599826388889901e-01,3.490000000000000047e-03,2.550416666666666977e-03,9.999999999999925615e-01
3.138125000000000497e-01,3.490000000000000047e-03,2.500000000000000052e-03,1.000000000000014211e+00
3.138650173611111649e-01,3.490000000000000047e-03,2.449583333333333560e-03,1.000000000000011546e+00
3.139175347222222801e-01,3.490000000000000047e-03,2.399166666666666635e-03,1.000000000000008216e+00
3.139700520833333952e-01,3.490000000000000047e-03,2.348750000000000143e-03,1.000000000000005995e+00
3.140225694444445104e-01,3.490000000000000047e-03,2.298333333333333652e-03,1.000000000000003775e+00
3.140750868055556255e-01,3.490000000000000047e-03,2.247916666666666726e-03,1.000000000000001332e+00
3.141276041666667407e-01,3.490000000000000047e-03,2.197500000000000234e-03,9.999999999999998890e-01
3.141801215277778558e-01,3.490000000000000047e-03,2.147083333333333743e-03,9.999999999999984457e-01
3.142326388888889710e-01,3.490000000000000047e-03,2.096666666666666817e-03,9.999999999999964473e-01
3.142851562500000862e-01,3.490000000000000047e-03,2.046250000000000326e-03,9.999999999999956701e-01
3.143376736111112013e-01,3.490000000000000047e-03,1.995833333333333400e-03,9.999999999999937828e-01
3.143901909722223165e-01,3.490000000000000047e-03,1.945416666666666908e-03,9.999999999999933387e-01
3.144427083333334316e-01,3.490000000000000047e-03,1.895000000000000417e-03,9.999999999999925615e-01
3.144952256944445468e-01,3.490000000000000047e-03,1.844583333333333491e-03,9.999999999999913403e-01
3.145477430555556064e-01,3.490000000000000047e-03,1.794166666666667000e-03,1.000000000000013989e+00
3.146002604166667216e-01,3.490000000000000047e-03,1.743750000000000074e-03,1.000000000000010658e+00
3.146527777777778367e-01,3.490000000000000047e-03,1.693333333333333583e-03,1.000000000000008216e+00
3.147052951388889519e-01,3.490000000000000047e-03,1.642916666666667091e-03,1.000000000000005995e+00
3.147578125000000671e-01,3.490000000000000047e-03,1.592500000000000165e-03,1.000000000000003109e+00
3.148103298611111822e-01,3.490000000000000047e-03,1.542083333333333674e-03,1.000000000000001554e+00
3.148628472222222974e-01,3.490000000000000047e-03,1.491666666666666748e-03,9.999999999999992228e-01
3.149153645833334125e-01,3.490000000000000047e-03,1.441250000000000257e-03,9.999999999999980016e-01
3.149678819444445277e-01,3.490000000000000047e-03,1.390833333333333765e-03,9.999999999999967804e-01
3.150203993055556428e-01,3.490000000000000047e-03,1.340416666666666839e-03,9.999999999999951150e-01
3.150729166666667580e-01,3.490000000000000047e-03,1.290000000000000348e-03,9.999999999999942268e-01
3.151254340277778732e-01,3.490000000000000047e-03,1.239583333333333422e-03,9.999999999999925615e-01
3.151779513888889883e-01,3.490000000000000047e-03,1.189166666666666931e-03,9.999999999999921174e-01
3.152304687500001035e-01,3.490000000000000047e-03,1.138750000000000439e-03,9.999999999999916733e-01
3.152829861111111631e-01,3.490000000000000047e-03,1.088333333333333514e-03,1.000000000000013545e+00
3.153355034722222783e-01,3.490000000000000047e-03,1.037916666666667022e-03,1.000000000000010880e+00
3.153880208333333934e-01,3.490000000000000047e-03,9.875000000000005301e-04,1.000000000000008660e+00
3.154405381944445086e-01,3.490000000000000047e-03,9.370833333333340384e-04,1.000000000000006439e+00
3.154930555555556237e-01,3.490000000000000047e-03,8.866666666666666793e-04,1.000000000000002665e+00
3.155455729166667389e-01,3.490000000000000047e-03,8.362500000000001876e-04,1.000000000000001110e+00
3.155980902777778541e-01,3.490000000000000047e-03,7.858333333333336959e-04,9.999999999999996669e-01
3.156506076388889692e-01,3.490000000000000047e-03,7.354166666666672042e-04,9.999999999999982236e-01
3.157031250000000844e-01,3.490000000000000047e-03,6.850000000000007125e-04,9.999999999999971134e-01
3.157556423611111995e-01,3.490000000000000047e-03,6.345833333333333534e-04,9.999999999999944489e-01
3.158081597222223147e-01,3.490000000000000047e-03,5.841666666666668617e-04,9.999999999999937828e-01
3.158606770833334298e-01,3.490000000000000047e-03,5.337500000000003700e-04,9.999999999999933387e-01
3.159131944444445450e-01,3.490000000000000047e-03,4.833333333333338783e-04,9.999999999999925615e-01
3.159657118055556602e-01,3.490000000000000047e-03,4.329166666666673866e-04,9.999999999999921174e-01
3.160182291666667198e-01,3.490000000000000047e-03,3.825000000000000275e-04,1.000000000000013101e+00
3.160707465277778350e-01,3.490000000000000047e-03,3.320833333333335358e-04,1.000000000000010436e+00
3.161232638888889501e-01,3.490000000000000047e-03,2.816666666666670440e-04,1.000000000000008216e+00
3.161757812500000653e-01,3.490000000000000047e-03,2.312500000000005523e-04,1.000000000000005995e+00
3.162282986111111804e-01,3.490000000000000047e-03,1.808333333333340606e-04,1.000000000000004219e+00
3.162808159722222956e-01,3.490000000000000047e-03,1.304166666666667015e-04,1.000000000000000666e+00
3.163333333333334108e-01,3.490000000000000047e-03,8.000000000000000654e-05,9.999999999999986677e-01
3.213333333333334152e-01,3.599999999999999901e-03,8.000000000000000654e-05,6.999999999999999556e-01
3.213858506944445304e-01,3.599999999999999901e-03,1.304166666666666744e-04,6.999999999999999556e-01
3.214383680555556455e-01,3.599999999999999901e-03,1.808333333333333288e-04,6.999999999999999556e-01
3.214908854166667607e-01,3.599999999999999901e-03,2.312500000000000102e-04,6.999999999999999556e-01
3.215434027777778758e-01,3.599999999999999901e-03,2.816666666666666646e-04,6.999999999999999556e-01
3.215959201388889910e-01,3.599999999999999901e-03,3.320833333333333189e-04,6.999999999999999556e-01
3.216484375000001061e-01,3.599999999999999901e-03,3.824999999999999733e-04,6.999999999999999556e-01
3.217009548611111658e-01,3.599999999999999901e-03,4.329166666666666276e-04,6.999999999999999556e-01
3.217534722222222809e-01,3.599999999999999901e-03,4.833333333333332820e-04,6.999999999999999556e-01
3.218059895833333961e-01,3.599999999999999901e-03,5.337499999999999363e-04,7.435632909958971304e-01
3.218585069444445113e-01,3.599999999999999901e-03,5.841666666666666449e-04,7.875732272295181691e-01
3.219110243055556264e-01,3.599999999999999901e-03,6.345833333333332450e-04,8.258639978187197750e-01
3.219635416666667416e-01,3.599999999999999901e-03,6.849999999999999535e-04,8.589238067714812797e-01
3.220160590277778567e-01,3.599999999999999901e-03,7.354166666666665537e-04,8.872215495107780292e-01
3.220685763888889719e-01,3.599999999999999901e-03,7.858333333333332622e-04,9.112068128745787199e-01
3.221210937500000870e-01,3.599999999999999901e-03,8.362499999999998624e-04,9.313098751158475075e-01
3.221736111111112022e-01,3.599999999999999901e-03,8.866666666666665709e-04,9.479417059025424530e-01
3.222261284722223174e-01,3.599999999999999901e-03,9.370833333333332795e-04,9.614939663176165219e-01
3.222786458333334325e-01,3.599999999999999901e-03,9.874999999999998796e-04,9.723390088590175839e-01
3.223311631944445477e-01,3.599999999999999901e-03,1.037916666666666588e-03,9.808298774396874142e-01
3.223836805555556628e-01,3.599999999999999901e-03,1.088333333333333297e-03,9.873003073875626923e-01
3.224361979166667225e-01,3.599999999999999901e-03,1.138749999999999788e-03,9.920647254455979835e-01
3.224887152777778376e-01,3.599999999999999901e-03,1.189166666666666497e-03,9.954182497716704825e-01
3.225412326388889528e-01,3.599999999999999901e-03,1.239583333333333206e-03,9.976366899387262288e-01
3.225937500000000679e-01,3.599999999999999901e-03,1.289999999999999914e-03,9.989765469346799653e-01
3.226462673611111831e-01,3.599999999999999901e-03,1.340416666666666623e-03,9.996750131624415614e-01
3.226987847222222983e-01,3.599999999999999901e-03,1.390833333333333114e-03,9.999499724399155687e-01
3.227513020833334134e-01,3.599999999999999901e-03,1.441249999999999823e-03,9.999999999999996669e-01
3.228038194444445286e-01,3.599999999999999901e-03,1.491666666666666531e-03,9.999999999999978906e-01
3.228563368055556437e-01,3.599999999999999901e-03,1.542083333333333240e-03,9.999999999999962252e-01
3.229088541666667589e-01,3.599999999999999901e-03,1.592499999999999732e-03,9.999999999999954481e-01
3.229613715277778740e-01,3.599999999999999901e-03,1.642916666666666440e-03,9.999999999999942268e-01
3.230138888888889892e-01,3.599999999999999901e-03,1.693333333333333149e-03,9.999999999999928946e-01
3.230664062500001044e-01,3.599999999999999901e-03,1.743749999999999857e-03,9.999999999999920064e-01
3.231189236111112195e-01,3.599999999999999901e-03,1.794166666666666566e-03,9.999999999999912292e-01
3.231714409722222792e-01,3.599999999999999901e-03,1.844583333333333058e-03,1.000000000000013989e+00
3.232239583333333943e-01,3.599999999999999901e-03,1.894999999999999766e-03,1.000000000000010880e+00
3.232764756944445095e-01,3.599999999999999901e-03,1.945416666666666475e-03,1.000000000000007994e+00
3.233289930555556246e-01,3.599999999999999901e-03,1.995833333333333400e-03,1.000000000000005107e+00
3.233815104166667398e-01,3.599999999999999901e-03,2.046249999999999892e-03,1.000000000000003109e+00
3.234340277777778550e-01,3.599999999999999901e-03,2.096666666666666817e-03,1.000000000000000666e+00
3.234865451388889701e-01,3.599999999999999901e-03,2.147083333333333309e-03,9.999999999999994449e-01
3.235390625000000853e-01,3.599999999999999901e-03,2.197499999999999801e-03,9.999999999999980016e-01
3.235915798611112004e-01,3.599999999999999901e-03,2.247916666666666726e-03,9.999999999999960032e-01
3.236440972222223156e-01,3.599999999999999901e-03,2.298333333333333218e-03,9.999999999999952260e-01
3.236966145833334307e-01,3.599999999999999901e-03,2.348750000000000143e-03,9.999999999999934497e-01
3.237491319444445459e-01,3.599999999999999901e-03,2.399166666666666635e-03,9.999999999999931166e-01
3.238016493055556611e-01,3.599999999999999901e-03,2.449583333333333127e-03,9.999999999999923395e-01
3.238541666666667762e-01,3.599999999999999901e-03,2.500000000000000052e-03,9.999999999999911182e-01
3.239066840277778359e-01,3.599999999999999901e-03,2.550416666666666544e-03,1.000000000000013767e+00
3.239592013888889510e-01,3.599999999999999901e-03,2.600833333333333469e-03,1.000000000000010436e+00
3.240117187500000662e-01,3.599999999999999901e-03,2.651249999999999961e-03,1.000000000000007772e+00
3.240642361111111813e-01,3.599999999999999901e-03,2.701666666666666453e-03,1.000000000000005773e+00
3.241167534722222965e-01,3.599999999999999901e-03,2.752083333333333378e-03,1.000000000000003109e+00
3.241692708333334116e-01,3.599999999999999901e-03,2.802499999999999870e-03,1.000000000000001554e+00
3.242217881944445268e-01,3.599999999999999901e-03,2.852916666666666361e-03,9.999999999999998890e-01
3.242743055555556420e-01,3.599999999999999901e-03,2.903333333333333287e-03,9.999999999999976685e-01
3.243268229166667571e-01,3.599999999999999901e-03,2.953749999999999779e-03,9.999999999999967804e-01
3.243793402777778723e-01,3.599999999999999901e-03,3.004166666666666704e-03,9.999999999999947820e-01
3.244318576388889874e-01,3.599999999999999901e-03,3.054583333333333196e-03,9.999999999999942268e-01
3.244843750000001026e-01,3.599999999999999901e-03,3.104999999999999687e-03,9.999999999999935607e-01
3.245368923611112177e-01,3.599999999999999901e-03,3.155416666666666613e-03,9.999999999999920064e-01
3.245894097222222774e-01,3.599999999999999901e-03,3.205833333333333104e-03,1.000000000000014655e+00
3.246419270833333925e-01,3.599999999999999901e-03,3.256250000000000030e-03,1.000000000000011102e+00
3.246944444444445077e-01,3.599999999999999901e-03,3.306666666666666522e-03,1.000000000000008660e+00
3.247469618055556229e-01,3.599999999999999901e-03,3.357083333333333013e-03,1.000000000000006217e+00
3.247994791666667380e-01,3.599999999999999901e-03,3.407499999999999939e-03,1.000000000000003553e+00
3.248519965277778532e-01,3.599999999999999901e-03,3.457916666666666430e-03,1.000000000000001776e+00
3.249045138888889683e-01,3.599999999999999901e-03,3.508333333333333356e-03,9.999999999999993339e-01
3.249570312500000835e-01,3.599999999999999901e-03,3.558749999999999847e-03,9.999999999999980016e-01
3.250095486111111986e-01,3.599999999999999901e-03,3.609166666666666339e-03,9.999999999999967804e-01
3.250620659722223138e-01,3.599999999999999901e-03,3.659583333333333265e-03,9.999999999999951150e-01
3.251145833333334290e-01,3.599999999999999901e-03,3.709999999999999756e-03,9.999999999999942268e-01
3.251671006944445441e-01,3.599999999999999901e-03,3.760416666666666682e-03,9.999999999999926725e-01
3.252196180555556593e-01,3.599999999999999901e-03,3.810833333333333173e-03,9.999999999999923395e-01
3.252721354166667744e-01,3.599999999999999901e-03,3.861249999999999665e-03,9.999999999999916733e-01
3.253246527777778341e-01,3.599999999999999901e-03,3.911666666666666591e-03,1.000000000000013545e+00
3.253771701388889492e-01,3.599999999999999901e-03,3.962083333333333082e-03,1.000000000000010880e+00
3.254296875000000644e-01,3.599999999999999901e-03,4.012499999999999574e-03,1.000000000000008660e+00
3.254822048611111796e-01,3.599999999999999901e-03,4.062916666666666066e-03,1.000000000000006439e+00
3.255347222222222947e-01,3.599999999999999901e-03,4.113333333333333425e-03,1.000000000000002665e+00
3.255872395833334099e-01,3.599999999999999901e-03,4.163749999999999916e-03,1.000000000000001110e+00
3.256397569444445250e-01,3.599999999999999901e-03,4.214166666666666408e-03,9.999999999999996669e-01
3.256922743055556402e-01,3.599999999999999901e-03,4.264583333333332900e-03,9.999999999999982236e-01
3.257447916666667553e-01,3.599999999999999901e-03,4.314999999999999392e-03,9.999999999999971134e-01
3.257973090277778705e-01,3.599999999999999901e-03,4.365416666666666751e-03,9.999999999999944489e-01
3.258498263888889857e-01,3.599999999999999901e-03,4.415833333333333242e-03,9.999999999999937828e-01
3.259023437500001008e-01,3.599999999999999901e-03,4.466249999999999734e-03,9.999999999999933387e-01
3.259548611111112160e-01,3.599999999999999901e-03,4.516666666666666226e-03,9.999999999999925615e-01
3.260073784722223311e-01,3.599999999999999901e-03,4.567083333333332718e-03,9.999999999999921174e-01
3.260598958333333908e-01,3.599999999999999901e-03,4.617500000000000077e-03,1.000000000000013101e+00
3.261124131944445059e-01,3.599999999999999901e-03,4.667916666666666568e-03,1.000000000000010436e+00
3.261649305555556211e-01,3.599999999999999901e-03,4.718333333333333060e-03,1.000000000000008216e+00
3.262174479166667362e-01,3.599999999999999901e-03,4.768749999999999552e-03,1.000000000000005995e+00
3.262699652777778514e-01,3.599999999999999901e-03,4.819166666666666043e-03,1.000000000000004219e+00
3.263224826388889666e-01,3.599999999999999901e-03,4.869583333333333403e-03,1.000000000000000666e+00
3.263750000000000817e-01,3.599999999999999901e-03,4.919999999999999894e-03,9.999999999999992228e-01
3.313750000000000862e-01,3.709999999999999756e-03,4.919999999999999894e-03,6.999999999999999556e-01
3.314275173611112013e-01,3.709999999999999756e-03,4.869583333333333403e-03,6.999999999999999556e-01
3.314800347222223165e-01,3.709999999999999756e-03,4.819166666666666911e-03,6.999999999999999556e-01
3.315325520833334316e-01,3.709999999999999756e-03,4.768749999999999552e-03,6.999999999999999556e-01
3.315850694444445468e-01,3.709999999999999756e-03,4.718333333333333060e-03,6.999999999999999556e-01
3.316375868055556619e-01,3.709999999999999756e-03,4.667916666666666568e-03,6.999999999999999556e-01
3.316901041666667771e-01,3.709999999999999756e-03,4.617500000000000077e-03,6.999999999999999556e-01
3.317426215277778367e-01,3.709999999999999756e-03,4.567083333333333585e-03,6.999999999999999556e-01
3.317951388888889519e-01,3.709999999999999756e-03,4.516666666666666226e-03,6.999999999999999556e-01
3.318476562500000671e-01,3.709999999999999756e-03,4.466249999999999734e-03,7.435632909958969083e-01
3.319001736111111822e-01,3.709999999999999756e-03,4.415833333333333242e-03,7.875732272295182801e-01
3.319526909722222974e-01,3.709999999999999756e-03,4.365416666666666751e-03,8.258639978187199970e-01
3.320052083333334125e-01,3.709999999999999756e-03,4.315000000000000259e-03,8.589238067714819458e-01
3.320577256944445277e-01,3.709999999999999756e-03,4.264583333333333767e-03,8.872215495107786953e-01
3.321102430555556428e-01,3.709999999999999756e-03,4.214166666666666408e-03,9.112068128745782758e-01
3.321627604166667580e-01,3.709999999999999756e-03,4.163749999999999916e-03,9.313098751158472854e-01
3.322152777777778732e-01,3.709999999999999756e-03,4.113333333333333425e-03,9.479417059025424530e-01
3.322677951388889883e-01,3.709999999999999756e-03,4.062916666666666933e-03,9.614939663176169660e-01
3.323203125000001035e-01,3.709999999999999756e-03,4.012500000000000441e-03,9.723390088590183611e-01
3.323728298611112186e-01,3.709999999999999756e-03,3.962083333333333082e-03,9.808298774396869701e-01
3.324253472222223338e-01,3.709999999999999756e-03,3.911666666666666591e-03,9.873003073875628033e-01
3.324778645833333934e-01,3.709999999999999756e-03,3.861250000000000099e-03,9.920647254455978725e-01
3.325303819444445086e-01,3.709999999999999756e-03,3.810833333333333607e-03,9.954182497716707045e-01
3.325828993055556237e-01,3.709999999999999756e-03,3.760416666666666682e-03,9.976366899387258957e-01
3.326354166666667389e-01,3.709999999999999756e-03,3.709999999999999756e-03,9.989765469346794102e-01
3.326879340277778541e-01,3.709999999999999756e-03,3.659583333333333265e-03,9.996750131624415614e-01
3.327404513888889692e-01,3.709999999999999756e-03,3.609166666666666773e-03,9.999499724399155687e-01
3.327929687500000844e-01,3.709999999999999756e-03,3.558750000000000281e-03,9.999999999999998890e-01
3.328454861111111995e-01,3.709999999999999756e-03,3.508333333333333356e-03,9.999999999999976685e-01
3.328980034722223147e-01,3.709999999999999756e-03,3.457916666666666430e-03,9.999999999999958922e-01
3.329505208333334298e-01,3.709999999999999756e-03,3.407499999999999939e-03,9.999999999999948930e-01
3.330030381944445450e-01,3.709999999999999756e-03,3.357083333333333447e-03,9.999999999999942268e-01
3.330555555555556602e-01,3.709999999999999756e-03,3.306666666666666955e-03,9.999999999999935607e-01
3.331080729166667753e-01,3.709999999999999756e-03,3.256250000000000030e-03,9.999999999999920064e-01
3.331605902777778905e-01,3.709999999999999756e-03,3.205833333333333104e-03,9.999999999999907851e-01
3.332131076388889501e-01,3.709999999999999756e-03,3.155416666666666613e-03,1.000000000000013545e+00
3.332656250000000653e-01,3.709999999999999756e-03,3.105000000000000121e-03,1.000000000000010880e+00
3.333181423611111804e-01,3.709999999999999756e-03,3.054583333333333629e-03,1.000000000000008660e+00
3.333706597222222956e-01,3.709999999999999756e-03,3.004166666666666704e-03,1.000000000000005329e+00
3.334231770833334108e-01,3.709999999999999756e-03,2.953750000000000212e-03,1.000000000000003553e+00
3.334756944444445259e-01,3.709999999999999756e-03,2.903333333333333287e-03,1.000000000000001110e+00
3.335282118055556411e-01,3.709999999999999756e-03,2.852916666666666795e-03,9.999999999999996669e-01
3.335807291666667562e-01,3.709999999999999756e-03,2.802500000000000303e-03,9.999999999999982236e-01
3.336332465277778714e-01,3.709999999999999756e-03,2.752083333333333378e-03,9.999999999999962252e-01
3.336857638888889865e-01,3.709999999999999756e-03,2.701666666666666886e-03,9.999999999999954481e-01
3.337382812500001017e-01,3.709999999999999756e-03,2.651249999999999961e-03,9.999999999999937828e-01
3.337907986111112169e-01,3.709999999999999756e-03,2.600833333333333469e-03,9.999999999999931166e-01
3.338433159722223320e-01,3.709999999999999756e-03,2.550416666666666977e-03,9.999999999999925615e-01
3.338958333333333917e-01,3.709999999999999756e-03,2.500000000000000052e-03,1.000000000000014211e+00
3.339483506944445068e-01,3.709999999999999756e-03,2.449583333333333560e-03,1.000000000000011546e+00
3.340008680555556220e-01,3.709999999999999756e-03,2.399166666666666635e-03,1.000000000000008216e+00
3.340533854166667371e-01,3.709999999999999756e-03,2.348750000000000143e-03,1.000000000000005995e+00
3.341059027777778523e-01,3.709999999999999756e-03,2.298333333333333652e-03,1.000000000000003775e+00
3.341584201388889674e-01,3.709999999999999756e-03,2.247916666666666726e-03,1.000000000000001332e+00
3.342109375000000826e-01,3.709999999999999756e-03,2.197500000000000234e-03,9.999999999999998890e-01
3.342634548611111978e-01,3.709999999999999756e-03,2.147083333333333743e-03,9.999999999999984457e-01
3.343159722222223129e-01,3.709999999999999756e-03,2.096666666666666817e-03,9.999999999999964473e-01
3.343684895833334281e-01,3.709999999999999756e-03,2.046250000000000326e-03,9.999999999999956701e-01
3.344210069444445432e-01,3.709999999999999756e-03,1.995833333333333400e-03,9.999999999999937828e-01
3.344735243055556584e-01,3.709999999999999756e-03,1.945416666666666908e-03,9.999999999999933387e-01
3.345260416666667735e-01,3.709999999999999756e-03,1.895000000000000417e-03,9.999999999999925615e-01
3.345785590277778887e-01,3.709999999999999756e-03,1.844583333333333491e-03,9.999999999999913403e-01
3.346310763888889483e-01,3.709999999999999756e-03,1.794166666666667000e-03,1.000000000000013989e+00
3.346835937500000635e-01,3.709999999999999756e-03,1.743750000000000074e-03,1.000000000000010658e+00
3.347361111111111787e-01,3.709999999999999756e-03,1.693333333333333583e-03,1.000000000000008216e+00
3.347886284722222938e-01,3.709999999999999756e-03,1.642916666666667091e-03,1.000000000000005995e+00
3.348411458333334090e-01,3.709999999999999756e-03,1.592500000000000165e-03,1.000000000000003109e+00
3.348936631944445241e-01,3.709999999999999756e-03,1.542083333333333674e-03,1.000000000000001554e+00
3.349461805555556393e-01,3.709999999999999756e-03,1.491666666666666748e-03,9.999999999999992228e-01
3.349986979166667544e-01,3.709999999999999756e-03,1.441250000000000257e-03,9.999999999999980016e-01
3.350512152777778696e-01,3.709999999999999756e-03,1.390833333333333765e-03,9.999999999999967804e-01
3.351037326388889848e-01,3.709999999999999756e-03,1.340416666666666839e-03,9.999999999999951150e-01
3.351562500000000999e-01,3.709999999999999756e-03,1.290000000000000348e-03,9.999999999999942268e-01
3.352087673611112151e-01,3.709999999999999756e-03,1.239583333333333422e-03,9.999999999999925615e-01
3.352612847222223302e-01,3.709999999999999756e-03,1.189166666666666931e-03,9.999999999999921174e-01
3.353138020833334454e-01,3.709999999999999756e-03,1.138750000000000439e-03,9.999999999999916733e-01
3.353663194444445050e-01,3.709999999999999756e-03,1.088333333333333514e-03,1.000000000000013545e+00
3.354188368055556202e-01,3.709999999999999756e-03,1.037916666666667022e-03,1.000000000000010880e+00
3.354713541666667354e-01,3.709999999999999756e-03,9.875000000000005301e-04,1.000000000000008660e+00
3.355238715277778505e-01,3.709999999999999756e-03,9.370833333333340384e-04,1.000000000000006439e+00
3.355763888888889657e-01,3.709999999999999756e-03,8.866666666666666793e-04,1.000000000000002665e+00
3.356289062500000808e-01,3.709999999999999756e-03,8.362500000000001876e-04,1.000000000000001110e+00
3.356814236111111960e-01,3.709999999999999756e-03,7.858333333333336959e-04,9.999999999999996669e-01
3.357339409722223111e-01,3.709999999999999756e-03,7.354166666666672042e-04,9.999999999999982236e-01
3.357864583333334263e-01,3.709999999999999756e-03,6.850000000000007125e-04,9.999999999999971134e-01
3.358389756944445415e-01,3.709999999999999756e-03,6.345833333333333534e-04,9.999999999999944489e-01
3.358914930555556566e-01,3.709999999999999756e-03,5.841666666666668617e-04,9.999999999999937828e-01
3.359440104166667718e-01,3.709999999999999756e-03,5.337500000000003700e-04,9.999999999999933387e-01
3.359965277777778869e-01,3.709999999999999756e-03,4.833333333333338783e-04,9.999999999999925615e-01
3.360490451388890021e-01,3.709999999999999756e-03,4.329166666666673866e-04,9.999999999999921174e-01
3.361015625000000617e-01,3.709999999999999756e-03,3.825000000000000275e-04,1.000000000000013101e+00
3.361540798611111769e-01,3.709999999999999756e-03,3.320833333333335358e-04,1.000000000000010436e+00
3.362065972222222920e-01,3.709999999999999756e-03,2.816666666666670440e-04,1.000000000000008216e+00
3.362591145833334072e-01,3.709999999999999756e-03,2.312500000000005523e-04,1.000000000000005995e+00
3.363116319444445224e-01,3.709999999999999756e-03,1.808333333333340606e-04,1.000000000000004219e+00
3.363641493055556375e-01,3.709999999999999756e-03,1.304166666666667015e-04,1.000000000000000666e+00
3.364166666666667527e-01,3.709999999999999756e-03,8.000000000000000654e-05,9.999999999999986677e-01
3.414166666666667571e-01,3.820000000000000045e-03,8.000000000000000654e-05,6.999999999999999556e-01
3.414691840277778723e-01,3.820000000000000045e-03,1.304166666666666744e-04,6.999999999999999556e-01
3.415217013888889874e-01,3.820000000000000045e-03,1.808333333333333288e-04,6.999999999999999556e-01
3.415742187500001026e-01,3.820000000000000045e-03,2.312500000000000102e-04,6.999999999999999556e-01
3.416267361111112177e-01,3.820000000000000045e-03,2.816666666666666646e-04,6.999999999999999556e-01
3.416792534722223329e-01,3.820000000000000045e-03,3.320833333333333189e-04,6.999999999999999556e-01
3.417317708333334481e-01,3.820000000000000045e-03,3.824999999999999733e-04,6.999999999999999556e-01
3.417842881944445077e-01,3.820000000000000045e-03,4.329166666666666276e-04,6.999999999999999556e-01
3.418368055555556229e-01,3.820000000000000045e-03,4.833333333333332820e-04,6.999999999999999556e-01
3.418893229166667380e-01,3.820000000000000045e-03,5.337499999999999363e-04,7.435632909958971304e-01
3.419418402777778532e-01,3.820000000000000045e-03,5.841666666666666449e-04,7.875732272295181691e-01
3.419943576388889683e-01,3.820000000000000045e-03,6.345833333333332450e-04,8.258639978187197750e-01
3.420468750000000835e-01,3.820000000000000045e-03,6.849999999999999535e-04,8.589238067714812797e-01
3.420993923611111986e-01,3.820000000000000045e-03,7.354166666666665537e-04,8.872215495107780292e-01
3.421519097222223138e-01,3.820000000000000045e-03,7.858333333333332622e-04,9.112068128745787199e-01
3.422044270833334290e-01,3.820000000000000045e-03,8.362499999999998624e-04,9.313098751158475075e-01
3.422569444444445441e-01,3.820000000000000045e-03,8.866666666666665709e-04,9.479417059025424530e-01
3.423094618055556593e-01,3.820000000000000045e-03,9.370833333333332795e-04,9.614939663176165219e-01
3.423619791666667744e-01,3.820000000000000045e-03,9.874999999999998796e-04,9.723390088590175839e-01
3.424144965277778896e-01,3.820000000000000045e-03,1.037916666666666588e-03,9.808298774396874142e-01
3.424670138888890047e-01,3.820000000000000045e-03,1.088333333333333297e-03,9.873003073875626923e-01
3.425195312500000644e-01,3.820000000000000045e-03,1.138749999999999788e-03,9.920647254455979835e-01
3.425720486111111796e-01,3.820000000000000045e-03,1.189166666666666497e-03,9.954182497716704825e-01
3.426245659722222947e-01,3.820000000000000045e-03,1.239583333333333206e-03,9.976366899387262288e-01
3.426770833333334099e-01,3.820000000000000045e-03,1.289999999999999914e-03,9.989765469346799653e-01
3.427296006944445250e-01,3.820000000000000045e-03,1.340416666666666623e-03,9.996750131624415614e-01
3.427821180555556402e-01,3.820000000000000045e-03,1.390833333333333114e-03,9.999499724399155687e-01
3.428346354166667553e-01,3.820000000000000045e-03,1.441249999999999823e-03,9.999999999999996669e-01
3.428871527777778705e-01,3.820000000000000045e-03,1.491666666666666531e-03,9.999999999999978906e-01
3.429396701388889857e-01,3.820000000000000045e-03,1.542083333333333240e-03,9.999999999999962252e-01
3.429921875000001008e-01,3.820000000000000045e-03,1.592499999999999732e-03,9.999999999999954481e-01
3.430447048611112160e-01,3.820000000000000045e-03,1.642916666666666440e-03,9.999999999999942268e-01
3.430972222222223311e-01,3.820000000000000045e-03,1.693333333333333149e-03,9.999999999999928946e-01
3.431497395833334463e-01,3.820000000000000045e-03,1.743749999999999857e-03,9.999999999999920064e-01
3.432022569444445614e-01,3.820000000000000045e-03,1.794166666666666566e-03,9.999999999999912292e-01
3.432547743055556211e-01,3.820000000000000045e-03,1.844583333333333058e-03,1.000000000000013989e+00
3.433072916666667362e-01,3.820000000000000045e-03,1.894999999999999766e-03,1.000000000000010880e+00
3.433598090277778514e-01,3.820000000000000045e-03,1.945416666666666475e-03,1.000000000000007994e+00
3.434123263888889666e-01,3.820000000000000045e-03,1.995833333333333400e-03,1.000000000000005107e+00
3.434648437500000817e-01,3.820000000000000045e-03,2.046249999999999892e-03,1.000000000000003109e+00
3.435173611111111969e-01,3.820000000000000045e-03,2.096666666666666817e-03,1.000000000000000666e+00
3.435698784722223120e-01,3.820000000000000045e-03,2.147083333333333309e-03,9.999999999999994449e-01
3.436223958333334272e-01,3.820000000000000045e-03,2.197499999999999801e-03,9.999999999999980016e-01
3.436749131944445423e-01,3.820000000000000045e-03,2.247916666666666726e-03,9.999999999999960032e-01
3.437274305555556575e-01,3.820000000000000045e-03,2.298333333333333218e-03,9.999999999999952260e-01
3.437799479166667727e-01,3.820000000000000045e-03,2.348750000000000143e-03,9.999999999999934497e-01
3.438324652777778878e-01,3.820000000000000045e-03,2.399166666666666635e-03,9.999999999999931166e-01
3.438849826388890030e-01,3.820000000000000045e-03,2.449583333333333127e-03,9.999999999999923395e-01
3.439375000000001181e-01,3.820000000000000045e-03,2.500000000000000052e-03,9.999999999999911182e-01
3.439900173611111778e-01,3.820000000000000045e-03,2.550416666666666544e-03,1.000000000000013767e+00
3.440425347222222929e-01,3.820000000000000045e-03,2.600833333333333469e-03,1.000000000000010436e+00
3.440950520833334081e-01,3.820000000000000045e-03,2.651249999999999961e-03,1.000000000000007772e+00
3.441475694444445232e-01,3.820000000000000045e-03,2.701666666666666453e-03,1.000000000000005773e+00
3.442000868055556384e-01,3.820000000000000045e-03,2.752083333333333378e-03,1.000000000000003109e+00
3.442526041666667536e-01,3.820000000000000045e-03,2.802499999999999870e-03,1.000000000000001554e+00
3.443051215277778687e-01,3.820000000000000045e-03,2.852916666666666361e-03,9.999999999999998890e-01
3.443576388888889839e-01,3.820000000000000045e-03,2.903333333333333287e-03,9.999999999999976685e-01
3.444101562500000990e-01,3.820000000000000045e-03,2.953749999999999779e-03,9.999999999999967804e-01
3.444626736111112142e-01,3.820000000000000045e-03,3.004166666666666704e-03,9.999999999999947820e-01
3.445151909722223293e-01,3.820000000000000045e-03,3.054583333333333196e-03,9.999999999999942268e-01
3.445677083333334445e-01,3.820000000000000045e-03,3.104999999999999687e-03,9.999999999999935607e-01
3.446202256944445597e-01,3.820000000000000045e-03,3.155416666666666613e-03,9.999999999999920064e-01
3.446727430555556193e-01,3.820000000000000045e-03,3.205833333333333104e-03,1.000000000000014655e+00
3.447252604166667345e-01,3.820000000000000045e-03,3.256250000000000030e-03,1.000000000000011102e+00
3.447777777777778496e-01,3.820000000000000045e-03,3.306666666666666522e-03,1.000000000000008660e+00
3.448302951388889648e-01,3.820000000000000045e-03,3.357083333333333013e-03,1.000000000000006217e+00
3.448828125000000799e-01,3.820000000000000045e-03,3.407499999999999939e-03,1.000000000000003553e+00
3.449353298611111951e-01,3.820000000000000045e-03,3.457916666666666430e-03,1.000000000000001776e+00
3.449878472222223103e-01,3.820000000000000045e-03,3.508333333333333356e-03,9.999999999999993339e-01
3.450403645833334254e-01,3.820000000000000045e-03,3.558749999999999847e-03,9.999999999999980016e-01
3.450928819444445406e-01,3.820000000000000045e-03,3.609166666666666339e-03,9.999999999999967804e-01
3.451453993055556557e-01,3.820000000000000045e-03,3.659583333333333265e-03,9.999999999999951150e-01
3.451979166666667709e-01,3.820000000000000045e-03,3.709999999999999756e-03,9.999999999999942268e-01
3.452504340277778860e-01,3.820000000000000045e-03,3.760416666666666682e-03,9.999999999999926725e-01
3.453029513888890012e-01,3.820000000000000045e-03,3.810833333333333173e-03,9.999999999999923395e-01
3.453554687500001164e-01,3.820000000000000045e-03,3.861249999999999665e-03,9.999999999999916733e-01
3.454079861111111760e-01,3.820000000000000045e-03,3.911666666666666591e-03,1.000000000000013545e+00
3.454605034722222912e-01,3.820000000000000045e-03,3.962083333333333082e-03,1.000000000000010880e+00
3.455130208333334063e-01,3.820000000000000045e-03,4.012499999999999574e-03,1.000000000000008660e+00
3.455655381944445215e-01,3.820000000000000045e-03,4.062916666666666066e-03,1.000000000000006439e+00
3.456180555555556366e-01,3.820000000000000045e-03,4.113333333333333425e-03,1.000000000000002665e+00
3.456705729166667518e-01,3.820000000000000045e-03,4.163749999999999916e-03,1.000000000000001110e+00
3.457230902777778669e-01,3.820000000000000045e-03,4.214166666666666408e-03,9.999999999999996669e-01
3.457756076388889821e-01,3.820000000000000045e-03,4.264583333333332900e-03,9.999999999999982236e-01
3.458281250000000973e-01,3.820000000000000045e-03,4.314999999999999392e-03,9.999999999999971134e-01
3.458806423611112124e-01,3.820000000000000045e-03,4.365416666666666751e-03,9.999999999999944489e-01
3.459331597222223276e-01,3.820000000000000045e-03,4.415833333333333242e-03,9.999999999999937828e-01
3.459856770833334427e-01,3.820000000000000045e-03,4.466249999999999734e-03,9.999999999999933387e-01
3.460381944444445579e-01,3.820000000000000045e-03,4.516666666666666226e-03,9.999999999999925615e-01
3.460907118055556730e-01,3.820000000000000045e-03,4.567083333333332718e-03,9.999999999999921174e-01
3.461432291666667327e-01,3.820000000000000045e-03,4.617500000000000077e-03,1.000000000000013101e+00
3.461957465277778478e-01,3.820000000000000045e-03,4.667916666666666568e-03,1.000000000000010436e+00
3.462482638888889630e-01,3.820000000000000045e-03,4.718333333333333060e-03,1.000000000000008216e+00
3.463007812500000782e-01,3.820000000000000045e-03,4.768749999999999552e-03,1.000000000000005995e+00
3.463532986111111933e-01,3.820000000000000045e-03,4.819166666666666043e-03,1.000000000000004219e+00
3.464058159722223085e-01,3.820000000000000045e-03,4.869583333333333403e-03,1.000000000000000666e+00
3.464583333333334236e-01,3.820000000000000045e-03,4.919999999999999894e-03,9.999999999999992228e-01
3.514583333333334281e-01,3.929999999999999466e-03,4.919999999999999894e-03,6.999999999999999556e-01
3.515108506944445432e-01,3.929999999999999466e-03,4.869583333333333403e-03,6.999999999999999556e-01
3.515633680555556584e-01,3.929999999999999466e-03,4.819166666666666911e-03,6.999999999999999556e-01
3.516158854166667735e-01,3.929999999999999466e-03,4.768749999999999552e-03,6.999999999999999556e-01
3.516684027777778887e-01,3.929999999999999466e-03,4.718333333333333060e-03,6.999999999999999556e-01
3.517209201388890039e-01,3.929999999999999466e-03,4.667916666666666568e-03,6.999999999999999556e-01
3.517734375000001190e-01,3.929999999999999466e-03,4.617500000000000077e-03,6.999999999999999556e-01
3.518259548611111787e-01,3.929999999999999466e-03,4.567083333333333585e-03,6.999999999999999556e-01
3.518784722222222938e-01,3.929999999999999466e-03,4.516666666666666226e-03,6.999999999999999556e-01
3.519309895833334090e-01,3.929999999999999466e-03,4.466249999999999734e-03,7.435632909958969083e-01
3.519835069444445241e-01,3.929999999999999466e-03,4.415833333333333242e-03,7.875732272295182801e-01
3.520360243055556393e-01,3.929999999999999466e-03,4.365416666666666751e-03,8.258639978187199970e-01
3.520885416666667544e-01,3.929999999999999466e-03,4.315000000000000259e-03,8.589238067714819458e-01
3.521410590277778696e-01,3.929999999999999466e-03,4.264583333333333767e-03,8.872215495107786953e-01
3.521935763888889848e-01,3.929999999999999466e-03,4.214166666666666408e-03,9.112068128745782758e-01
3.522460937500000999e-01,3.929999999999999466e-03,4.163749999999999916e-03,9.313098751158472854e-01
3.522986111111112151e-01,3.929999999999999466e-03,4.113333333333333425e-03,9.479417059025424530e-01
3.523511284722223302e-01,3.929999999999999466e-03,4.062916666666666933e-03,9.614939663176169660e-01
3.524036458333334454e-01,3.929999999999999466e-03,4.012500000000000441e-03,9.723390088590183611e-01
3.524561631944445605e-01,3.929999999999999466e-03,3.962083333333333082e-03,9.808298774396869701e-01
3.525086805555556757e-01,3.929999999999999466e-03,3.911666666666666591e-03,9.873003073875628033e-01
3.525611979166667354e-01,3.929999999999999466e-03,3.861250000000000099e-03,9.920647254455978725e-01
3.526137152777778505e-01,3.929999999999999466e-03,3.810833333333333607e-03,9.954182497716707045e-01
3.526662326388889657e-01,3.929999999999999466e-03,3.760416666666666682e-03,9.976366899387258957e-01
3.527187500000000808e-01,3.929999999999999466e-03,3.709999999999999756e-03,9.989765469346794102e-01
3.527712673611111960e-01,3.929999999999999466e-03,3.659583333333333265e-03,9.996750131624415614e-01
3.528237847222223111e-01,3.929999999999999466e-03,3.609166666666666773e-03,9.999499724399155687e-01
3.528763020833334263e-01,3.929999999999999466e-03,3.558750000000000281e-03,9.999999999999998890e-01
3.529288194444445415e-01,3.929999999999999466e-03,3.508333333333333356e-03,9.999999999999976685e-01
3.529813368055556566e-01,3.929999999999999466e-03,3.457916666666666430e-03,9.999999999999958922e-01
3.530338541666667718e-01,3.929999999999999466e-03,3.407499999999999939e-03,9.999999999999948930e-01
3.530863715277778869e-01,3.929999999999999466e-03,3.357083333333333447e-03,9.999999999999942268e-01
3.531388888888890021e-01,3.929999999999999466e-03,3.306666666666666955e-03,9.999999999999935607e-01
3.531914062500001172e-01,3.929999999999999466e-03,3.256250000000000030e-03,9.999999999999920064e-01
3.532439236111112324e-01,3.929999999999999466e-03,3.205833333333333104e-03,9.999999999999907851e-01
3.532964409722222920e-01,3.929999999999999466e-03,3.155416666666666613e-03,1.000000000000013545e+00
3.533489583333334072e-01,3.929999999999999466e-03,3.105000000000000121e-03,1.000000000000010880e+00
3.534014756944445224e-01,3.929999999999999466e-03,3.054583333333333629e-03,1.000000000000008660e+00
3.534539930555556375e-01,3.929999999999999466e-03,3.004166666666666704e-03,1.000000000000005329e+00
3.535065104166667527e-01,3.929999999999999466e-03,2.953750000000000212e-03,1.000000000000003553e+00
3.535590277777778678e-01,3.929999999999999466e-03,2.903333333333333287e-03,1.000000000000001110e+00
3.536115451388889830e-01,3.929999999999999466e-03,2.852916666666666795e-03,9.999999999999996669e-01
3.536640625000000981e-01,3.929999999999999466e-03,2.802500000000000303e-03,9.999999999999982236e-01
3.537165798611112133e-01,3.929999999999999466e-03,2.752083333333333378e-03,9.999999999999962252e-01
3.537690972222223285e-01,3.929999999999999466e-03,2.701666666666666886e-03,9.999999999999954481e-01
3.538216145833334436e-01,3.929999999999999466e-03,2.651249999999999961e-03,9.999999999999937828e-01
3.538741319444445588e-01,3.929999999999999466e-03,2.600833333333333469e-03,9.999999999999931166e-01
3.539266493055556739e-01,3.929999999999999466e-03,2.550416666666666977e-03,9.999999999999925615e-01
3.539791666666667336e-01,3.929999999999999466e-03,2.500000000000000052e-03,1.000000000000014211e+00
3.540316840277778487e-01,3.929999999999999466e-03,2.449583333333333560e-03,1.000000000000011546e+00
3.540842013888889639e-01,3.929999999999999466e-03,2.399166666666666635e-03,1.000000000000008216e+00
3.541367187500000790e-01,3.929999999999999466e-03,2.348750000000000143e-03,1.000000000000005995e+00
3.541892361111111942e-01,3.929999999999999466e-03,2.298333333333333652e-03,1.000000000000003775e+00
3.542417534722223094e-01,3.929999999999999466e-03,2.247916666666666726e-03,1.000000000000001332e+00
3.542942708333334245e-01,3.929999999999999466e-03,2.197500000000000234e-03,9.999999999999998890e-01
3.543467881944445397e-01,3.929999999999999466e-03,2.147083333333333743e-03,9.999999999999984457e-01
3.543993055555556548e-01,3.929999999999999466e-03,2.096666666666666817e-03,9.999999999999964473e-01
3.544518229166667700e-01,3.929999999999999466e-03,2.046250000000000326e-03,9.999999999999956701e-01
3.545043402777778851e-01,3.929999999999999466e-03,1.995833333333333400e-03,9.999999999999937828e-01
3.545568576388890003e-01,3.929999999999999466e-03,1.945416666666666908e-03,9.999999999999933387e-01
3.546093750000001155e-01,3.929999999999999466e-03,1.895000000000000417e-03,9.999999999999925615e-01
3.546618923611112306e-01,3.929999999999999466e-03,1.844583333333333491e-03,9.999999999999913403e-01
3.547144097222222903e-01,3.929999999999999466e-03,1.794166666666667000e-03,1.000000000000013989e+00
3.547669270833334054e-01,3.929999999999999466e-03,1.743750000000000074e-03,1.000000000000010658e+00
3.548194444444445206e-01,3.929999999999999466e-03,1.693333333333333583e-03,1.000000000000008216e+00
3.548719618055556357e-01,3.929999999999999466e-03,1.642916666666667091e-03,1.000000000000005995e+00
3.549244791666667509e-01,3.929999999999999466e-03,1.592500000000000165e-03,1.000000000000003109e+00
3.549769965277778661e-01,3.929999999999999466e-03,1.542083333333333674e-03,1.000000000000001554e+00
3.550295138888889812e-01,3.929999999999999466e-03,1.491666666666666748e-03,9.999999999999992228e-01
3.550820312500000964e-01,3.929999999999999466e-03,1.441250000000000257e-03,9.999999999999980016e-01
3.551345486111112115e-01,3.929999999999999466e-03,1.390833333333333765e-03,9.999999999999967804e-01
3.551870659722223267e-01,3.929999999999999466e-03,1.340416666666666839e-03,9.999999999999951150e-01
3.552395833333334418e-01,3.929999999999999466e-03,1.290000000000000348e-03,9.999999999999942268e-01
3.552921006944445570e-01,3.929999999999999466e-03,1.239583333333333422e-03,9.999999999999925615e-01
3.553446180555556722e-01,3.929999999999999466e-03,1.189166666666666931e-03,9.999999999999921174e-01
3.553971354166667873e-01,3.929999999999999466e-03,1.138750000000000439e-03,9.999999999999916733e-01
3.554496527777778470e-01,3.929999999999999466e-03,1.088333333333333514e-03,1.000000000000013545e+00
3.555021701388889621e-01,3.929999999999999466e-03,1.037916666666667022e-03,1.000000000000010880e+00
3.555546875000000773e-01,3.929999999999999466e-03,9.875000000000005301e-04,1.000000000000008660e+00
3.556072048611111924e-01,3.929999999999999466e-03,9.370833333333340384e-04,1.000000000000006439e+00
3.556597222222223076e-01,3.929999999999999466e-03,8.866666666666666793e-04,1.000000000000002665e+00
3.557122395833334227e-01,3.929999999999999466e-03,8.362500000000001876e-04,1.000000000000001110e+00
3.557647569444445379e-01,3.929999999999999466e-03,7.858333333333336959e-04,9.999999999999996669e-01
3.558172743055556531e-01,3.929999999999999466e-03,7.354166666666672042e-04,9.999999999999982236e-01
3.558697916666667682e-01,3.929999999999999466e-03,6.850000000000007125e-04,9.999999999999971134e-01
3.559223090277778834e-01,3.929999999999999466e-03,6.345833333333333534e-04,9.999999999999944489e-01
3.559748263888889985e-01,3.929999999999999466e-03,5.841666666666668617e-04,9.999999999999937828e-01
3.560273437500001137e-01,3.929999999999999466e-03,5.337500000000003700e-04,9.999999999999933387e-01
3.560798611111112288e-01,3.929999999999999466e-03,4.833333333333338783e-04,9.999999999999925615e-01
3.561323784722223440e-01,3.929999999999999466e-03,4.329166666666673866e-04,9.999999999999921174e-01
3.561848958333334036e-01,3.929999999999999466e-03,3.825000000000000275e-04,1.000000000000013101e+00
3.562374131944445188e-01,3.929999999999999466e-03,3.320833333333335358e-04,1.000000000000010436e+00
3.562899305555556340e-01,3.929999999999999466e-03,2.816666666666670440e-04,1.000000000000008216e+00
3.563424479166667491e-01,3.929999999999999466e-03,2.312500000000005523e-04,1.000000000000005995e+00
3.563949652777778643e-01,3.929999999999999466e-03,1.808333333333340606e-04,1.000000000000004219e+00
3.564474826388889794e-01,3.929999999999999466e-03,1.304166666666667015e-04,1.000000000000000666e+00
3.565000000000000946e-01,3.929999999999999466e-03,8.000000000000000654e-05,9.999999999999986677e-01
3.615000000000000990e-01,4.040000000000000188e-03,8.000000000000000654e-05,6.999999999999999556e-01
3.615525173611112142e-01,4.040000000000000188e-03,1.304166666666666744e-04,6.999999999999999556e-01
3.616050347222223293e-01,4.040000000000000188e-03,1.808333333333333288e-04,6.999999999999999556e-01
3.616575520833334445e-01,4.040000000000000188e-03,2.312500000000000102e-04,6.999999999999999556e-01
3.617100694444445597e-01,4.040000000000000188e-03,2.816666666666666646e-04,6.999999999999999556e-01
3.617625868055556748e-01,4.040000000000000188e-03,3.320833333333333189e-04,6.999999999999999556e-01
3.618151041666667900e-01,4.040000000000000188e-03,3.824999999999999733e-04,6.999999999999999556e-01
3.618676215277778496e-01,4.040000000000000188e-03,4.329166666666666276e-04,6.999999999999999556e-01
3.619201388888889648e-01,4.040000000000000188e-03,4.833333333333332820e-04,6.999999999999999556e-01
3.619726562500000799e-01,4.040000000000000188e-03,5.337499999999999363e-04,7.435632909958971304e-01
3.620251736111111951e-01,4.040000000000000188e-03,5.841666666666666449e-04,7.875732272295181691e-01
3.620776909722223103e-01,4.040000000000000188e-03,6.345833333333332450e-04,8.258639978187197750e-01
3.621302083333334254e-01,4.040000000000000188e-03,6.849999999999999535e-04,8.589238067714812797e-01
3.621827256944445406e-01,4.040000000000000188e-03,7.354166666666665537e-04,8.872215495107780292e-01
3.622352430555556557e-01,4.040000000000000188e-03,7.858333333333332622e-04,9.112068128745787199e-01
3.622877604166667709e-01,4.040000000000000188e-03,8.362499999999998624e-04,9.313098751158475075e-01
3.623402777777778860e-01,4.040000000000000188e-03,8.866666666666665709e-04,9.479417059025424530e-01
3.623927951388890012e-01,4.040000000000000188e-03,9.370833333333332795e-04,9.614939663176165219e-01
3.624453125000001164e-01,4.040000000000000188e-03,9.874999999999998796e-04,9.723390088590175839e-01
3.624978298611112315e-01,4.040000000000000188e-03,1.037916666666666588e-03,9.808298774396874142e-01
3.625503472222223467e-01,4.040000000000000188e-03,1.088333333333333297e-03,9.873003073875626923e-01
3.626028645833334063e-01,4.040000000000000188e-03,1.138749999999999788e-03,9.920647254455979835e-01
3.626553819444445215e-01,4.040000000000000188e-03,1.189166666666666497e-03,9.954182497716704825e-01
3.627078993055556366e-01,4.040000000000000188e-03,1.239583333333333206e-03,9.976366899387262288e-01
3.627604166666667518e-01,4.040000000000000188e-03,1.289999999999999914e-03,9.989765469346799653e-01
3.628129340277778669e-01,4.040000000000000188e-03,1.340416666666666623e-03,9.996750131624415614e-01
3.628654513888889821e-01,4.040000000000000188e-03,1.390833333333333114e-03,9.999499724399155687e-01
3.629179687500000973e-01,4.040000000000000188e-03,1.441249999999999823e-03,9.999999999999996669e-01
3.629704861111112124e-01,4.040000000000000188e-03,1.491666666666666531e-03,9.999999999999978906e-01
3.630230034722223276e-01,4.040000000000000188e-03,1.542083333333333240e-03,9.999999999999962252e-01
3.630755208333334427e-01,4.040000000000000188e-03,1.592499999999999732e-03,9.999999999999954481e-01
3.631280381944445579e-01,4.040000000000000188e-03,1.642916666666666440e-03,9.999999999999942268e-01
3.631805555555556730e-01,4.040000000000000188e-03,1.693333333333333149e-03,9.999999999999928946e-01
3.632330729166667882e-01,4.040000000000000188e-03,1.743749999999999857e-03,9.999999999999920064e-01
3.632855902777779034e-01,4.040000000000000188e-03,1.794166666666666566e-03,9.999999999999912292e-01
3.633381076388889630e-01,4.040000000000000188e-03,1.844583333333333058e-03,1.000000000000013989e+00
3.633906250000000782e-01,4.040000000000000188e-03,1.894999999999999766e-03,1.000000000000010880e+00
3.634431423611111933e-01,4.040000000000000188e-03,1.945416666666666475e-03,1.000000000000007994e+00
3.634956597222223085e-01,4.040000000000000188e-03,1.995833333333333400e-03,1.000000000000005107e+00
3.635481770833334236e-01,4.040000000000000188e-03,2.046249999999999892e-03,1.000000000000003109e+00
3.636006944444445388e-01,4.040000000000000188e-03,2.096666666666666817e-03,1.000000000000000666e+00
3.636532118055556539e-01,4.040000000000000188e-03,2.147083333333333309e-03,9.999999999999994449e-01
3.637057291666667691e-01,4.040000000000000188e-03,2.197499999999999801e-03,9.999999999999980016e-01
3.637582465277778843e-01,4.040000000000000188e-03,2.247916666666666726e-03,9.999999999999960032e-01
3.638107638888889994e-01,4.040000000000000188e-03,2.298333333333333218e-03,9.999999999999952260e-01
3.638632812500001146e-01,4.040000000000000188e-03,2.348750000000000143e-03,9.999999999999934497e-01
3.639157986111112297e-01,4.040000000000000188e-03,2.399166666666666635e-03,9.999999999999931166e-01
3.639683159722223449e-01,4.040000000000000188e-03,2.449583333333333127e-03,9.999999999999923395e-01
3.640208333333334600e-01,4.040000000000000188e-03,2.500000000000000052e-03,9.999999999999911182e-01
3.640733506944445197e-01,4.040000000000000188e-03,2.550416666666666544e-03,1.000000000000013767e+00
3.641258680555556349e-01,4.040000000000000188e-03,2.600833333333333469e-03,1.000000000000010436e+00
3.641783854166667500e-01,4.040000000000000188e-03,2.651249999999999961e-03,1.000000000000007772e+00
3.642309027777778652e-01,4.040000000000000188e-03,2.701666666666666453e-03,1.000000000000005773e+00
3.642834201388889803e-01,4.040000000000000188e-03,2.752083333333333378e-03,1.000000000000003109e+00
3.643359375000000955e-01,4.040000000000000188e-03,2.802499999999999870e-03,1.000000000000001554e+00
3.643884548611112106e-01,4.040000000000000188e-03,2.852916666666666361e-03,9.999999999999998890e-01
3.644409722222223258e-01,4.040000000000000188e-03,2.903333333333333287e-03,9.999999999999976685e-01
3.644934895833334410e-01,4.040000000000000188e-03,2.953749999999999779e-03,9.999999999999967804e-01
3.645460069444445561e-01,4.040000000000000188e-03,3.004166666666666704e-03,9.999999999999947820e-01
3.645985243055556713e-01,4.040000000000000188e-03,3.054583333333333196e-03,9.999999999999942268e-01
3.646510416666667864e-01,4.040000000000000188e-03,3.104999999999999687e-03,9.999999999999935607e-01
3.647035590277779016e-01,4.040000000000000188e-03,3.155416666666666613e-03,9.999999999999920064e-01
3.647560763888889612e-01,4.040000000000000188e-03,3.205833333333333104e-03,1.000000000000014655e+00
3.648085937500000764e-01,4.040000000000000188e-03,3.256250000000000030e-03,1.000000000000011102e+00
3.648611111111111915e-01,4.040000000000000188e-03,3.306666666666666522e-03,1.000000000000008660e+00
3.649136284722223067e-01,4.040000000000000188e-03,3.357083333333333013e-03,1.000000000000006217e+00
3.649661458333334219e-01,4.040000000000000188e-03,3.407499999999999939e-03,1.000000000000003553e+00
3.650186631944445370e-01,4.040000000000000188e-03,3.457916666666666430e-03,1.000000000000001776e+00
3.650711805555556522e-01,4.040000000000000188e-03,3.508333333333333356e-03,9.999999999999993339e-01
3.651236979166667673e-01,4.040000000000000188e-03,3.558749999999999847e-03,9.999999999999980016e-01
3.651762152777778825e-01,4.040000000000000188e-03,3.609166666666666339e-03,9.999999999999967804e-01
3.652287326388889976e-01,4.040000000000000188e-03,3.659583333333333265e-03,9.999999999999951150e-01
3.652812500000001128e-01,4.040000000000000188e-03,3.709999999999999756e-03,9.999999999999942268e-01
3.653337673611112280e-01,4.040000000000000188e-03,3.760416666666666682e-03,9.999999999999926725e-01
3.653862847222223431e-01,4.040000000000000188e-03,3.810833333333333173e-03,9.999999999999923395e-01
3.654388020833334583e-01,4.040000000000000188e-03,3.861249999999999665e-03,9.999999999999916733e-01
3.654913194444445179e-01,4.040000000000000188e-03,3.911666666666666591e-03,1.000000000000013545e+00
3.655438368055556331e-01,4.040000000000000188e-03,3.962083333333333082e-03,1.000000000000010880e+00
3.655963541666667482e-01,4.040000000000000188e-03,4.012499999999999574e-03,1.000000000000008660e+00
3.656488715277778634e-01,4.040000000000000188e-03,4.062916666666666066e-03,1.000000000000006439e+00
3.657013888888889785e-01,4.040000000000000188e-03,4.113333333333333425e-03,1.000000000000002665e+00
3.657539062500000937e-01,4.040000000000000188e-03,4.163749999999999916e-03,1.000000000000001110e+00
3.658064236111112089e-01,4.040000000000000188e-03,4.214166666666666408e-03,9.999999999999996669e-01
3.658589409722223240e-01,4.040000000000000188e-03,4.264583333333332900e-03,9.999999999999982236e-01
3.659114583333334392e-01,4.040000000000000188e-03,4.314999999999999392e-03,9.999999999999971134e-01
3.659639756944445543e-01,4.040000000000000188e-03,4.365416666666666751e-03,9.999999999999944489e-01
3.660164930555556695e-01,4.040000000000000188e-03,4.415833333333333242e-03,9.999999999999937828e-01
3.660690104166667846e-01,4.040000000000000188e-03,4.466249999999999734e-03,9.999999999999933387e-01
3.661215277777778998e-01,4.040000000000000188e-03,4.516666666666666226e-03,9.999999999999925615e-01
3.661740451388890150e-01,4.040000000000000188e-03,4.567083333333332718e-03,9.999999999999921174e-01
3.662265625000000746e-01,4.040000000000000188e-03,4.617500000000000077e-03,1.000000000000013101e+00
3.662790798611111898e-01,4.040000000000000188e-03,4.667916666666666568e-03,1.000000000000010436e+00
3.663315972222223049e-01,4.040000000000000188e-03,4.718333333333333060e-03,1.000000000000008216e+00
3.663841145833334201e-01,4.040000000000000188e-03,4.768749999999999552e-03,1.000000000000005995e+00
3.664366319444445352e-01,4.040000000000000188e-03,4.819166666666666043e-03,1.000000000000004219e+00
3.664891493055556504e-01,4.040000000000000188e-03,4.869583333333333403e-03,1.000000000000000666e+00
3.665416666666667656e-01,4.040000000000000188e-03,4.919999999999999894e-03,9.999999999999992228e-01
3.715416666666667700e-01,4.150000000000000043e-03,4.919999999999999894e-03,6.999999999999999556e-01
3.715941840277778851e-01,4.150000000000000043e-03,4.869583333333333403e-03,6.999999999999999556e-01
3.716467013888890003e-01,4.150000000000000043e-03,4.819166666666666911e-03,6.999999999999999556e-01
3.716992187500001155e-01,4.150000000000000043e-03,4.768749999999999552e-03,6.999999999999999556e-01
3.717517361111112306e-01,4.150000000000000043e-03,4.718333333333333060e-03,6.999999999999999556e-01
3.718042534722223458e-01,4.150000000000000043e-03,4.667916666666666568e-03,6.999999999999999556e-01
3.718567708333334609e-01,4.150000000000000043e-03,4.617500000000000077e-03,6.999999999999999556e-01
3.719092881944445206e-01,4.150000000000000043e-03,4.567083333333333585e-03,6.999999999999999556e-01
3.719618055555556357e-01,4.150000000000000043e-03,4.516666666666666226e-03,6.999999999999999556e-01
3.720143229166667509e-01,4.150000000000000043e-03,4.466249999999999734e-03,7.435632909958969083e-01
3.720668402777778661e-01,4.150000000000000043e-03,4.415833333333333242e-03,7.875732272295182801e-01
3.721193576388889812e-01,4.150000000000000043e-03,4.365416666666666751e-03,8.258639978187199970e-01
3.721718750000000964e-01,4.150000000000000043e-03,4.315000000000000259e-03,8.589238067714819458e-01
3.722243923611112115e-01,4.150000000000000043e-03,4.264583333333333767e-03,8.872215495107786953e-01
3.722769097222223267e-01,4.150000000000000043e-03,4.214166666666666408e-03,9.112068128745782758e-01
3.723294270833334418e-01,4.150000000000000043e-03,4.163749999999999916e-03,9.313098751158472854e-01
3.723819444444445570e-01,4.150000000000000043e-03,4.113333333333333425e-03,9.479417059025424530e-01
3.724344618055556722e-01,4.150000000000000043e-03,4.062916666666666933e-03,9.614939663176169660e-01
3.724869791666667873e-01,4.150000000000000043e-03,4.012500000000000441e-03,9.723390088590183611e-01
3.725394965277779025e-01,4.150000000000000043e-03,3.962083333333333082e-03,9.808298774396869701e-01
3.725920138888890176e-01,4.150000000000000043e-03,3.911666666666666591e-03,9.873003073875628033e-01
3.726445312500000773e-01,4.150000000000000043e-03,3.861250000000000099e-03,9.920647254455978725e-01
3.726970486111111924e-01,4.150000000000000043e-03,3.810833333333333607e-03,9.954182497716707045e-01
3.727495659722223076e-01,4.150000000000000043e-03,3.760416666666666682e-03,9.976366899387258957e-01
3.728020833333334227e-01,4.150000000000000043e-03,3.709999999999999756e-03,9.989765469346794102e-01
3.728546006944445379e-01,4.150000000000000043e-03,3.659583333333333265e-03,9.996750131624415614e-01
3.729071180555556531e-01,4.150000000000000043e-03,3.609166666666666773e-03,9.999499724399155687e-01
3.729596354166667682e-01,4.150000000000000043e-03,3.558750000000000281e-03,9.999999999999998890e-01
3.730121527777778834e-01,4.150000000000000043e-03,3.508333333333333356e-03,9.999999999999976685e-01
3.730646701388889985e-01,4.150000000000000043e-03,3.457916666666666430e-03,9.999999999999958922e-01
3.731171875000001137e-01,4.150000000000000043e-03,3.407499999999999939e-03,9.999999999999948930e-01
3.731697048611112288e-01,4.150000000000000043e-03,3.357083333333333447e-03,9.999999999999942268e-01
3.732222222222223440e-01,4.150000000000000043e-03,3.306666666666666955e-03,9.999999999999935607e-01
3.732747395833334592e-01,4.150000000000000043e-03,3.256250000000000030e-03,9.999999999999920064e-01
3.733272569444445743e-01,4.150000000000000043e-03,3.205833333333333104e-03,9.999999999999907851e-01
3.733797743055556340e-01,4.150000000000000043e-03,3.155416666666666613e-03,1.000000000000013545e+00
3.734322916666667491e-01,4.150000000000000043e-03,3.105000000000000121e-03,1.000000000000010880e+00
3.734848090277778643e-01,4.150000000000000043e-03,3.054583333333333629e-03,1.000000000000008660e+00
3.735373263888889794e-01,4.150000000000000043e-03,3.004166666666666704e-03,1.000000000000005329e+00
3.735898437500000946e-01,4.150000000000000043e-03,2.953750000000000212e-03,1.000000000000003553e+00
3.736423611111112097e-01,4.150000000000000043e-03,2.903333333333333287e-03,1.000000000000001110e+00
3.736948784722223249e-01,4.150000000000000043e-03,2.852916666666666795e-03,9.999999999999996669e-01
3.737473958333334401e-01,4.150000000000000043e-03,2.802500000000000303e-03,9.999999999999982236e-01
3.737999131944445552e-01,4.150000000000000043e-03,2.752083333333333378e-03,9.999999999999962252e-01
3.738524305555556704e-01,4.150000000000000043e-03,2.701666666666666886e-03,9.999999999999954481e-01
3.739049479166667855e-01,4.150000000000000043e-03,2.651249999999999961e-03,9.999999999999937828e-01
3.739574652777779007e-01,4.150000000000000043e-03,2.600833333333333469e-03,9.999999999999931166e-01
3.740099826388890158e-01,4.150000000000000043e-03,2.550416666666666977e-03,9.999999999999925615e-01
3.740625000000000755e-01,4.150000000000000043e-03,2.500000000000000052e-03,1.000000000000014211e+00
3.741150173611111907e-01,4.150000000000000043e-03,2.449583333333333560e-03,1.000000000000011546e+00
3.741675347222223058e-01,4.150000000000000043e-03,2.399166666666666635e-03,1.000000000000008216e+00
3.742200520833334210e-01,4.150000000000000043e-03,2.348750000000000143e-03,1.000000000000005995e+00
3.742725694444445361e-01,4.150000000000000043e-03,2.298333333333333652e-03,1.000000000000003775e+00
3.743250868055556513e-01,4.150000000000000043e-03,2.247916666666666726e-03,1.000000000000001332e+00
3.743776041666667664e-01,4.150000000000000043e-03,2.197500000000000234e-03,9.999999999999998890e-01
3.744301215277778816e-01,4.150000000000000043e-03,2.147083333333333743e-03,9.999999999999984457e-01
3.744826388888889968e-01,4.150000000000000043e-03,2.096666666666666817e-03,9.999999999999964473e-01
3.745351562500001119e-01,4.150000000000000043e-03,2.046250000000000326e-03,9.999999999999956701e-01
3.745876736111112271e-01,4.150000000000000043e-03,1.995833333333333400e-03,9.999999999999937828e-01
3.746401909722223422e-01,4.150000000000000043e-03,1.945416666666666908e-03,9.999999999999933387e-01
3.746927083333334574e-01,4.150000000000000043e-03,1.895000000000000417e-03,9.999999999999925615e-01
3.747452256944445725e-01,4.150000000000000043e-03,1.844583333333333491e-03,9.999999999999913403e-01
3.747977430555556322e-01,4.150000000000000043e-03,1.794166666666667000e-03,1.000000000000013989e+00
3.748502604166667473e-01,4.150000000000000043e-03,1.743750000000000074e-03,1.000000000000010658e+00
3.749027777777778625e-01,4.150000000000000043e-03,1.693333333333333583e-03,1.000000000000008216e+00
3.749552951388889777e-01,4.150000000000000043e-03,1.642916666666667091e-03,1.000000000000005995e+00
3.750078125000000928e-01,4.150000000000000043e-03,1.592500000000000165e-03,1.000000000000003109e+00
3.750603298611112080e-01,4.150000000000000043e-03,1.542083333333333674e-03,1.000000000000001554e+00
3.751128472222223231e-01,4.150000000000000043e-03,1.491666666666666748e-03,9.999999999999992228e-01
3.751653645833334383e-01,4.150000000000000043e-03,1.441250000000000257e-03,9.999999999999980016e-01
3.752178819444445534e-01,4.150000000000000043e-03,1.390833333333333765e-03,9.999999999999967804e-01
3.752703993055556686e-01,4.150000000000000043e-03,1.340416666666666839e-03,9.999999999999951150e-01
3.753229166666667838e-01,4.150000000000000043e-03,1.290000000000000348e-03,9.999999999999942268e-01
3.753754340277778989e-01,4.150000000000000043e-03,1.239583333333333422e-03,9.999999999999925615e-01
3.754279513888890141e-01,4.150000000000000043e-03,1.189166666666666931e-03,9.999999999999921174e-01
3.754804687500001292e-01,4.150000000000000043e-03,1.138750000000000439e-03,9.999999999999916733e-01
3.755329861111111889e-01,4.150000000000000043e-03,1.088333333333333514e-03,1.000000000000013545e+00
3.755855034722223040e-01,4.150000000000000043e-03,1.037916666666667022e-03,1.000000000000010880e+00
3.756380208333334192e-01,4.150000000000000043e-03,9.875000000000005301e-04,1.000000000000008660e+00
3.756905381944445343e-01,4.150000000000000043e-03,9.370833333333340384e-04,1.000000000000006439e+00
3.757430555555556495e-01,4.150000000000000043e-03,8.866666666666666793e-04,1.000000000000002665e+00
3.757955729166667647e-01,4.150000000000000043e-03,8.362500000000001876e-04,1.000000000000001110e+00
3.758480902777778798e-01,4.150000000000000043e-03,7.858333333333336959e-04,9.999999999999996669e-01
3.759006076388889950e-01,4.150000000000000043e-03,7.354166666666672042e-04,9.999999999999982236e-01
3.759531250000001101e-01,4.150000000000000043e-03,6.850000000000007125e-04,9.999999999999971134e-01
3.760056423611112253e-01,4.150000000000000043e-03,6.345833333333333534e-04,9.999999999999944489e-01
3.760581597222223404e-01,4.150000000000000043e-03,5.841666666666668617e-04,9.999999999999937828e-01
3.761106770833334556e-01,4.150000000000000043e-03,5.337500000000003700e-04,9.999999999999933387e-01
3.761631944444445708e-01,4.150000000000000043e-03,4.833333333333338783e-04,9.999999999999925615e-01
3.762157118055556859e-01,4.150000000000000043e-03,4.329166666666673866e-04,9.999999999999921174e-01
3.762682291666667456e-01,4.150000000000000043e-03,3.825000000000000275e-04,1.000000000000013101e+00
3.763207465277778607e-01,4.150000000000000043e-03,3.320833333333335358e-04,1.000000000000010436e+00
3.763732638888889759e-01,4.150000000000000043e-03,2.816666666666670440e-04,1.000000000000008216e+00
3.764257812500000910e-01,4.150000000000000043e-03,2.312500000000005523e-04,1.000000000000005995e+00
3.764782986111112062e-01,4.150000000000000043e-03,1.808333333333340606e-04,1.000000000000004219e+00
3.765308159722223214e-01,4.150000000000000043e-03,1.304166666666667015e-04,1.000000000000000666e+00
3.765833333333334365e-01,4.150000000000000043e-03,8.000000000000000654e-05,9.999999999999986677e-01
3.815833333333334410e-01,4.259999999999999898e-03,8.000000000000000654e-05,6.999999999999999556e-01
3.816358506944445561e-01,4.259999999999999898e-03,1.304166666666666744e-04,6.999999999999999556e-01
3.816883680555556713e-01,4.259999999999999898e-03,1.808333333333333288e-04,6.999999999999999556e-01
3.817408854166667864e-01,4.259999999999999898e-03,2.312500000000000102e-04,6.999999999999999556e-01
3.817934027777779016e-01,4.259999999999999898e-03,2.816666666666666646e-04,6.999999999999999556e-01
3.818459201388890167e-01,4.259999999999999898e-03,3.320833333333333189e-04,6.999999999999999556e-01
3.818984375000001319e-01,4.259999999999999898e-03,3.824999999999999733e-04,6.999999999999999556e-01
3.819509548611111915e-01,4.259999999999999898e-03,4.329166666666666276e-04,6.999999999999999556e-01
3.820034722222223067e-01,4.259999999999999898e-03,4.833333333333332820e-04,6.999999999999999556e-01
3.820559895833334219e-01,4.259999999999999898e-03,5.337499999999999363e-04,7.435632909958971304e-01
3.821085069444445370e-01,4.259999999999999898e-03,5.841666666666666449e-04,7.875732272295181691e-01
3.821610243055556522e-01,4.259999999999999898e-03,6.345833333333332450e-04,8.258639978187197750e-01
3.822135416666667673e-01,4.259999999999999898e-03,6.849999999999999535e-04,8.589238067714812797e-01
3.822660590277778825e-01,4.259999999999999898e-03,7.354166666666665537e-04,8.872215495107780292e-01
3.823185763888889976e-01,4.259999999999999898e-03,7.858333333333332622e-04,9.112068128745787199e-01
3.823710937500001128e-01,4.259999999999999898e-03,8.362499999999998624e-04,9.313098751158475075e-01
3.824236111111112280e-01,4.259999999999999898e-03,8.866666666666665709e-04,9.479417059025424530e-01
3.824761284722223431e-01,4.259999999999999898e-03,9.370833333333332795e-04,9.614939663176165219e-01
3.825286458333334583e-01,4.259999999999999898e-03,9.874999999999998796e-04,9.723390088590175839e-01
3.825811631944445734e-01,4.259999999999999898e-03,1.037916666666666588e-03,9.808298774396874142e-01
3.826336805555556886e-01,4.259999999999999898e-03,1.088333333333333297e-03,9.873003073875626923e-01
3.826861979166667482e-01,4.259999999999999898e-03,1.138749999999999788e-03,9.920647254455979835e-01
3.827387152777778634e-01,4.259999999999999898e-03,1.189166666666666497e-03,9.954182497716704825e-01
3.827912326388889785e-01,4.259999999999999898e-03,1.239583333333333206e-03,9.976366899387262288e-01
3.828437500000000937e-01,4.259999999999999898e-03,1.289999999999999914e-03,9.989765469346799653e-01
3.828962673611112089e-01,4.259999999999999898e-03,1.340416666666666623e-03,9.996750131624415614e-01
3.829487847222223240e-01,4.259999999999999898e-03,1.390833333333333114e-03,9.999499724399155687e-01
3.830013020833334392e-01,4.259999999999999898e-03,1.441249999999999823e-03,9.999999999999996669e-01
3.830538194444445543e-01,4.259999999999999898e-03,1.491666666666666531e-03,9.999999999999978906e-01
3.831063368055556695e-01,4.259999999999999898e-03,1.542083333333333240e-03,9.999999999999962252e-01
3.831588541666667846e-01,4.259999999999999898e-03,1.592499999999999732e-03,9.999999999999954481e-01
3.832113715277778998e-01,4.259999999999999898e-03,1.642916666666666440e-03,9.999999999999942268e-01
3.832638888888890150e-01,4.259999999999999898e-03,1.693333333333333149e-03,9.999999999999928946e-01
3.833164062500001301e-01,4.259999999999999898e-03,1.743749999999999857e-03,9.999999999999920064e-01
3.833689236111112453e-01,4.259999999999999898e-03,1.794166666666666566e-03,9.999999999999912292e-01
3.834214409722223049e-01,4.259999999999999898e-03,1.844583333333333058e-03,1.000000000000013989e+00
3.834739583333334201e-01,4.259999999999999898e-03,1.894999999999999766e-03,1.000000000000010880e+00
3.835264756944445352e-01,4.259999999999999898e-03,1.945416666666666475e-03,1.000000000000007994e+00
3.835789930555556504e-01,4.259999999999999898e-03,1.995833333333333400e-03,1.000000000000005107e+00
3.836315104166667656e-01,4.259999999999999898e-03,2.046249999999999892e-03,1.000000000000003109e+00
3.836840277777778807e-01,4.259999999999999898e-03,2.096666666666666817e-03,1.000000000000000666e+00
3.837365451388889959e-01,4.259999999999999898e-03,2.147083333333333309e-03,9.999999999999994449e-01
3.837890625000001110e-01,4.259999999999999898e-03,2.197499999999999801e-03,9.999999999999980016e-01
3.838415798611112262e-01,4.259999999999999898e-03,2.247916666666666726e-03,9.999999999999960032e-01
3.838940972222223413e-01,4.259999999999999898e-03,2.298333333333333218e-03,9.999999999999952260e-01
3.839466145833334565e-01,4.259999999999999898e-03,2.348750000000000143e-03,9.999999999999934497e-01
3.839991319444445717e-01,4.259999999999999898e-03,2.399166666666666635e-03,9.999999999999931166e-01
3.840516493055556868e-01,4.259999999999999898e-03,2.449583333333333127e-03,9.999999999999923395e-01
3.841041666666668020e-01,4.259999999999999898e-03,2.500000000000000052e-03,9.999999999999911182e-01
3.841566840277778616e-01,4.259999999999999898e-03,2.550416666666666544e-03,1.000000000000013767e+00
3.842092013888889768e-01,4.259999999999999898e-03,2.600833333333333469e-03,1.000000000000010436e+00
3.842617187500000919e-01,4.259999999999999898e-03,2.651249999999999961e-03,1.000000000000007772e+00
3.843142361111112071e-01,4.259999999999999898e-03,2.701666666666666453e-03,1.000000000000005773e+00
3.843667534722223222e-01,4.259999999999999898e-03,2.752083333333333378e-03,1.000000000000003109e+00
3.844192708333334374e-01,4.259999999999999898e-03,2.802499999999999870e-03,1.000000000000001554e+00
3.844717881944445526e-01,4.259999999999999898e-03,2.852916666666666361e-03,9.999999999999998890e-01
3.845243055555556677e-01,4.259999999999999898e-03,2.903333333333333287e-03,9.999999999999976685e-01
3.845768229166667829e-01,4.259999999999999898e-03,2.953749999999999779e-03,9.999999999999967804e-01
3.846293402777778980e-01,4.259999999999999898e-03,3.004166666666666704e-03,9.999999999999947820e-01
3.846818576388890132e-01,4.259999999999999898e-03,3.054583333333333196e-03,9.999999999999942268e-01
3.847343750000001283e-01,4.259999999999999898e-03,3.104999999999999687e-03,9.999999999999935607e-01
3.847868923611112435e-01,4.259999999999999898e-03,3.155416666666666613e-03,9.999999999999920064e-01
3.848394097222223031e-01,4.259999999999999898e-03,3.205833333333333104e-03,1.000000000000014655e+00
3.848919270833334183e-01,4.259999999999999898e-03,3.256250000000000030e-03,1.000000000000011102e+00
3.849444444444445335e-01,4.259999999999999898e-03,3.306666666666666522e-03,1.000000000000008660e+00
3.849969618055556486e-01,4.259999999999999898e-03,3.357083333333333013e-03,1.000000000000006217e+00
3.850494791666667638e-01,4.259999999999999898e-03,3.407499999999999939e-03,1.000000000000003553e+00
3.851019965277778789e-01,4.259999999999999898e-03,3.457916666666666430e-03,1.000000000000001776e+00
3.851545138888889941e-01,4.259999999999999898e-03,3.508333333333333356e-03,9.999999999999993339e-01
3.852070312500001092e-01,4.259999999999999898e-03,3.558749999999999847e-03,9.999999999999980016e-01
3.852595486111112244e-01,4.259999999999999898e-03,3.609166666666666339e-03,9.999999999999967804e-01
3.853120659722223396e-01,4.259999999999999898e-03,3.659583333333333265e-03,9.999999999999951150e-01
3.853645833333334547e-01,4.259999999999999898e-03,3.709999999999999756e-03,9.999999999999942268e-01
3.854171006944445699e-01,4.259999999999999898e-03,3.760416666666666682e-03,9.999999999999926725e-01
3.854696180555556850e-01,4.259999999999999898e-03,3.810833333333333173e-03,9.999999999999923395e-01
3.855221354166668002e-01,4.259999999999999898e-03,3.861249999999999665e-03,9.999999999999916733e-01
3.855746527777778598e-01,4.259999999999999898e-03,3.911666666666666591e-03,1.000000000000013545e+00
3.856271701388889750e-01,4.259999999999999898e-03,3.962083333333333082e-03,1.000000000000010880e+00
3.856796875000000902e-01,4.259999999999999898e-03,4.012499999999999574e-03,1.000000000000008660e+00
3.857322048611112053e-01,4.259999999999999898e-03,4.062916666666666066e-03,1.000000000000006439e+00
3.857847222222223205e-01,4.259999999999999898e-03,4.113333333333333425e-03,1.000000000000002665e+00
3.858372395833334356e-01,4.259999999999999898e-03,4.163749999999999916e-03,1.000000000000001110e+00
3.858897569444445508e-01,4.259999999999999898e-03,4.214166666666666408e-03,9.999999999999996669e-01
3.859422743055556659e-01,4.259999999999999898e-03,4.264583333333332900e-03,9.999999999999982236e-01
3.859947916666667811e-01,4.259999999999999898e-03,4.314999999999999392e-03,9.999999999999971134e-01
3.860473090277778963e-01,4.259999999999999898e-03,4.365416666666666751e-03,9.999999999999944489e-01
3.860998263888890114e-01,4.259999999999999898e-03,4.415833333333333242e-03,9.999999999999937828e-01
3.861523437500001266e-01,4.259999999999999898e-03,4.466249999999999734e-03,9.999999999999933387e-01
3.862048611111112417e-01,4.259999999999999898e-03,4.516666666666666226e-03,9.999999999999925615e-01
3.862573784722223569e-01,4.259999999999999898e-03,4.567083333333332718e-03,9.999999999999921174e-01
3.863098958333334165e-01,4.259999999999999898e-03,4.617500000000000077e-03,1.000000000000013101e+00
3.863624131944445317e-01,4.259999999999999898e-03,4.667916666666666568e-03,1.000000000000010436e+00
3.864149305555556468e-01,4.259999999999999898e-03,4.718333333333333060e-03,1.000000000000008216e+00
3.864674479166667620e-01,4.259999999999999898e-03,4.768749999999999552e-03,1.000000000000005995e+00
3.865199652777778772e-01,4.259999999999999898e-03,4.819166666666666043e-03,1.000000000000004219e+00
3.865724826388889923e-01,4.259999999999999898e-03,4.869583333333333403e-03,1.000000000000000666e+00
3.866250000000001075e-01,4.259999999999999898e-03,4.919999999999999894e-03,9.999999999999992228e-01
3.916250000000001119e-01,4.369999999999999753e-03,4.919999999999999894e-03,6.999999999999999556e-01
3.916775173611112271e-01,4.369999999999999753e-03,4.869583333333333403e-03,6.999999999999999556e-01
3.917300347222223422e-01,4.369999999999999753e-03,4.819166666666666911e-03,6.999999999999999556e-01
3.917825520833334574e-01,4.369999999999999753e-03,4.768749999999999552e-03,6.999999999999999556e-01
3.918350694444445725e-01,4.369999999999999753e-03,4.718333333333333060e-03,6.999999999999999556e-01
3.918875868055556877e-01,4.369999999999999753e-03,4.667916666666666568e-03,6.999999999999999556e-01
3.919401041666668029e-01,4.369999999999999753e-03,4.617500000000000077e-03,6.999999999999999556e-01
3.919926215277778625e-01,4.369999999999999753e-03,4.567083333333333585e-03,6.999999999999999556e-01
3.920451388888889777e-01,4.369999999999999753e-03,4.516666666666666226e-03,6.999999999999999556e-01
3.920976562500000928e-01,4.369999999999999753e-03,4.466249999999999734e-03,7.435632909958969083e-01
3.921501736111112080e-01,4.369999999999999753e-03,4.415833333333333242e-03,7.875732272295182801e-01
3.922026909722223231e-01,4.369999999999999753e-03,4.365416666666666751e-03,8.258639978187199970e-01
3.922552083333334383e-01,4.369999999999999753e-03,4.315000000000000259e-03,8.589238067714819458e-01
3.923077256944445534e-01,4.369999999999999753e-03,4.264583333333333767e-03,8.872215495107786953e-01
3.923602430555556686e-01,4.369999999999999753e-03,4.214166666666666408e-03,9.112068128745782758e-01
3.924127604166667838e-01,4.369999999999999753e-03,4.163749999999999916e-03,9.313098751158472854e-01
3.924652777777778989e-01,4.369999999999999753e-03,4.113333333333333425e-03,9.479417059025424530e-01
3.925177951388890141e-01,4.369999999999999753e-03,4.062916666666666933e-03,9.614939663176169660e-01
3.925703125000001292e-01,4.369999999999999753e-03,4.012500000000000441e-03,9.723390088590183611e-01
3.926228298611112444e-01,4.369999999999999753e-03,3.962083333333333082e-03,9.808298774396869701e-01
3.926753472222223595e-01,4.369999999999999753e-03,3.911666666666666591e-03,9.873003073875628033e-01
3.927278645833334192e-01,4.369999999999999753e-03,3.861250000000000099e-03,9.920647254455978725e-01
3.927803819444445343e-01,4.369999999999999753e-03,3.810833333333333607e-03,9.954182497716707045e-01
3.928328993055556495e-01,4.369999999999999753e-03,3.760416666666666682e-03,9.976366899387258957e-01
3.928854166666667647e-01,4.369999999999999753e-03,3.709999999999999756e-03,9.989765469346794102e-01
3.929379340277778798e-01,4.369999999999999753e-03,3.659583333333333265e-03,9.996750131624415614e-01
3.929904513888889950e-01,4.369999999999999753e-03,3.609166666666666773e-03,9.999499724399155687e-01
3.930429687500001101e-01,4.369999999999999753e-03,3.558750000000000281e-03,9.999999999999998890e-01
3.930954861111112253e-01,4.369999999999999753e-03,3.508333333333333356e-03,9.999999999999976685e-01
3.931480034722223404e-01,4.369999999999999753e-03,3.457916666666666430e-03,9.999999999999958922e-01
3.932005208333334556e-01,4.369999999999999753e-03,3.407499999999999939e-03,9.999999999999948930e-01
3.932530381944445708e-01,4.369999999999999753e-03,3.357083333333333447e-03,9.999999999999942268e-01
3.933055555555556859e-01,4.369999999999999753e-03,3.306666666666666955e-03,9.999999999999935607e-01
3.933580729166668011e-01,4.369999999999999753e-03,3.256250000000000030e-03,9.999999999999920064e-01
3.934105902777779162e-01,4.369999999999999753e-03,3.205833333333333104e-03,9.999999999999907851e-01
3.934631076388889759e-01,4.369999999999999753e-03,3.155416666666666613e-03,1.000000000000013545e+00
3.935156250000000910e-01,4.369999999999999753e-03,3.105000000000000121e-03,1.000000000000010880e+00
3.935681423611112062e-01,4.369999999999999753e-03,3.054583333333333629e-03,1.000000000000008660e+00
3.936206597222223214e-01,4.369999999999999753e-03,3.004166666666666704e-03,1.000000000000005329e+00
3.936731770833334365e-01,4.369999999999999753e-03,2.953750000000000212e-03,1.000000000000003553e+00
3.937256944444445517e-01,4.369999999999999753e-03,2.903333333333333287e-03,1.000000000000001110e+00
3.937782118055556668e-01,4.369999999999999753e-03,2.852916666666666795e-03,9.999999999999996669e-01
3.938307291666667820e-01,4.369999999999999753e-03,2.802500000000000303e-03,9.999999999999982236e-01
3.938832465277778971e-01,4.369999999999999753e-03,2.752083333333333378e-03,9.999999999999962252e-01
3.939357638888890123e-01,4.369999999999999753e-03,2.701666666666666886e-03,9.999999999999954481e-01
3.939882812500001275e-01,4.369999999999999753e-03,2.651249999999999961e-03,9.999999999999937828e-01
3.940407986111112426e-01,4.369999999999999753e-03,2.600833333333333469e-03,9.999999999999931166e-01
3.940933159722223578e-01,4.369999999999999753e-03,2.550416666666666977e-03,9.999999999999925615e-01
3.941458333333334174e-01,4.369999999999999753e-03,2.500000000000000052e-03,1.000000000000014211e+00
3.941983506944445326e-01,4.369999999999999753e-03,2.449583333333333560e-03,1.000000000000011546e+00
3.942508680555556477e-01,4.369999999999999753e-03,2.399166666666666635e-03,1.000000000000008216e+00
3.943033854166667629e-01,4.369999999999999753e-03,2.348750000000000143e-03,1.000000000000005995e+00
3.943559027777778780e-01,4.369999999999999753e-03,2.298333333333333652e-03,1.000000000000003775e+00
3.944084201388889932e-01,4.369999999999999753e-03,2.247916666666666726e-03,1.000000000000001332e+00
3.944609375000001084e-01,4.369999999999999753e-03,2.197500000000000234e-03,9.999999999999998890e-01
3.945134548611112235e-01,4.369999999999999753e-03,2.147083333333333743e-03,9.999999999999984457e-01
3.945659722222223387e-01,4.369999999999999753e-03,2.096666666666666817e-03,9.999999999999964473e-01
3.946184895833334538e-01,4.369999999999999753e-03,2.046250000000000326e-03,9.999999999999956701e-01
3.946710069444445690e-01,4.369999999999999753e-03,1.995833333333333400e-03,9.999999999999937828e-01
3.947235243055556841e-01,4.369999999999999753e-03,1.945416666666666908e-03,9.999999999999933387e-01
3.947760416666667993e-01,4.369999999999999753e-03,1.895000000000000417e-03,9.999999999999925615e-01
3.948285590277779145e-01,4.369999999999999753e-03,1.844583333333333491e-03,9.999999999999913403e-01
3.948810763888889741e-01,4.369999999999999753e-03,1.794166666666667000e-03,1.000000000000013989e+00
3.949335937500000893e-01,4.369999999999999753e-03,1.743750000000000074e-03,1.000000000000010658e+00
3.949861111111112044e-01,4.369999999999999753e-03,1.693333333333333583e-03,1.000000000000008216e+00
3.950386284722223196e-01,4.369999999999999753e-03,1.642916666666667091e-03,1.000000000000005995e+00
3.950911458333334347e-01,4.369999999999999753e-03,1.592500000000000165e-03,1.000000000000003109e+00
3.951436631944445499e-01,4.369999999999999753e-03,1.542083333333333674e-03,1.000000000000001554e+00
3.951961805555556650e-01,4.369999999999999753e-03,1.491666666666666748e-03,9.999999999999992228e-01
3.952486979166667802e-01,4.369999999999999753e-03,1.441250000000000257e-03,9.999999999999980016e-01
3.953012152777778954e-01,4.369999999999999753e-03,1.390833333333333765e-03,9.999999999999967804e-01
3.953537326388890105e-01,4.369999999999999753e-03,1.340416666666666839e-03,9.999999999999951150e-01
3.954062500000001257e-01,4.369999999999999753e-03,1.290000000000000348e-03,9.999999999999942268e-01
3.954587673611112408e-01,4.369999999999999753e-03,1.239583333333333422e-03,9.999999999999925615e-01
3.955112847222223560e-01,4.369999999999999753e-03,1.189166666666666931e-03,9.999999999999921174e-01
3.955638020833334711e-01,4.369999999999999753e-03,1.138750000000000439e-03,9.999999999999916733e-01
3.956163194444445308e-01,4.369999999999999753e-03,1.088333333333333514e-03,1.000000000000013545e+00
3.956688368055556460e-01,4.369999999999999753e-03,1.037916666666667022e-03,1.000000000000010880e+00
3.957213541666667611e-01,4.369999999999999753e-03,9.875000000000005301e-04,1.000000000000008660e+00
3.957738715277778763e-01,4.369999999999999753e-03,9.370833333333340384e-04,1.000000000000006439e+00
3.958263888888889914e-01,4.369999999999999753e-03,8.866666666666666793e-04,1.000000000000002665e+00
3.958789062500001066e-01,4.369999999999999753e-03,8.362500000000001876e-04,1.000000000000001110e+00
3.959314236111112217e-01,4.369999999999999753e-03,7.858333333333336959e-04,9.999999999999996669e-01
3.959839409722223369e-01,4.369999999999999753e-03,7.354166666666672042e-04,9.999999999999982236e-01
3.960364583333334521e-01,4.369999999999999753e-03,6.850000000000007125e-04,9.999999999999971134e-01
3.960889756944445672e-01,4.369999999999999753e-03,6.345833333333333534e-04,9.999999999999944489e-01
3.961414930555556824e-01,4.369999999999999753e-03,5.841666666666668617e-04,9.999999999999937828e-01
3.961940104166667975e-01,4.369999999999999753e-03,5.337500000000003700e-04,9.999999999999933387e-01
3.962465277777779127e-01,4.369999999999999753e-03,4.833333333333338783e-04,9.999999999999925615e-01
3.962990451388890278e-01,4.369999999999999753e-03,4.329166666666673866e-04,9.999999999999921174e-01
3.963515625000000875e-01,4.369999999999999753e-03,3.825000000000000275e-04,1.000000000000013101e+00
3.964040798611112026e-01,4.369999999999999753e-03,3.320833333333335358e-04,1.000000000000010436e+00
3.964565972222223178e-01,4.369999999999999753e-03,2.816666666666670440e-04,1.000000000000008216e+00
3.965091145833334330e-01,4.369999999999999753e-03,2.312500000000005523e-04,1.000000000000005995e+00
3.965616319444445481e-01,4.369999999999999753e-03,1.808333333333340606e-04,1.000000000000004219e+00
3.966141493055556633e-01,4.369999999999999753e-03,1.304166666666667015e-04,1.000000000000000666e+00
3.966666666666667784e-01,4.369999999999999753e-03,8.000000000000000654e-05,9.999999999999986677e-01
4.016666666666667829e-01,4.479999999999999608e-03,8.000000000000000654e-05,6.999999999999999556e-01
4.017191840277778980e-01,4.479999999999999608e-03,1.304166666666666744e-04,6.999999999999999556e-01
4.017717013888890132e-01,4.479999999999999608e-03,1.808333333333333288e-04,6.999999999999999556e-01
4.018242187500001283e-01,4.479999999999999608e-03,2.312500000000000102e-04,6.999999999999999556e-01
4.018767361111112435e-01,4.479999999999999608e-03,2.816666666666666646e-04,6.999999999999999556e-01
4.019292534722223587e-01,4.479999999999999608e-03,3.320833333333333189e-04,6.999999999999999556e-01
4.019817708333334738e-01,4.479999999999999608e-03,3.824999999999999733e-04,6.999999999999999556e-01
4.020342881944445335e-01,4.479999999999999608e-03,4.329166666666666276e-04,6.999999999999999556e-01
4.020868055555556486e-01,4.479999999999999608e-03,4.833333333333332820e-04,6.999999999999999556e-01
4.021393229166667638e-01,4.479999999999999608e-03,5.337499999999999363e-04,7.435632909958971304e-01
4.021918402777778789e-01,4.479999999999999608e-03,5.841666666666666449e-04,7.875732272295181691e-01
4.022443576388889941e-01,4.479999999999999608e-03,6.345833333333332450e-04,8.258639978187197750e-01
4.022968750000001092e-01,4.479999999999999608e-03,6.849999999999999535e-04,8.589238067714812797e-01
4.023493923611112244e-01,4.479999999999999608e-03,7.354166666666665537e-04,8.872215495107780292e-01
4.024019097222223396e-01,4.479999999999999608e-03,7.858333333333332622e-04,9.112068128745787199e-01
4.024544270833334547e-01,4.479999999999999608e-03,8.362499999999998624e-04,9.313098751158475075e-01
4.025069444444445699e-01,4.479999999999999608e-03,8.866666666666665709e-04,9.479417059025424530e-01
4.025594618055556850e-01,4.479999999999999608e-03,9.370833333333332795e-04,9.614939663176165219e-01
4.026119791666668002e-01,4.479999999999999608e-03,9.874999999999998796e-04,9.723390088590175839e-01
4.026644965277779153e-01,4.479999999999999608e-03,1.037916666666666588e-03,9.808298774396874142e-01
4.027170138888890305e-01,4.479999999999999608e-03,1.088333333333333297e-03,9.873003073875626923e-01
4.027695312500000902e-01,4.479999999999999608e-03,1.138749999999999788e-03,9.920647254455979835e-01
4.028220486111112053e-01,4.479999999999999608e-03,1.189166666666666497e-03,9.954182497716704825e-01
4.028745659722223205e-01,4.479999999999999608e-03,1.239583333333333206e-03,9.976366899387262288e-01
4.029270833333334356e-01,4.479999999999999608e-03,1.289999999999999914e-03,9.989765469346799653e-01
4.029796006944445508e-01,4.479999999999999608e-03,1.340416666666666623e-03,9.996750131624415614e-01
4.030321180555556659e-01,4.479999999999999608e-03,1.390833333333333114e-03,9.999499724399155687e-01
4.030846354166667811e-01,4.479999999999999608e-03,1.441249999999999823e-03,9.999999999999996669e-01
4.031371527777778963e-01,4.479999999999999608e-03,1.491666666666666531e-03,9.999999999999978906e-01
4.031896701388890114e-01,4.479999999999999608e-03,1.542083333333333240e-03,9.999999999999962252e-01
4.032421875000001266e-01,4.479999999999999608e-03,1.592499999999999732e-03,9.999999999999954481e-01
4.032947048611112417e-01,4.479999999999999608e-03,1.642916666666666440e-03,9.999999999999942268e-01
4.033472222222223569e-01,4.479999999999999608e-03,1.693333333333333149e-03,9.999999999999928946e-01
4.033997395833334720e-01,4.479999999999999608e-03,1.743749999999999857e-03,9.999999999999920064e-01
4.034522569444445872e-01,4.479999999999999608e-03,1.794166666666666566e-03,9.999999999999912292e-01
4.035047743055556468e-01,4.479999999999999608e-03,1.844583333333333058e-03,1.000000000000013989e+00
4.035572916666667620e-01,4.479999999999999608e-03,1.894999999999999766e-03,1.000000000000010880e+00
4.036098090277778772e-01,4.479999999999999608e-03,1.945416666666666475e-03,1.000000000000007994e+00
4.036623263888889923e-01,4.479999999999999608e-03,1.995833333333333400e-03,1.000000000000005107e+00
4.037148437500001075e-01,4.479999999999999608e-03,2.046249999999999892e-03,1.000000000000003109e+00
4.037673611111112226e-01,4.479999999999999608e-03,2.096666666666666817e-03,1.000000000000000666e+00
4.038198784722223378e-01,4.479999999999999608e-03,2.147083333333333309e-03,9.999999999999994449e-01
4.038723958333334529e-01,4.479999999999999608e-03,2.197499999999999801e-03,9.999999999999980016e-01
4.039249131944445681e-01,4.479999999999999608e-03,2.247916666666666726e-03,9.999999999999960032e-01
4.039774305555556833e-01,4.479999999999999608e-03,2.298333333333333218e-03,9.999999999999952260e-01
4.040299479166667984e-01,4.479999999999999608e-03,2.348750000000000143e-03,9.999999999999934497e-01
4.040824652777779136e-01,4.479999999999999608e-03,2.399166666666666635e-03,9.999999999999931166e-01
4.041349826388890287e-01,4.479999999999999608e-03,2.449583333333333127e-03,9.999999999999923395e-01
4.041875000000001439e-01,4.479999999999999608e-03,2.500000000000000052e-03,9.999999999999911182e-01
4.042400173611112035e-01,4.479999999999999608e-03,2.550416666666666544e-03,1.000000000000013767e+00
4.042925347222223187e-01,4.479999999999999608e-03,2.600833333333333469e-03,1.000000000000010436e+00
4.043450520833334338e-01,4.479999999999999608e-03,2.651249999999999961e-03,1.000000000000007772e+00
4.043975694444445490e-01,4.479999999999999608e-03,2.701666666666666453e-03,1.000000000000005773e+00
4.044500868055556642e-01,4.479999999999999608e-03,2.752083333333333378e-03,1.000000000000003109e+00
4.045026041666667793e-01,4.479999999999999608e-03,2.802499999999999870e-03,1.000000000000001554e+00
4.045551215277778945e-01,4.479999999999999608e-03,2.852916666666666361e-03,9.999999999999998890e-01
4.046076388888890096e-01,4.479999999999999608e-03,2.903333333333333287e-03,9.999999999999976685e-01
4.046601562500001248e-01,4.479999999999999608e-03,2.953749999999999779e-03,9.999999999999967804e-01
4.047126736111112399e-01,4.479999999999999608e-03,3.004166666666666704e-03,9.999999999999947820e-01
4.047651909722223551e-01,4.479999999999999608e-03,3.054583333333333196e-03,9.999999999999942268e-01
4.048177083333334703e-01,4.479999999999999608e-03,3.104999999999999687e-03,9.999999999999935607e-01
4.048702256944445854e-01,4.479999999999999608e-03,3.155416666666666613e-03,9.999999999999920064e-01
4.049227430555556451e-01,4.479999999999999608e-03,3.205833333333333104e-03,1.000000000000014655e+00
4.049752604166667602e-01,4.479999999999999608e-03,3.256250000000000030e-03,1.000000000000011102e+00
4.050277777777778754e-01,4.479999999999999608e-03,3.306666666666666522e-03,1.000000000000008660e+00
4.050802951388889905e-01,4.479999999999999608e-03,3.357083333333333013e-03,1.000000000000006217e+00
4.051328125000001057e-01,4.479999999999999608e-03,3.407499999999999939e-03,1.000000000000003553e+00
4.051853298611112209e-01,4.479999999999999608e-03,3.457916666666666430e-03,1.000000000000001776e+00
4.052378472222223360e-01,4.479999999999999608e-03,3.508333333333333356e-03,9.999999999999993339e-01
4.052903645833334512e-01,4.479999999999999608e-03,3.558749999999999847e-03,9.999999999999980016e-01
4.053428819444445663e-01,4.479999999999999608e-03,3.609166666666666339e-03,9.999999999999967804e-01
4.053953993055556815e-01,4.479999999999999608e-03,3.659583333333333265e-03,9.999999999999951150e-01
4.054479166666667966e-01,4.479999999999999608e-03,3.709999999999999756e-03,9.999999999999942268e-01
4.055004340277779118e-01,4.479999999999999608e-03,3.760416666666666682e-03,9.999999999999926725e-01
4.055529513888890270e-01,4.479999999999999608e-03,3.810833333333333173e-03,9.999999999999923395e-01
4.056054687500001421e-01,4.479999999999999608e-03,3.861249999999999665e-03,9.999999999999916733e-01
4.056579861111112018e-01,4.479999999999999608e-03,3.911666666666666591e-03,1.000000000000013545e+00
4.057105034722223169e-01,4.479999999999999608e-03,3.962083333333333082e-03,1.000000000000010880e+00
4.057630208333334321e-01,4.479999999999999608e-03,4.012499999999999574e-03,1.000000000000008660e+00
4.058155381944445472e-01,4.479999999999999608e-03,4.062916666666666066e-03,1.000000000000006439e+00
4.058680555555556624e-01,4.479999999999999608e-03,4.113333333333333425e-03,1.000000000000002665e+00
4.059205729166667775e-01,4.479999999999999608e-03,4.163749999999999916e-03,1.000000000000001110e+00
4.059730902777778927e-01,4.479999999999999608e-03,4.214166666666666408e-03,9.999999999999996669e-01
4.060256076388890079e-01,4.479999999999999608e-03,4.264583333333332900e-03,9.999999999999982236e-01
4.060781250000001230e-01,4.479999999999999608e-03,4.314999999999999392e-03,9.999999999999971134e-01
4.061306423611112382e-01,4.479999999999999608e-03,4.365416666666666751e-03,9.999999999999944489e-01
4.061831597222223533e-01,4.479999999999999608e-03,4.415833333333333242e-03,9.999999999999937828e-01
4.062356770833334685e-01,4.479999999999999608e-03,4.466249999999999734e-03,9.999999999999933387e-01
4.062881944444445836e-01,4.479999999999999608e-03,4.516666666666666226e-03,9.999999999999925615e-01
4.063407118055556988e-01,4.479999999999999608e-03,4.567083333333332718e-03,9.999999999999921174e-01
4.063932291666667584e-01,4.479999999999999608e-03,4.617500000000000077e-03,1.000000000000013101e+00
4.064457465277778736e-01,4.479999999999999608e-03,4.667916666666666568e-03,1.000000000000010436e+00
4.064982638888889888e-01,4.479999999999999608e-03,4.718333333333333060e-03,1.000000000000008216e+00
4.065507812500001039e-01,4.479999999999999608e-03,4.768749999999999552e-03,1.000000000000005995e+00
4.066032986111112191e-01,4.479999999999999608e-03,4.819166666666666043e-03,1.000000000000004219e+00
4.066558159722223342e-01,4.479999999999999608e-03,4.869583333333333403e-03,1.000000000000000666e+00
4.067083333333334494e-01,4.479999999999999608e-03,4.919999999999999894e-03,9.999999999999992228e-01
4.117083333333334538e-01,4.589999999999999462e-03,4.919999999999999894e-03,6.999999999999999556e-01
4.117608506944445690e-01,4.589999999999999462e-03,4.869583333333333403e-03,6.999999999999999556e-01
4.118133680555556841e-01,4.589999999999999462e-03,4.819166666666666911e-03,6.999999999999999556e-01
4.118658854166667993e-01,4.589999999999999462e-03,4.768749999999999552e-03,6.999999999999999556e-01
4.119184027777779145e-01,4.589999999999999462e-03,4.718333333333333060e-03,6.999999999999999556e-01
4.119709201388890296e-01,4.589999999999999462e-03,4.667916666666666568e-03,6.999999999999999556e-01
4.120234375000001448e-01,4.589999999999999462e-03,4.617500000000000077e-03,6.999999999999999556e-01
4.120759548611112044e-01,4.589999999999999462e-03,4.567083333333333585e-03,6.999999999999999556e-01
4.121284722222223196e-01,4.589999999999999462e-03,4.516666666666666226e-03,6.999999999999999556e-01
4.121809895833334347e-01,4.589999999999999462e-03,4.466249999999999734e-03,7.435632909958969083e-01
4.122335069444445499e-01,4.589999999999999462e-03,4.415833333333333242e-03,7.875732272295182801e-01
4.122860243055556650e-01,4.589999999999999462e-03,4.365416666666666751e-03,8.258639978187199970e-01
4.123385416666667802e-01,4.589999999999999462e-03,4.315000000000000259e-03,8.589238067714819458e-01
4.123910590277778954e-01,4.589999999999999462e-03,4.264583333333333767e-03,8.872215495107786953e-01
4.124435763888890105e-01,4.589999999999999462e-03,4.214166666666666408e-03,9.112068128745782758e-01
4.124960937500001257e-01,4.589999999999999462e-03,4.163749999999999916e-03,9.313098751158472854e-01
4.125486111111112408e-01,4.589999999999999462e-03,4.113333333333333425e-03,9.479417059025424530e-01
4.126011284722223560e-01,4.589999999999999462e-03,4.062916666666666933e-03,9.614939663176169660e-01
4.126536458333334711e-01,4.589999999999999462e-03,4.012500000000000441e-03,9.723390088590183611e-01
4.127061631944445863e-01,4.589999999999999462e-03,3.962083333333333082e-03,9.808298774396869701e-01
4.127586805555557015e-01,4.589999999999999462e-03,3.911666666666666591e-03,9.873003073875628033e-01
4.128111979166667611e-01,4.589999999999999462e-03,3.861250000000000099e-03,9.920647254455978725e-01
4.128637152777778763e-01,4.589999999999999462e-03,3.810833333333333607e-03,9.954182497716707045e-01
4.129162326388889914e-01,4.589999999999999462e-03,3.760416666666666682e-03,9.976366899387258957e-01
4.129687500000001066e-01,4.589999999999999462e-03,3.709999999999999756e-03,9.989765469346794102e-01
4.130212673611112217e-01,4.589999999999999462e-03,3.659583333333333265e-03,9.996750131624415614e-01
4.130737847222223369e-01,4.589999999999999462e-03,3.609166666666666773e-03,9.999499724399155687e-01
4.131263020833334521e-01,4.589999999999999462e-03,3.558750000000000281e-03,9.999999999999998890e-01
4.131788194444445672e-01,4.589999999999999462e-03,3.508333333333333356e-03,9.999999999999976685e-01
4.132313368055556824e-01,4.589999999999999462e-03,3.457916666666666430e-03,9.999999999999958922e-01
4.132838541666667975e-01,4.589999999999999462e-03,3.407499999999999939e-03,9.999999999999948930e-01
4.133363715277779127e-01,4.589999999999999462e-03,3.357083333333333447e-03,9.999999999999942268e-01
4.133888888888890278e-01,4.589999999999999462e-03,3.306666666666666955e-03,9.999999999999935607e-01
4.134414062500001430e-01,4.589999999999999462e-03,3.256250000000000030e-03,9.999999999999920064e-01
4.134939236111112582e-01,4.589999999999999462e-03,3.205833333333333104e-03,9.999999999999907851e-01
4.135464409722223178e-01,4.589999999999999462e-03,3.155416666666666613e-03,1.000000000000013545e+00
4.135989583333334330e-01,4.589999999999999462e-03,3.105000000000000121e-03,1.000000000000010880e+00
4.136514756944445481e-01,4.589999999999999462e-03,3.054583333333333629e-03,1.000000000000008660e+00
4.137039930555556633e-01,4.589999999999999462e-03,3.004166666666666704e-03,1.000000000000005329e+00
4.137565104166667784e-01,4.589999999999999462e-03,2.953750000000000212e-03,1.000000000000003553e+00
4.138090277777778936e-01,4.589999999999999462e-03,2.903333333333333287e-03,1.000000000000001110e+00
4.138615451388890087e-01,4.589999999999999462e-03,2.852916666666666795e-03,9.999999999999996669e-01
4.139140625000001239e-01,4.589999999999999462e-03,2.802500000000000303e-03,9.999999999999982236e-01
4.139665798611112391e-01,4.589999999999999462e-03,2.752083333333333378e-03,9.999999999999962252e-01
4.140190972222223542e-01,4.589999999999999462e-03,2.701666666666666886e-03,9.999999999999954481e-01
4.140716145833334694e-01,4.589999999999999462e-03,2.651249999999999961e-03,9.999999999999937828e-01
4.141241319444445845e-01,4.589999999999999462e-03,2.600833333333333469e-03,9.999999999999931166e-01
4.141766493055556997e-01,4.589999999999999462e-03,2.550416666666666977e-03,9.999999999999925615e-01
4.142291666666667593e-01,4.589999999999999462e-03,2.500000000000000052e-03,1.000000000000014211e+00
4.142816840277778745e-01,4.589999999999999462e-03,2.449583333333333560e-03,1.000000000000011546e+00
4.143342013888889896e-01,4.589999999999999462e-03,2.399166666666666635e-03,1.000000000000008216e+00
4.143867187500001048e-01,4.589999999999999462e-03,2.348750000000000143e-03,1.000000000000005995e+00
4.144392361111112200e-01,4.589999999999999462e-03,2.298333333333333652e-03,1.000000000000003775e+00
4.144917534722223351e-01,4.589999999999999462e-03,2.247916666666666726e-03,1.000000000000001332e+00
4.145442708333334503e-01,4.589999999999999462e-03,2.197500000000000234e-03,9.999999999999998890e-01
4.145967881944445654e-01,4.589999999999999462e-03,2.147083333333333743e-03,9.999999999999984457e-01
4.146493055555556806e-01,4.589999999999999462e-03,2.096666666666666817e-03,9.999999999999964473e-01
4.147018229166667957e-01,4.589999999999999462e-03,2.046250000000000326e-03,9.999999999999956701e-01
4.147543402777779109e-01,4.589999999999999462e-03,1.995833333333333400e-03,9.999999999999937828e-01
4.148068576388890261e-01,4.589999999999999462e-03,1.945416666666666908e-03,9.999999999999933387e-01
4.148593750000001412e-01,4.589999999999999462e-03,1.895000000000000417e-03,9.999999999999925615e-01
4.149118923611112564e-01,4.589999999999999462e-03,1.844583333333333491e-03,9.999999999999913403e-01
4.149644097222223160e-01,4.589999999999999462e-03,1.794166666666667000e-03,1.000000000000013989e+00
4.150169270833334312e-01,4.589999999999999462e-03,1.743750000000000074e-03,1.000000000000010658e+00
4.150694444444445463e-01,4.589999999999999462e-03,1.693333333333333583e-03,1.000000000000008216e+00
4.151219618055556615e-01,4.589999999999999462e-03,1.642916666666667091e-03,1.000000000000005995e+00
4.151744791666667767e-01,4.589999999999999462e-03,1.592500000000000165e-03,1.000000000000003109e+00
4.152269965277778918e-01,4.589999999999999462e-03,1.542083333333333674e-03,1.000000000000001554e+00
4.152795138888890070e-01,4.589999999999999462e-03,1.491666666666666748e-03,9.999999999999992228e-01
4.153320312500001221e-01,4.589999999999999462e-03,1.441250000000000257e-03,9.999999999999980016e-01
4.153845486111112373e-01,4.589999999999999462e-03,1.390833333333333765e-03,9.999999999999967804e-01
4.154370659722223524e-01,4.589999999999999462e-03,1.340416666666666839e-03,9.999999999999951150e-01
4.154895833333334676e-01,4.589999999999999462e-03,1.290000000000000348e-03,9.999999999999942268e-01
4.155421006944445828e-01,4.589999999999999462e-03,1.239583333333333422e-03,9.999999999999925615e-01
4.155946180555556979e-01,4.589999999999999462e-03,1.189166666666666931e-03,9.999999999999921174e-01
4.156471354166668131e-01,4.589999999999999462e-03,1.138750000000000439e-03,9.999999999999916733e-01
4.156996527777778727e-01,4.589999999999999462e-03,1.088333333333333514e-03,1.000000000000013545e+00
4.157521701388889879e-01,4.589999999999999462e-03,1.037916666666667022e-03,1.000000000000010880e+00
4.158046875000001030e-01,4.589999999999999462e-03,9.875000000000005301e-04,1.000000000000008660e+00
4.158572048611112182e-01,4.589999999999999462e-03,9.370833333333340384e-04,1.000000000000006439e+00
4.159097222222223333e-01,4.589999999999999462e-03,8.866666666666666793e-04,1.000000000000002665e+00
4.159622395833334485e-01,4.589999999999999462e-03,8.362500000000001876e-04,1.000000000000001110e+00
4.160147569444445637e-01,4.589999999999999462e-03,7.858333333333336959e-04,9.999999999999996669e-01
4.160672743055556788e-01,4.589999999999999462e-03,7.354166666666672042e-04,9.999999999999982236e-01
4.161197916666667940e-01,4.589999999999999462e-03,6.850000000000007125e-04,9.999999999999971134e-01
4.161723090277779091e-01,4.589999999999999462e-03,6.345833333333333534e-04,9.999999999999944489e-01
4.162248263888890243e-01,4.589999999999999462e-03,5.841666666666668617e-04,9.999999999999937828e-01
4.162773437500001394e-01,4.589999999999999462e-03,5.337500000000003700e-04,9.999999999999933387e-01
4.163298611111112546e-01,4.589999999999999462e-03,4.833333333333338783e-04,9.999999999999925615e-01
4.163823784722223698e-01,4.589999999999999462e-03,4.329166666666673866e-04,9.999999999999921174e-01
4.164348958333334294e-01,4.589999999999999462e-03,3.825000000000000275e-04,1.000000000000013101e+00
4.164874131944445446e-01,4.589999999999999462e-03,3.320833333333335358e-04,1.000000000000010436e+00
4.165399305555556597e-01,4.589999999999999462e-03,2.816666666666670440e-04,1.000000000000008216e+00
4.165924479166667749e-01,4.589999999999999462e-03,2.312500000000005523e-04,1.000000000000005995e+00
4.166449652777778900e-01,4.589999999999999462e-03,1.808333333333340606e-04,1.000000000000004219e+00
4.166974826388890052e-01,4.589999999999999462e-03,1.304166666666667015e-04,1.000000000000000666e+00
4.167500000000001203e-01,4.589999999999999462e-03,8.000000000000000654e-05,9.999999999999986677e-01
4.217500000000001248e-01,4.700000000000000185e-03,8.000000000000000654e-05,6.999999999999999556e-01
4.218025173611112399e-01,4.700000000000000185e-03,1.304166666666666744e-04,6.999999999999999556e-01
4.218550347222223551e-01,4.700000000000000185e-03,1.808333333333333288e-04,6.999999999999999556e-01
4.219075520833334703e-01,4.700000000000000185e-03,2.312500000000000102e-04,6.999999999999999556e-01
4.219600694444445854e-01,4.700000000000000185e-03,2.816666666666666646e-04,6.999999999999999556e-01
4.220125868055557006e-01,4.700000000000000185e-03,3.320833333333333189e-04,6.999999999999999556e-01
4.220651041666668157e-01,4.700000000000000185e-03,3.824999999999999733e-04,6.999999999999999556e-01
4.221176215277778754e-01,4.700000000000000185e-03,4.329166666666666276e-04,6.999999999999999556e-01
4.221701388888889905e-01,4.700000000000000185e-03,4.833333333333332820e-04,6.999999999999999556e-01
4.222226562500001057e-01,4.700000000000000185e-03,5.337499999999999363e-04,7.435632909958971304e-01
4.222751736111112209e-01,4.700000000000000185e-03,5.841666666666666449e-04,7.875732272295181691e-01
4.223276909722223360e-01,4.700000000000000185e-03,6.345833333333332450e-04,8.258639978187197750e-01
4.223802083333334512e-01,4.700000000000000185e-03,6.849999999999999535e-04,8.589238067714812797e-01
4.224327256944445663e-01,4.700000000000000185e-03,7.354166666666665537e-04,8.872215495107780292e-01
4.224852430555556815e-01,4.700000000000000185e-03,7.858333333333332622e-04,9.112068128745787199e-01
4.225377604166667966e-01,4.700000000000000185e-03,8.362499999999998624e-04,9.313098751158475075e-01
4.225902777777779118e-01,4.700000000000000185e-03,8.866666666666665709e-04,9.479417059025424530e-01
4.226427951388890270e-01,4.700000000000000185e-03,9.370833333333332795e-04,9.614939663176165219e-01
4.226953125000001421e-01,4.700000000000000185e-03,9.874999999999998796e-04,9.723390088590175839e-01
4.227478298611112573e-01,4.700000000000000185e-03,1.037916666666666588e-03,9.808298774396874142e-01
4.228003472222223724e-01,4.700000000000000185e-03,1.088333333333333297e-03,9.873003073875626923e-01
4.228528645833334321e-01,4.700000000000000185e-03,1.138749999999999788e-03,9.920647254455979835e-01
4.229053819444445472e-01,4.700000000000000185e-03,1.189166666666666497e-03,9.954182497716704825e-01
4.229578993055556624e-01,4.700000000000000185e-03,1.239583333333333206e-03,9.976366899387262288e-01
4.230104166666667775e-01,4.700000000000000185e-03,1.289999999999999914e-03,9.989765469346799653e-01
4.230629340277778927e-01,4.700000000000000185e-03,1.340416666666666623e-03,9.996750131624415614e-01
4.231154513888890079e-01,4.700000000000000185e-03,1.390833333333333114e-03,9.999499724399155687e-01
4.231679687500001230e-01,4.700000000000000185e-03,1.441249999999999823e-03,9.999999999999996669e-01
4.232204861111112382e-01,4.700000000000000185e-03,1.491666666666666531e-03,9.999999999999978906e-01
4.232730034722223533e-01,4.700000000000000185e-03,1.542083333333333240e-03,9.999999999999962252e-01
4.233255208333334685e-01,4.700000000000000185e-03,1.592499999999999732e-03,9.999999999999954481e-01
4.233780381944445836e-01,4.700000000000000185e-03,1.642916666666666440e-03,9.999999999999942268e-01
4.234305555555556988e-01,4.700000000000000185e-03,1.693333333333333149e-03,9.999999999999928946e-01
4.234830729166668140e-01,4.700000000000000185e-03,1.743749999999999857e-03,9.999999999999920064e-01
4.235355902777779291e-01,4.700000000000000185e-03,1.794166666666666566e-03,9.999999999999912292e-01
4.235881076388889888e-01,4.700000000000000185e-03,1.844583333333333058e-03,1.000000000000013989e+00
4.236406250000001039e-01,4.700000000000000185e-03,1.894999999999999766e-03,1.000000000000010880e+00
4.236931423611112191e-01,4.700000000000000185e-03,1.945416666666666475e-03,1.000000000000007994e+00
4.237456597222223342e-01,4.700000000000000185e-03,1.995833333333333400e-03,1.000000000000005107e+00
4.237981770833334494e-01,4.700000000000000185e-03,2.046249999999999892e-03,1.000000000000003109e+00
4.238506944444445645e-01,4.700000000000000185e-03,2.096666666666666817e-03,1.000000000000000666e+00
4.239032118055556797e-01,4.700000000000000185e-03,2.147083333333333309e-03,9.999999999999994449e-01
4.239557291666667949e-01,4.700000000000000185e-03,2.197499999999999801e-03,9.999999999999980016e-01
4.240082465277779100e-01,4.700000000000000185e-03,2.247916666666666726e-03,9.999999999999960032e-01
4.240607638888890252e-01,4.700000000000000185e-03,2.298333333333333218e-03,9.999999999999952260e-01
4.241132812500001403e-01,4.700000000000000185e-03,2.348750000000000143e-03,9.999999999999934497e-01
4.241657986111112555e-01,4.700000000000000185e-03,2.399166666666666635e-03,9.999999999999931166e-01
4.242183159722223706e-01,4.700000000000000185e-03,2.449583333333333127e-03,9.999999999999923395e-01
4.242708333333334858e-01,4.700000000000000185e-03,2.500000000000000052e-03,9.999999999999911182e-01
4.243233506944445455e-01,4.700000000000000185e-03,2.550416666666666544e-03,1.000000000000013767e+00
4.243758680555556606e-01,4.700000000000000185e-03,2.600833333333333469e-03,1.000000000000010436e+00
4.244283854166667758e-01,4.700000000000000185e-03,2.651249999999999961e-03,1.000000000000007772e+00
4.244809027777778909e-01,4.700000000000000185e-03,2.701666666666666453e-03,1.000000000000005773e+00
4.245334201388890061e-01,4.700000000000000185e-03,2.752083333333333378e-03,1.000000000000003109e+00
4.245859375000001212e-01,4.700000000000000185e-03,2.802499999999999870e-03,1.000000000000001554e+00
4.246384548611112364e-01,4.700000000000000185e-03,2.852916666666666361e-03,9.999999999999998890e-01
4.246909722222223516e-01,4.700000000000000185e-03,2.903333333333333287e-03,9.999999999999976685e-01
4.247434895833334667e-01,4.700000000000000185e-03,2.953749999999999779e-03,9.999999999999967804e-01
4.247960069444445819e-01,4.700000000000000185e-03,3.004166666666666704e-03,9.999999999999947820e-01
4.248485243055556970e-01,4.700000000000000185e-03,3.054583333333333196e-03,9.999999999999942268e-01
4.249010416666668122e-01,4.700000000000000185e-03,3.104999999999999687e-03,9.999999999999935607e-01
4.249535590277779273e-01,4.700000000000000185e-03,3.155416666666666613e-03,9.999999999999920064e-01
4.250060763888889870e-01,4.700000000000000185e-03,3.205833333333333104e-03,1.000000000000014655e+00
4.250585937500001021e-01,4.700000000000000185e-03,3.256250000000000030e-03,1.000000000000011102e+00
4.251111111111112173e-01,4.700000000000000185e-03,3.306666666666666522e-03,1.000000000000008660e+00
4.251636284722223325e-01,4.700000000000000185e-03,3.357083333333333013e-03,1.000000000000006217e+00
4.252161458333334476e-01,4.700000000000000185e-03,3.407499999999999939e-03,1.000000000000003553e+00
4.252686631944445628e-01,4.700000000000000185e-03,3.457916666666666430e-03,1.000000000000001776e+00
4.253211805555556779e-01,4.700000000000000185e-03,3.508333333333333356e-03,9.999999999999993339e-01
4.253736979166667931e-01,4.700000000000000185e-03,3.558749999999999847e-03,9.999999999999980016e-01
4.254262152777779082e-01,4.700000000000000185e-03,3.609166666666666339e-03,9.999999999999967804e-01
4.254787326388890234e-01,4.700000000000000185e-03,3.659583333333333265e-03,9.999999999999951150e-01
4.255312500000001386e-01,4.700000000000000185e-03,3.709999999999999756e-03,9.999999999999942268e-01
4.255837673611112537e-01,4.700000000000000185e-03,3.760416666666666682e-03,9.999999999999926725e-01
4.256362847222223689e-01,4.700000000000000185e-03,3.810833333333333173e-03,9.999999999999923395e-01
4.256888020833334840e-01,4.700000000000000185e-03,3.861249999999999665e-03,9.999999999999916733e-01
4.257413194444445437e-01,4.700000000000000185e-03,3.911666666666666591e-03,1.000000000000013545e+00
4.257938368055556588e-01,4.700000000000000185e-03,3.962083333333333082e-03,1.000000000000010880e+00
4.258463541666667740e-01,4.700000000000000185e-03,4.012499999999999574e-03,1.000000000000008660e+00
4.258988715277778891e-01,4.700000000000000185e-03,4.062916666666666066e-03,1.000000000000006439e+00
4.259513888888890043e-01,4.700000000000000185e-03,4.113333333333333425e-03,1.000000000000002665e+00
4.260039062500001195e-01,4.700000000000000185e-03,4.163749999999999916e-03,1.000000000000001110e+00
4.260564236111112346e-01,4.700000000000000185e-03,4.214166666666666408e-03,9.999999999999996669e-01
4.261089409722223498e-01,4.700000000000000185e-03,4.264583333333332900e-03,9.999999999999982236e-01
4.261614583333334649e-01,4.700000000000000185e-03,4.314999999999999392e-03,9.999999999999971134e-01
4.262139756944445801e-01,4.700000000000000185e-03,4.365416666666666751e-03,9.999999999999944489e-01
4.262664930555556952e-01,4.700000000000000185e-03,4.415833333333333242e-03,9.999999999999937828e-01
4.263190104166668104e-01,4.700000000000000185e-03,4.466249999999999734e-03,9.999999999999933387e-01
4.263715277777779256e-01,4.700000000000000185e-03,4.516666666666666226e-03,9.999999999999925615e-01
4.264240451388890407e-01,4.700000000000000185e-03,4.567083333333332718e-03,9.999999999999921174e-01
4.264765625000001004e-01,4.700000000000000185e-03,4.617500000000000077e-03,1.000000000000013101e+00
4.265290798611112155e-01,4.700000000000000185e-03,4.667916666666666568e-03,1.000000000000010436e+00
4.265815972222223307e-01,4.700000000000000185e-03,4.718333333333333060e-03,1.000000000000008216e+00
4.266341145833334458e-01,4.700000000000000185e-03,4.768749999999999552e-03,1.000000000000005995e+00
4.266866319444445610e-01,4.700000000000000185e-03,4.819166666666666043e-03,1.000000000000004219e+00
4.267391493055556762e-01,4.700000000000000185e-03,4.869583333333333403e-03,1.000000000000000666e+00
4.267916666666667913e-01,4.700000000000000185e-03,4.919999999999999894e-03,9.999999999999992228e-01
4.317916666666667957e-01,4.810000000000000039e-03,4.919999999999999894e-03,6.999999999999999556e-01
4.318441840277779109e-01,4.810000000000000039e-03,4.869583333333333403e-03,6.999999999999999556e-01
4.318967013888890261e-01,4.810000000000000039e-03,4.819166666666666911e-03,6.999999999999999556e-01
4.319492187500001412e-01,4.810000000000000039e-03,4.768749999999999552e-03,6.999999999999999556e-01
4.320017361111112564e-01,4.810000000000000039e-03,4.718333333333333060e-03,6.999999999999999556e-01
4.320542534722223715e-01,4.810000000000000039e-03,4.667916666666666568e-03,6.999999999999999556e-01
4.321067708333334867e-01,4.810000000000000039e-03,4.617500000000000077e-03,6.999999999999999556e-01
4.321592881944445463e-01,4.810000000000000039e-03,4.567083333333333585e-03,6.999999999999999556e-01
4.322118055555556615e-01,4.810000000000000039e-03,4.516666666666666226e-03,6.999999999999999556e-01
4.322643229166667767e-01,4.810000000000000039e-03,4.466249999999999734e-03,7.435632909958969083e-01
4.323168402777778918e-01,4.810000000000000039e-03,4.415833333333333242e-03,7.875732272295182801e-01
4.323693576388890070e-01,4.810000000000000039e-03,4.365416666666666751e-03,8.258639978187199970e-01
4.324218750000001221e-01,4.810000000000000039e-03,4.315000000000000259e-03,8.589238067714819458e-01
4.324743923611112373e-01,4.810000000000000039e-03,4.264583333333333767e-03,8.872215495107786953e-01
4.325269097222223524e-01,4.810000000000000039e-03,4.214166666666666408e-03,9.112068128745782758e-01
4.325794270833334676e-01,4.810000000000000039e-03,4.163749999999999916e-03,9.313098751158472854e-01
4.326319444444445828e-01,4.810000000000000039e-03,4.113333333333333425e-03,9.479417059025424530e-01
4.326844618055556979e-01,4.810000000000000039e-03,4.062916666666666933e-03,9.614939663176169660e-01
4.327369791666668131e-01,4.810000000000000039e-03,4.012500000000000441e-03,9.723390088590183611e-01
4.327894965277779282e-01,4.810000000000000039e-03,3.962083333333333082e-03,9.808298774396869701e-01
4.328420138888890434e-01,4.810000000000000039e-03,3.911666666666666591e-03,9.873003073875628033e-01
4.328945312500001030e-01,4.810000000000000039e-03,3.861250000000000099e-03,9.920647254455978725e-01
4.329470486111112182e-01,4.810000000000000039e-03,3.810833333333333607e-03,9.954182497716707045e-01
4.329995659722223333e-01,4.810000000000000039e-03,3.760416666666666682e-03,9.976366899387258957e-01
4.330520833333334485e-01,4.810000000000000039e-03,3.709999999999999756e-03,9.989765469346794102e-01
4.331046006944445637e-01,4.810000000000000039e-03,3.659583333333333265e-03,9.996750131624415614e-01
4.331571180555556788e-01,4.810000000000000039e-03,3.609166666666666773e-03,9.999499724399155687e-01
4.332096354166667940e-01,4.810000000000000039e-03,3.558750000000000281e-03,9.999999999999998890e-01
4.332621527777779091e-01,4.810000000000000039e-03,3.508333333333333356e-03,9.999999999999976685e-01
4.333146701388890243e-01,4.810000000000000039e-03,3.457916666666666430e-03,9.999999999999958922e-01
4.333671875000001394e-01,4.810000000000000039e-03,3.407499999999999939e-03,9.999999999999948930e-01
4.334197048611112546e-01,4.810000000000000039e-03,3.357083333333333447e-03,9.999999999999942268e-01
4.334722222222223698e-01,4.810000000000000039e-03,3.306666666666666955e-03,9.999999999999935607e-01
4.335247395833334849e-01,4.810000000000000039e-03,3.256250000000000030e-03,9.999999999999920064e-01
4.335772569444446001e-01,4.810000000000000039e-03,3.205833333333333104e-03,9.999999999999907851e-01
4.336297743055556597e-01,4.810000000000000039e-03,3.155416666666666613e-03,1.000000000000013545e+00
4.336822916666667749e-01,4.810000000000000039e-03,3.105000000000000121e-03,1.000000000000010880e+00
4.337348090277778900e-01,4.810000000000000039e-03,3.054583333333333629e-03,1.000000000000008660e+00
4.337873263888890052e-01,4.810000000000000039e-03,3.004166666666666704e-03,1.000000000000005329e+00
4.338398437500001203e-01,4.810000000000000039e-03,2.953750000000000212e-03,1.000000000000003553e+00
4.338923611111112355e-01,4.810000000000000039e-03,2.903333333333333287e-03,1.000000000000001110e+00
4.339448784722223507e-01,4.810000000000000039e-03,2.852916666666666795e-03,9.999999999999996669e-01
4.339973958333334658e-01,4.810000000000000039e-03,2.802500000000000303e-03,9.999999999999982236e-01
4.340499131944445810e-01,4.810000000000000039e-03,2.752083333333333378e-03,9.999999999999962252e-01
4.341024305555556961e-01,4.810000000000000039e-03,2.701666666666666886e-03,9.999999999999954481e-01
4.341549479166668113e-01,4.810000000000000039e-03,2.651249999999999961e-03,9.999999999999937828e-01
4.342074652777779264e-01,4.810000000000000039e-03,2.600833333333333469e-03,9.999999999999931166e-01
4.342599826388890416e-01,4.810000000000000039e-03,2.550416666666666977e-03,9.999999999999925615e-01
4.343125000000001013e-01,4.810000000000000039e-03,2.500000000000000052e-03,1.000000000000014211e+00
4.343650173611112164e-01,4.810000000000000039e-03,2.449583333333333560e-03,1.000000000000011546e+00
4.344175347222223316e-01,4.810000000000000039e-03,2.399166666666666635e-03,1.000000000000008216e+00
4.344700520833334467e-01,4.810000000000000039e-03,2.348750000000000143e-03,1.000000000000005995e+00
4.345225694444445619e-01,4.810000000000000039e-03,2.298333333333333652e-03,1.000000000000003775e+00
4.345750868055556770e-01,4.810000000000000039e-03,2.247916666666666726e-03,1.000000000000001332e+00
4.346276041666667922e-01,4.810000000000000039e-03,2.197500000000000234e-03,9.999999999999998890e-01
4.346801215277779074e-01,4.810000000000000039e-03,2.147083333333333743e-03,9.999999999999984457e-01
4.347326388888890225e-01,4.810000000000000039e-03,2.096666666666666817e-03,9.999999999999964473e-01
4.347851562500001377e-01,4.810000000000000039e-03,2.046250000000000326e-03,9.999999999999956701e-01
4.348376736111112528e-01,4.810000000000000039e-03,1.995833333333333400e-03,9.999999999999937828e-01
4.348901909722223680e-01,4.810000000000000039e-03,1.945416666666666908e-03,9.999999999999933387e-01
4.349427083333334831e-01,4.810000000000000039e-03,1.895000000000000417e-03,9.999999999999925615e-01
4.349952256944445983e-01,4.810000000000000039e-03,1.844583333333333491e-03,9.999999999999913403e-01
4.350477430555556579e-01,4.810000000000000039e-03,1.794166666666667000e-03,1.000000000000013989e+00
4.351002604166667731e-01,4.810000000000000039e-03,1.743750000000000074e-03,1.000000000000010658e+00
4.351527777777778883e-01,4.810000000000000039e-03,1.693333333333333583e-03,1.000000000000008216e+00
4.352052951388890034e-01,4.810000000000000039e-03,1.642916666666667091e-03,1.000000000000005995e+00
4.352578125000001186e-01,4.810000000000000039e-03,1.592500000000000165e-03,1.000000000000003109e+00
4.353103298611112337e-01,4.810000000000000039e-03,1.542083333333333674e-03,1.000000000000001554e+00
4.353628472222223489e-01,4.810000000000000039e-03,1.491666666666666748e-03,9.999999999999992228e-01
4.354153645833334640e-01,4.810000000000000039e-03,1.441250000000000257e-03,9.999999999999980016e-01
4.354678819444445792e-01,4.810000000000000039e-03,1.390833333333333765e-03,9.999999999999967804e-01
4.355203993055556944e-01,4.810000000000000039e-03,1.340416666666666839e-03,9.999999999999951150e-01
4.355729166666668095e-01,4.810000000000000039e-03,1.290000000000000348e-03,9.999999999999942268e-01
4.356254340277779247e-01,4.810000000000000039e-03,1.239583333333333422e-03,9.999999999999925615e-01
4.356779513888890398e-01,4.810000000000000039e-03,1.189166666666666931e-03,9.999999999999921174e-01
4.357304687500001550e-01,4.810000000000000039e-03,1.138750000000000439e-03,9.999999999999916733e-01
4.357829861111112146e-01,4.810000000000000039e-03,1.088333333333333514e-03,1.000000000000013545e+00
4.358355034722223298e-01,4.810000000000000039e-03,1.037916666666667022e-03,1.000000000000010880e+00
4.358880208333334449e-01,4.810000000000000039e-03,9.875000000000005301e-04,1.000000000000008660e+00
4.359405381944445601e-01,4.810000000000000039e-03,9.370833333333340384e-04,1.000000000000006439e+00
4.359930555555556753e-01,4.810000000000000039e-03,8.866666666666666793e-04,1.000000000000002665e+00
4.360455729166667904e-01,4.810000000000000039e-03,8.362500000000001876e-04,1.000000000000001110e+00
4.360980902777779056e-01,4.810000000000000039e-03,7.858333333333336959e-04,9.999999999999996669e-01
4.361506076388890207e-01,4.810000000000000039e-03,7.354166666666672042e-04,9.999999999999982236e-01
4.362031250000001359e-01,4.810000000000000039e-03,6.850000000000007125e-04,9.999999999999971134e-01
4.362556423611112510e-01,4.810000000000000039e-03,6.345833333333333534e-04,9.999999999999944489e-01
4.363081597222223662e-01,4.810000000000000039e-03,5.841666666666668617e-04,9.999999999999937828e-01
4.363606770833334814e-01,4.810000000000000039e-03,5.337500000000003700e-04,9.999999999999933387e-01
4.364131944444445965e-01,4.810000000000000039e-03,4.833333333333338783e-04,9.999999999999925615e-01
4.364657118055557117e-01,4.810000000000000039e-03,4.329166666666673866e-04,9.999999999999921174e-01
4.365182291666667713e-01,4.810000000000000039e-03,3.825000000000000275e-04,1.000000000000013101e+00
4.365707465277778865e-01,4.810000000000000039e-03,3.320833333333335358e-04,1.000000000000010436e+00
4.366232638888890016e-01,4.810000000000000039e-03,2.816666666666670440e-04,1.000000000000008216e+00
4.366757812500001168e-01,4.810000000000000039e-03,2.312500000000005523e-04,1.000000000000005995e+00
4.367282986111112320e-01,4.810000000000000039e-03,1.808333333333340606e-04,1.000000000000004219e+00
4.367808159722223471e-01,4.810000000000000039e-03,1.304166666666667015e-04,1.000000000000000666e+00
4.368333333333334623e-01,4.810000000000000039e-03,8.000000000000000654e-05,9.999999999999986677e-01
4.418333333333334667e-01,4.919999999999999894e-03,8.000000000000000654e-05,6.999999999999999556e-01
4.418858506944445819e-01,4.919999999999999894e-03,1.304166666666666744e-04,6.999999999999999556e-01
4.419383680555556970e-01,4.919999999999999894e-03,1.808333333333333288e-04,6.999999999999999556e-01
4.419908854166668122e-01,4.919999999999999894e-03,2.312500000000000102e-04,6.999999999999999556e-01
4.420434027777779273e-01,4.919999999999999894e-03,2.816666666666666646e-04,6.999999999999999556e-01
4.420959201388890425e-01,4.919999999999999894e-03,3.320833333333333189e-04,6.999999999999999556e-01
4.421484375000001577e-01,4.919999999999999894e-03,3.824999999999999733e-04,6.999999999999999556e-01
4.422009548611112173e-01,4.919999999999999894e-03,4.329166666666666276e-04,6.999999999999999556e-01
4.422534722222223325e-01,4.919999999999999894e-03,4.833333333333332820e-04,6.999999999999999556e-01
4.423059895833334476e-01,4.919999999999999894e-03,5.337499999999999363e-04,7.435632909958971304e-01
4.423585069444445628e-01,4.919999999999999894e-03,5.841666666666666449e-04,7.875732272295181691e-01
4.424110243055556779e-01,4.919999999999999894e-03,6.345833333333332450e-04,8.258639978187197750e-01
4.424635416666667931e-01,4.919999999999999894e-03,6.849999999999999535e-04,8.589238067714812797e-01
4.425160590277779082e-01,4.919999999999999894e-03,7.354166666666665537e-04,8.872215495107780292e-01
4.425685763888890234e-01,4.919999999999999894e-03,7.858333333333332622e-04,9.112068128745787199e-01
4.426210937500001386e-01,4.919999999999999894e-03,8.362499999999998624e-04,9.313098751158475075e-01
4.426736111111112537e-01,4.919999999999999894e-03,8.866666666666665709e-04,9.479417059025424530e-01
4.427261284722223689e-01,4.919999999999999894e-03,9.370833333333332795e-04,9.614939663176165219e-01
4.427786458333334840e-01,4.919999999999999894e-03,9.874999999999998796e-04,9.723390088590175839e-01
4.428311631944445992e-01,4.919999999999999894e-03,1.037916666666666588e-03,9.808298774396874142e-01
4.428836805555557143e-01,4.919999999999999894e-03,1.088333333333333297e-03,9.873003073875626923e-01
4.429361979166667740e-01,4.919999999999999894e-03,1.138749999999999788e-03,9.920647254455979835e-01
4.429887152777778891e-01,4.919999999999999894e-03,1.189166666666666497e-03,9.954182497716704825e-01
4.430412326388890043e-01,4.919999999999999894e-03,1.239583333333333206e-03,9.976366899387262288e-01
4.430937500000001195e-01,4.919999999999999894e-03,1.289999999999999914e-03,9.989765469346799653e-01
4.431462673611112346e-01,4.919999999999999894e-03,1.340416666666666623e-03,9.996750131624415614e-01
4.431987847222223498e-01,4.919999999999999894e-03,1.390833333333333114e-03,9.999499724399155687e-01
4.432513020833334649e-01,4.919999999999999894e-03,1.441249999999999823e-03,9.999999999999996669e-01
4.433038194444445801e-01,4.919999999999999894e-03,1.491666666666666531e-03,9.999999999999978906e-01
4.433563368055556952e-01,4.919999999999999894e-03,1.542083333333333240e-03,9.999999999999962252e-01
4.434088541666668104e-01,4.919999999999999894e-03,1.592499999999999732e-03,9.999999999999954481e-01
4.434613715277779256e-01,4.919999999999999894e-03,1.642916666666666440e-03,9.999999999999942268e-01
4.435138888888890407e-01,4.919999999999999894e-03,1.693333333333333149e-03,9.999999999999928946e-01
4.435664062500001559e-01,4.919999999999999894e-03,1.743749999999999857e-03,9.999999999999920064e-01
4.436189236111112710e-01,4.919999999999999894e-03,1.794166666666666566e-03,9.999999999999912292e-01
4.436714409722223307e-01,4.919999999999999894e-03,1.844583333333333058e-03,1.000000000000013989e+00
4.437239583333334458e-01,4.919999999999999894e-03,1.894999999999999766e-03,1.000000000000010880e+00
4.437764756944445610e-01,4.919999999999999894e-03,1.945416666666666475e-03,1.000000000000007994e+00
4.438289930555556762e-01,4.919999999999999894e-03,1.995833333333333400e-03,1.000000000000005107e+00
4.438815104166667913e-01,4.919999999999999894e-03,2.046249999999999892e-03,1.000000000000003109e+00
4.439340277777779065e-01,4.919999999999999894e-03,2.096666666666666817e-03,1.000000000000000666e+00
4.439865451388890216e-01,4.919999999999999894e-03,2.147083333333333309e-03,9.999999999999994449e-01
4.440390625000001368e-01,4.919999999999999894e-03,2.197499999999999801e-03,9.999999999999980016e-01
4.440915798611112519e-01,4.919999999999999894e-03,2.247916666666666726e-03,9.999999999999960032e-01
4.441440972222223671e-01,4.919999999999999894e-03,2.298333333333333218e-03,9.999999999999952260e-01
4.441966145833334823e-01,4.919999999999999894e-03,2.348750000000000143e-03,9.999999999999934497e-01
4.442491319444445974e-01,4.919999999999999894e-03,2.399166666666666635e-03,9.999999999999931166e-01
4.443016493055557126e-01,4.919999999999999894e-03,2.449583333333333127e-03,9.999999999999923395e-01
4.443541666666668277e-01,4.919999999999999894e-03,2.500000000000000052e-03,9.999999999999911182e-01
4.444066840277778874e-01,4.919999999999999894e-03,2.550416666666666544e-03,1.000000000000013767e+00
4.444592013888890025e-01,4.919999999999999894e-03,2.600833333333333469e-03,1.000000000000010436e+00
4.445117187500001177e-01,4.919999999999999894e-03,2.651249999999999961e-03,1.000000000000007772e+00
4.445642361111112328e-01,4.919999999999999894e-03,2.701666666666666453e-03,1.000000000000005773e+00
4.446167534722223480e-01,4.919999999999999894e-03,2.752083333333333378e-03,1.000000000000003109e+00
4.446692708333334632e-01,4.919999999999999894e-03,2.802499999999999870e-03,1.000000000000001554e+00
4.447217881944445783e-01,4.919999999999999894e-03,2.852916666666666361e-03,9.999999999999998890e-01
4.447743055555556935e-01,4.919999999999999894e-03,2.903333333333333287e-03,9.999999999999976685e-01
4.448268229166668086e-01,4.919999999999999894e-03,2.953749999999999779e-03,9.999999999999967804e-01
4.448793402777779238e-01,4.919999999999999894e-03,3.004166666666666704e-03,9.999999999999947820e-01
4.449318576388890389e-01,4.919999999999999894e-03,3.054583333333333196e-03,9.999999999999942268e-01
4.449843750000001541e-01,4.919999999999999894e-03,3.104999999999999687e-03,9.999999999999935607e-01
4.450368923611112693e-01,4.919999999999999894e-03,3.155416666666666613e-03,9.999999999999920064e-01
4.450894097222223289e-01,4.919999999999999894e-03,3.205833333333333104e-03,1.000000000000014655e+00
4.451419270833334441e-01,4.919999999999999894e-03,3.256250000000000030e-03,1.000000000000011102e+00
4.451944444444445592e-01,4.919999999999999894e-03,3.306666666666666522e-03,1.000000000000008660e+00
4.452469618055556744e-01,4.919999999999999894e-03,3.357083333333333013e-03,1.000000000000006217e+00
4.452994791666667895e-01,4.919999999999999894e-03,3.407499999999999939e-03,1.000000000000003553e+00
4.453519965277779047e-01,4.919999999999999894e-03,3.457916666666666430e-03,1.000000000000001776e+00
4.454045138888890198e-01,4.919999999999999894e-03,3.508333333333333356e-03,9.999999999999993339e-01
4.454570312500001350e-01,4.919999999999999894e-03,3.558749999999999847e-03,9.999999999999980016e-01
4.455095486111112502e-01,4.919999999999999894e-03,3.609166666666666339e-03,9.999999999999967804e-01
4.455620659722223653e-01,4.919999999999999894e-03,3.659583333333333265e-03,9.999999999999951150e-01
4.456145833333334805e-01,4.919999999999999894e-03,3.709999999999999756e-03,9.999999999999942268e-01
4.456671006944445956e-01,4.919999999999999894e-03,3.760416666666666682e-03,9.999999999999926725e-01
4.457196180555557108e-01,4.919999999999999894e-03,3.810833333333333173e-03,9.999999999999923395e-01
4.457721354166668259e-01,4.919999999999999894e-03,3.861249999999999665e-03,9.999999999999916733e-01
4.458246527777778856e-01,4.919999999999999894e-03,3.911666666666666591e-03,1.000000000000013545e+00
4.458771701388890008e-01,4.919999999999999894e-03,3.962083333333333082e-03,1.000000000000010880e+00
4.459296875000001159e-01,4.919999999999999894e-03,4.012499999999999574e-03,1.000000000000008660e+00
4.459822048611112311e-01,4.919999999999999894e-03,4.062916666666666066e-03,1.000000000000006439e+00
4.460347222222223462e-01,4.919999999999999894e-03,4.113333333333333425e-03,1.000000000000002665e+00
4.460872395833334614e-01,4.919999999999999894e-03,4.163749999999999916e-03,1.000000000000001110e+00
4.461397569444445765e-01,4.919999999999999894e-03,4.214166666666666408e-03,9.999999999999996669e-01
4.461922743055556917e-01,4.919999999999999894e-03,4.264583333333332900e-03,9.999999999999982236e-01
4.462447916666668069e-01,4.919999999999999894e-03,4.314999999999999392e-03,9.999999999999971134e-01
4.462973090277779220e-01,4.919999999999999894e-03,4.365416666666666751e-03,9.999999999999944489e-01
4.463498263888890372e-01,4.919999999999999894e-03,4.415833333333333242e-03,9.999999999999937828e-01
4.464023437500001523e-01,4.919999999999999894e-03,4.466249999999999734e-03,9.999999999999933387e-01
4.464548611111112675e-01,4.919999999999999894e-03,4.516666666666666226e-03,9.999999999999925615e-01
4.465073784722223826e-01,4.919999999999999894e-03,4.567083333333332718e-03,9.999999999999921174e-01
4.465598958333334423e-01,4.919999999999999894e-03,4.617500000000000077e-03,1.000000000000013101e+00
4.466124131944445574e-01,4.919999999999999894e-03,4.667916666666666568e-03,1.000000000000010436e+00
4.466649305555556726e-01,4.919999999999999894e-03,4.718333333333333060e-03,1.000000000000008216e+00
4.467174479166667878e-01,4.919999999999999894e-03,4.768749999999999552e-03,1.000000000000005995e+00
4.467699652777779029e-01,4.919999999999999894e-03,4.819166666666666043e-03,1.000000000000004219e+00
4.468224826388890181e-01,4.919999999999999894e-03,4.869583333333333403e-03,1.000000000000000666e+00
4.468750000000001332e-01,4.919999999999999894e-03,4.919999999999999894e-03,9.999999999999992228e-01
4.510000000000000000e-01,4.919999999999999894e-03,4.919999999999999894e-03,6.666666666666666666e-01
