t,x,y,rhf
0.000000000000000000e+00,8.000000000000000654e-05,8.000000000000000654e-05,0.000000000000000000e+00
5.251736111111111183e-05,8.000000000000000654e-05,1.304166666666666744e-04,0.000000000000000000e+00
1.050347222222222237e-04,8.000000000000000654e-05,1.808333333333333288e-04,0.000000000000000000e+00
1.575520833333333287e-04,8.000000000000000654e-05,2.312500000000000102e-04,0.000000000000000000e+00
2.100694444444444473e-04,8.000000000000000654e-05,2.816666666666666646e-04,0.000000000000000000e+00
2.625868055555555659e-04,8.000000000000000654e-05,3.320833333333333189e-04,0.000000000000000000e+00
3.151041666666666574e-04,8.000000000000000654e-05,3.824999999999999733e-04,0.000000000000000000e+00
3.676215277777778031e-04,8.000000000000000654e-05,4.329166666666666276e-04,0.000000000000000000e+00
4.201388888888888946e-04,8.000000000000000654e-05,4.833333333333332820e-04,0.000000000000000000e+00
4.726562499999999861e-04,8.000000000000000654e-05,5.337499999999999363e-04,0.000000000000000000e+00
5.251736111111111318e-04,8.000000000000000654e-05,5.841666666666666449e-04,0.000000000000000000e+00
5.776909722222222775e-04,8.000000000000000654e-05,6.345833333333332450e-04,0.000000000000000000e+00
6.302083333333333148e-04,8.000000000000000654e-05,6.849999999999999535e-04,0.000000000000000000e+00
6.827256944444444605e-04,8.000000000000000654e-05,7.354166666666665537e-04,0.000000000000000000e+00
7.352430555555556062e-04,8.000000000000000654e-05,7.858333333333332622e-04,0.000000000000000000e+00
7.877604166666666435e-04,8.000000000000000654e-05,8.362499999999998624e-04,0.000000000000000000e+00
8.402777777777777892e-04,8.000000000000000654e-05,8.866666666666665709e-04,0.000000000000000000e+00
8.927951388888889350e-04,8.000000000000000654e-05,9.370833333333332795e-04,0.000000000000000000e+00
9.453124999999999722e-04,8.000000000000000654e-05,9.874999999999998796e-04,0.000000000000000000e+00
9.978298611111112264e-04,8.000000000000000654e-05,1.037916666666666588e-03,0.000000000000000000e+00
1.050347222222222264e-03,8.000000000000000654e-05,1.088333333333333297e-03,0.000000000000000000e+00
1.102864583333333301e-03,8.000000000000000654e-05,1.138749999999999788e-03,0.000000000000000000e+00
1.155381944444444555e-03,8.000000000000000654e-05,1.189166666666666497e-03,0.000000000000000000e+00
1.207899305555555592e-03,8.000000000000000654e-05,1.239583333333333206e-03,0.000000000000000000e+00
1.260416666666666630e-03,8.000000000000000654e-05,1.289999999999999914e-03,0.000000000000000000e+00
1.312934027777777884e-03,8.000000000000000654e-05,1.340416666666666623e-03,0.000000000000000000e+00
1.365451388888888921e-03,8.000000000000000654e-05,1.390833333333333114e-03,0.000000000000000000e+00
1.417968749999999958e-03,8.000000000000000654e-05,1.441249999999999823e-03,0.000000000000000000e+00
1.470486111111111212e-03,8.000000000000000654e-05,1.491666666666666531e-03,0.000000000000000000e+00
1.523003472222222250e-03,8.000000000000000654e-05,1.542083333333333240e-03,0.000000000000000000e+00
1.575520833333333287e-03,8.000000000000000654e-05,1.592499999999999732e-03,0.000000000000000000e+00
1.628038194444444541e-03,8.000000000000000654e-05,1.642916666666666440e-03,0.000000000000000000e+00
1.680555555555555578e-03,8.000000000000000654e-05,1.693333333333333149e-03,0.000000000000000000e+00
1.733072916666666616e-03,8.000000000000000654e-05,1.743749999999999857e-03,0.000000000000000000e+00
1.785590277777777870e-03,8.000000000000000654e-05,1.794166666666666566e-03,0.000000000000000000e+00
1.838107638888888907e-03,8.000000000000000654e-05,1.844583333333333058e-03,0.000000000000000000e+00
1.890624999999999944e-03,8.000000000000000654e-05,1.894999999999999766e-03,0.000000000000000000e+00
1.943142361111111199e-03,8.000000000000000654e-05,1.945416666666666475e-03,0.000000000000000000e+00
1.995659722222222453e-03,8.000000000000000654e-05,1.995833333333333400e-03,0.000000000000000000e+00
2.048177083333333273e-03,8.000000000000000654e-05,2.046249999999999892e-03,0.000000000000000000e+00
2.100694444444444527e-03,8.000000000000000654e-05,2.096666666666666817e-03,0.000000000000000000e+00
2.153211805555555781e-03,8.000000000000000654e-05,2.147083333333333309e-03,0.000000000000000000e+00
2.205729166666666602e-03,8.000000000000000654e-05,2.197499999999999801e-03,0.000000000000000000e+00
2.258246527777777856e-03,8.000000000000000654e-05,2.247916666666666726e-03,0.000000000000000000e+00
2.310763888888889110e-03,8.000000000000000654e-05,2.298333333333333218e-03,0.000000000000000000e+00
2.363281249999999931e-03,8.000000000000000654e-05,2.348750000000000143e-03,0.000000000000000000e+00
2.415798611111111185e-03,8.000000000000000654e-05,2.399166666666666635e-03,0.000000000000000000e+00
2.468315972222222439e-03,8.000000000000000654e-05,2.449583333333333127e-03,0.000000000000000000e+00
2.520833333333333259e-03,8.000000000000000654e-05,2.500000000000000052e-03,0.000000000000000000e+00
2.573350694444444513e-03,8.000000000000000654e-05,2.550416666666666544e-03,0.000000000000000000e+00
2.625868055555555768e-03,8.000000000000000654e-05,2.600833333333333469e-03,0.000000000000000000e+00
2.678385416666666588e-03,8.000000000000000654e-05,2.651249999999999961e-03,0.000000000000000000e+00
2.730902777777777842e-03,8.000000000000000654e-05,2.701666666666666453e-03,0.000000000000000000e+00
2.783420138888889096e-03,8.000000000000000654e-05,2.752083333333333378e-03,0.000000000000000000e+00
2.835937499999999917e-03,8.000000000000000654e-05,2.802499999999999870e-03,0.000000000000000000e+00
2.888454861111111171e-03,8.000000000000000654e-05,2.852916666666666361e-03,0.000000000000000000e+00
2.940972222222222425e-03,8.000000000000000654e-05,2.903333333333333287e-03,0.000000000000000000e+00
2.993489583333333245e-03,8.000000000000000654e-05,2.953749999999999779e-03,0.000000000000000000e+00
3.046006944444444500e-03,8.000000000000000654e-05,3.004166666666666704e-03,0.000000000000000000e+00
3.098524305555555754e-03,8.000000000000000654e-05,3.054583333333333196e-03,0.000000000000000000e+00
3.151041666666666574e-03,8.000000000000000654e-05,3.104999999999999687e-03,0.000000000000000000e+00
3.203559027777777828e-03,8.000000000000000654e-05,3.155416666666666613e-03,0.000000000000000000e+00
3.256076388888889082e-03,8.000000000000000654e-05,3.205833333333333104e-03,0.000000000000000000e+00
3.308593749999999903e-03,8.000000000000000654e-05,3.256250000000000030e-03,0.000000000000000000e+00
3.361111111111111157e-03,8.000000000000000654e-05,3.306666666666666522e-03,0.000000000000000000e+00
3.413628472222222411e-03,8.000000000000000654e-05,3.357083333333333013e-03,0.000000000000000000e+00
3.466145833333333232e-03,8.000000000000000654e-05,3.407499999999999939e-03,0.000000000000000000e+00
3.518663194444444486e-03,8.000000000000000654e-05,3.457916666666666430e-03,0.000000000000000000e+00
3.571180555555555740e-03,8.000000000000000654e-05,3.508333333333333356e-03,0.000000000000000000e+00
3.623697916666666560e-03,8.000000000000000654e-05,3.558749999999999847e-03,0.000000000000000000e+00
3.676215277777777814e-03,8.000000000000000654e-05,3.609166666666666339e-03,0.000000000000000000e+00
3.728732638888889069e-03,8.000000000000000654e-05,3.659583333333333265e-03,0.000000000000000000e+00
3.781249999999999889e-03,8.000000000000000654e-05,3.709999999999999756e-03,0.000000000000000000e+00
3.833767361111111143e-03,8.000000000000000654e-05,3.760416666666666682e-03,0.000000000000000000e+00
3.886284722222222397e-03,8.000000000000000654e-05,3.810833333333333173e-03,0.000000000000000000e+00
3.938802083333333218e-03,8.000000000000000654e-05,3.861249999999999665e-03,0.000000000000000000e+00
3.991319444444444905e-03,8.000000000000000654e-05,3.911666666666666591e-03,0.000000000000000000e+00
4.043836805555555726e-03,8.000000000000000654e-05,3.962083333333333082e-03,0.000000000000000000e+00
4.096354166666666546e-03,8.000000000000000654e-05,4.012499999999999574e-03,0.000000000000000000e+00
4.148871527777778234e-03,8.000000000000000654e-05,4.062916666666666066e-03,0.000000000000000000e+00
4.201388888888889055e-03,8.000000000000000654e-05,4.113333333333333425e-03,0.000000000000000000e+00
4.253906249999999875e-03,8.000000000000000654e-05,4.163749999999999916e-03,0.000000000000000000e+00
4.306423611111111563e-03,8.000000000000000654e-05,4.214166666666666408e-03,0.000000000000000000e+00
4.358940972222222383e-03,8.000000000000000654e-05,4.264583333333332900e-03,0.000000000000000000e+00
4.411458333333333204e-03,8.000000000000000654e-05,4.314999999999999392e-03,0.000000000000000000e+00
4.463975694444444892e-03,8.000000000000000654e-05,4.365416666666666751e-03,0.000000000000000000e+00
4.516493055555555712e-03,8.000000000000000654e-05,4.415833333333333242e-03,0.000000000000000000e+00
4.569010416666666533e-03,8.000000000000000654e-05,4.466249999999999734e-03,0.000000000000000000e+00
4.621527777777778220e-03,8.000000000000000654e-05,4.516666666666666226e-03,0.000000000000000000e+00
4.674045138888889041e-03,8.000000000000000654e-05,4.567083333333332718e-03,0.000000000000000000e+00
4.726562499999999861e-03,8.000000000000000654e-05,4.617500000000000077e-03,0.000000000000000000e+00
4.779079861111111549e-03,8.000000000000000654e-05,4.667916666666666568e-03,0.000000000000000000e+00
4.831597222222222369e-03,8.000000000000000654e-05,4.718333333333333060e-03,0.000000000000000000e+00
4.884114583333333190e-03,8.000000000000000654e-05,4.768749999999999552e-03,0.000000000000000000e+00
4.936631944444444878e-03,8.000000000000000654e-05,4.819166666666666043e-03,0.000000000000000000e+00
4.989149305555555698e-03,8.000000000000000654e-05,4.869583333333333403e-03,0.000000000000000000e+00
5.041666666666666519e-03,8.000000000000000654e-05,4.919999999999999894e-03,0.000000000000000000e+00
5.791666666666666317e-03,1.900000000000000105e-04,4.919999999999999894e-03,0.000000000000000000e+00
5.844184027777777138e-03,1.900000000000000105e-04,4.869583333333333403e-03,0.000000000000000000e+00
5.896701388888888826e-03,1.900000000000000105e-04,4.819166666666666911e-03,0.000000000000000000e+00
5.949218749999999646e-03,1.900000000000000105e-04,4.768749999999999552e-03,0.000000000000000000e+00
6.001736111111110467e-03,1.900000000000000105e-04,4.718333333333333060e-03,0.000000000000000000e+00
6.054253472222222154e-03,1.900000000000000105e-04,4.667916666666666568e-03,0.000000000000000000e+00
6.106770833333332975e-03,1.900000000000000105e-04,4.617500000000000077e-03,0.000000000000000000e+00
6.159288194444443795e-03,1.900000000000000105e-04,4.567083333333333585e-03,0.000000000000000000e+00
6.211805555555555483e-03,1.900000000000000105e-04,4.516666666666666226e-03,0.000000000000000000e+00
6.264322916666666304e-03,1.900000000000000105e-04,4.466249999999999734e-03,0.000000000000000000e+00
6.316840277777777124e-03,1.900000000000000105e-04,4.415833333333333242e-03,0.000000000000000000e+00
6.369357638888888812e-03,1.900000000000000105e-04,4.365416666666666751e-03,0.000000000000000000e+00
6.421874999999999632e-03,1.900000000000000105e-04,4.315000000000000259e-03,0.000000000000000000e+00
6.474392361111110453e-03,1.900000000000000105e-04,4.264583333333333767e-03,0.000000000000000000e+00
6.526909722222222140e-03,1.900000000000000105e-04,4.214166666666666408e-03,0.000000000000000000e+00
6.579427083333332961e-03,1.900000000000000105e-04,4.163749999999999916e-03,0.000000000000000000e+00
6.631944444444443781e-03,1.900000000000000105e-04,4.113333333333333425e-03,0.000000000000000000e+00
6.684461805555555469e-03,1.900000000000000105e-04,4.062916666666666933e-03,0.000000000000000000e+00
6.736979166666666290e-03,1.900000000000000105e-04,4.012500000000000441e-03,0.000000000000000000e+00
6.789496527777777110e-03,1.900000000000000105e-04,3.962083333333333082e-03,0.000000000000000000e+00
6.842013888888888798e-03,1.900000000000000105e-04,3.911666666666666591e-03,0.000000000000000000e+00
6.894531249999999618e-03,1.900000000000000105e-04,3.861250000000000099e-03,0.000000000000000000e+00
6.947048611111110439e-03,1.900000000000000105e-04,3.810833333333333607e-03,0.000000000000000000e+00
6.999565972222222127e-03,1.900000000000000105e-04,3.760416666666666682e-03,0.000000000000000000e+00
7.052083333333332947e-03,1.900000000000000105e-04,3.709999999999999756e-03,0.000000000000000000e+00
7.104600694444443768e-03,1.900000000000000105e-04,3.659583333333333265e-03,0.000000000000000000e+00
7.157118055555555455e-03,1.900000000000000105e-04,3.609166666666666773e-03,0.000000000000000000e+00
7.209635416666666276e-03,1.900000000000000105e-04,3.558750000000000281e-03,0.000000000000000000e+00
7.262152777777777096e-03,1.900000000000000105e-04,3.508333333333333356e-03,0.000000000000000000e+00
7.314670138888888784e-03,1.900000000000000105e-04,3.457916666666666430e-03,0.000000000000000000e+00
7.367187499999999604e-03,1.900000000000000105e-04,3.407499999999999939e-03,0.000000000000000000e+00
7.419704861111110425e-03,1.900000000000000105e-04,3.357083333333333447e-03,0.000000000000000000e+00
7.472222222222222113e-03,1.900000000000000105e-04,3.306666666666666955e-03,0.000000000000000000e+00
7.524739583333332933e-03,1.900000000000000105e-04,3.256250000000000030e-03,0.000000000000000000e+00
7.577256944444443754e-03,1.900000000000000105e-04,3.205833333333333104e-03,0.000000000000000000e+00
7.629774305555555441e-03,1.900000000000000105e-04,3.155416666666666613e-03,0.000000000000000000e+00
7.682291666666666262e-03,1.900000000000000105e-04,3.105000000000000121e-03,0.000000000000000000e+00
7.734809027777777082e-03,1.900000000000000105e-04,3.054583333333333629e-03,0.000000000000000000e+00
7.787326388888888770e-03,1.900000000000000105e-04,3.004166666666666704e-03,0.000000000000000000e+00
7.839843749999998723e-03,1.900000000000000105e-04,2.953750000000000212e-03,0.000000000000000000e+00
7.892361111111110411e-03,1.900000000000000105e-04,2.903333333333333287e-03,0.000000000000000000e+00
7.944878472222222099e-03,1.900000000000000105e-04,2.852916666666666795e-03,0.000000000000000000e+00
7.997395833333333787e-03,1.900000000000000105e-04,2.802500000000000303e-03,0.000000000000000000e+00
8.049913194444443740e-03,1.900000000000000105e-04,2.752083333333333378e-03,0.000000000000000000e+00
8.102430555555555428e-03,1.900000000000000105e-04,2.701666666666666886e-03,0.000000000000000000e+00
8.154947916666665381e-03,1.900000000000000105e-04,2.651249999999999961e-03,0.000000000000000000e+00
8.207465277777777068e-03,1.900000000000000105e-04,2.600833333333333469e-03,0.000000000000000000e+00
8.259982638888888756e-03,1.900000000000000105e-04,2.550416666666666977e-03,0.000000000000000000e+00
8.312500000000000444e-03,1.900000000000000105e-04,2.500000000000000052e-03,0.000000000000000000e+00
8.365017361111110397e-03,1.900000000000000105e-04,2.449583333333333560e-03,0.000000000000000000e+00
8.417534722222222085e-03,1.900000000000000105e-04,2.399166666666666635e-03,0.000000000000000000e+00
8.470052083333332038e-03,1.900000000000000105e-04,2.348750000000000143e-03,0.000000000000000000e+00
8.522569444444443726e-03,1.900000000000000105e-04,2.298333333333333652e-03,0.000000000000000000e+00
8.575086805555555414e-03,1.900000000000000105e-04,2.247916666666666726e-03,0.000000000000000000e+00
8.627604166666667102e-03,1.900000000000000105e-04,2.197500000000000234e-03,0.000000000000000000e+00
8.680121527777777055e-03,1.900000000000000105e-04,2.147083333333333743e-03,0.000000000000000000e+00
8.732638888888888742e-03,1.900000000000000105e-04,2.096666666666666817e-03,0.000000000000000000e+00
8.785156249999998695e-03,1.900000000000000105e-04,2.046250000000000326e-03,0.000000000000000000e+00
8.837673611111110383e-03,1.900000000000000105e-04,1.995833333333333400e-03,0.000000000000000000e+00
8.890190972222222071e-03,1.900000000000000105e-04,1.945416666666666908e-03,0.000000000000000000e+00
8.942708333333333759e-03,1.900000000000000105e-04,1.895000000000000417e-03,0.000000000000000000e+00
8.995225694444443712e-03,1.900000000000000105e-04,1.844583333333333491e-03,0.000000000000000000e+00
9.047743055555555400e-03,1.900000000000000105e-04,1.794166666666667000e-03,0.000000000000000000e+00
9.100260416666665353e-03,1.900000000000000105e-04,1.743750000000000074e-03,0.000000000000000000e+00
9.152777777777777041e-03,1.900000000000000105e-04,1.693333333333333583e-03,0.000000000000000000e+00
9.205295138888888729e-03,1.900000000000000105e-04,1.642916666666667091e-03,0.000000000000000000e+00
9.257812500000000416e-03,1.900000000000000105e-04,1.592500000000000165e-03,0.000000000000000000e+00
9.310329861111110369e-03,1.900000000000000105e-04,1.542083333333333674e-03,0.000000000000000000e+00
9.362847222222222057e-03,1.900000000000000105e-04,1.491666666666666748e-03,0.000000000000000000e+00
9.415364583333332010e-03,1.900000000000000105e-04,1.441250000000000257e-03,0.000000000000000000e+00
9.467881944444443698e-03,1.900000000000000105e-04,1.390833333333333765e-03,0.000000000000000000e+00
9.520399305555555386e-03,1.900000000000000105e-04,1.340416666666666839e-03,0.000000000000000000e+00
9.572916666666667074e-03,1.900000000000000105e-04,1.290000000000000348e-03,0.000000000000000000e+00
9.625434027777777027e-03,1.900000000000000105e-04,1.239583333333333422e-03,0.000000000000000000e+00
9.677951388888888715e-03,1.900000000000000105e-04,1.189166666666666931e-03,0.000000000000000000e+00
9.730468749999998668e-03,1.900000000000000105e-04,1.138750000000000439e-03,0.000000000000000000e+00
9.782986111111110356e-03,1.900000000000000105e-04,1.088333333333333514e-03,0.000000000000000000e+00
9.835503472222222043e-03,1.900000000000000105e-04,1.037916666666667022e-03,0.000000000000000000e+00
9.888020833333333731e-03,1.900000000000000105e-04,9.875000000000005301e-04,0.000000000000000000e+00
9.940538194444445419e-03,1.900000000000000105e-04,9.370833333333340384e-04,0.000000000000000000e+00
9.993055555555555372e-03,1.900000000000000105e-04,8.866666666666666793e-04,0.000000000000000000e+00
1.004557291666666533e-02,1.900000000000000105e-04,8.362500000000001876e-04,0.000000000000000000e+00
1.009809027777777701e-02,1.900000000000000105e-04,7.858333333333336959e-04,0.000000000000000000e+00
1.015060763888888870e-02,1.900000000000000105e-04,7.354166666666672042e-04,0.000000000000000000e+00
1.020312500000000039e-02,1.900000000000000105e-04,6.850000000000007125e-04,0.000000000000000000e+00
1.025564236111111208e-02,1.900000000000000105e-04,6.345833333333333534e-04,0.000000000000000000e+00
1.030815972222222203e-02,1.900000000000000105e-04,5.841666666666668617e-04,0.000000000000000000e+00
1.036067708333333198e-02,1.900000000000000105e-04,5.337500000000003700e-04,0.000000000000000000e+00
1.041319444444444367e-02,1.900000000000000105e-04,4.833333333333338783e-04,0.000000000000000000e+00
1.046571180555555536e-02,1.900000000000000105e-04,4.329166666666673866e-04,0.000000000000000000e+00
1.051822916666666705e-02,1.900000000000000105e-04,3.825000000000000275e-04,0.000000000000000000e+00
1.057074652777777873e-02,1.900000000000000105e-04,3.320833333333335358e-04,0.000000000000000000e+00
1.062326388888888869e-02,1.900000000000000105e-04,2.816666666666670440e-04,0.000000000000000000e+00
1.067578124999999864e-02,1.900000000000000105e-04,2.312500000000005523e-04,0.000000000000000000e+00
1.072829861111111033e-02,1.900000000000000105e-04,1.808333333333340606e-04,0.000000000000000000e+00
1.078081597222222202e-02,1.900000000000000105e-04,1.304166666666667015e-04,0.000000000000000000e+00
1.083333333333333370e-02,1.900000000000000105e-04,8.000000000000000654e-05,0.000000000000000000e+00
1.158333333333333437e-02,2.999999999999999737e-04,8.000000000000000654e-05,0.000000000000000000e+00
1.163585069444444606e-02,2.999999999999999737e-04,1.304166666666666744e-04,0.000000000000000000e+00
1.168836805555555601e-02,2.999999999999999737e-04,1.808333333333333288e-04,0.000000000000000000e+00
1.174088541666666770e-02,2.999999999999999737e-04,2.312500000000000102e-04,0.000000000000000000e+00
1.179340277777777939e-02,2.999999999999999737e-04,2.816666666666666646e-04,0.000000000000000000e+00
1.184592013888888934e-02,2.999999999999999737e-04,3.320833333333333189e-04,0.000000000000000000e+00
1.189843750000000103e-02,2.999999999999999737e-04,3.824999999999999733e-04,0.000000000000000000e+00
1.195095486111111271e-02,2.999999999999999737e-04,4.329166666666666276e-04,0.000000000000000000e+00
1.200347222222222267e-02,2.999999999999999737e-04,4.833333333333332820e-04,0.000000000000000000e+00
1.205598958333333436e-02,2.999999999999999737e-04,5.337499999999999363e-04,0.000000000000000000e+00
1.210850694444444604e-02,2.999999999999999737e-04,5.841666666666666449e-04,0.000000000000000000e+00
1.216102430555555600e-02,2.999999999999999737e-04,6.345833333333332450e-04,0.000000000000000000e+00
1.221354166666666768e-02,2.999999999999999737e-04,6.849999999999999535e-04,0.000000000000000000e+00
1.226605902777777937e-02,2.999999999999999737e-04,7.354166666666665537e-04,0.000000000000000000e+00
1.231857638888888933e-02,2.999999999999999737e-04,7.858333333333332622e-04,0.000000000000000000e+00
1.237109375000000101e-02,2.999999999999999737e-04,8.362499999999998624e-04,0.000000000000000000e+00
1.242361111111111270e-02,2.999999999999999737e-04,8.866666666666665709e-04,0.000000000000000000e+00
1.247612847222222265e-02,2.999999999999999737e-04,9.370833333333332795e-04,0.000000000000000000e+00
1.252864583333333434e-02,2.999999999999999737e-04,9.874999999999998796e-04,0.000000000000000000e+00
1.258116319444444603e-02,2.999999999999999737e-04,1.037916666666666588e-03,0.000000000000000000e+00
1.263368055555555598e-02,2.999999999999999737e-04,1.088333333333333297e-03,0.000000000000000000e+00
1.268619791666666767e-02,2.999999999999999737e-04,1.138749999999999788e-03,0.000000000000000000e+00
1.273871527777777936e-02,2.999999999999999737e-04,1.189166666666666497e-03,0.000000000000000000e+00
1.279123263888888931e-02,2.999999999999999737e-04,1.239583333333333206e-03,0.000000000000000000e+00
1.284375000000000100e-02,2.999999999999999737e-04,1.289999999999999914e-03,0.000000000000000000e+00
1.289626736111111269e-02,2.999999999999999737e-04,1.340416666666666623e-03,0.000000000000000000e+00
1.294878472222222264e-02,2.999999999999999737e-04,1.390833333333333114e-03,0.000000000000000000e+00
1.300130208333333433e-02,2.999999999999999737e-04,1.441249999999999823e-03,0.000000000000000000e+00
1.305381944444444602e-02,2.999999999999999737e-04,1.491666666666666531e-03,0.000000000000000000e+00
1.310633680555555597e-02,2.999999999999999737e-04,1.542083333333333240e-03,0.000000000000000000e+00
1.315885416666666766e-02,2.999999999999999737e-04,1.592499999999999732e-03,0.000000000000000000e+00
1.321137152777777934e-02,2.999999999999999737e-04,1.642916666666666440e-03,0.000000000000000000e+00
1.326388888888888930e-02,2.999999999999999737e-04,1.693333333333333149e-03,0.000000000000000000e+00
1.331640625000000099e-02,2.999999999999999737e-04,1.743749999999999857e-03,0.000000000000000000e+00
1.336892361111111267e-02,2.999999999999999737e-04,1.794166666666666566e-03,0.000000000000000000e+00
1.342144097222222263e-02,2.999999999999999737e-04,1.844583333333333058e-03,0.000000000000000000e+00
1.347395833333333431e-02,2.999999999999999737e-04,1.894999999999999766e-03,0.000000000000000000e+00
1.352647569444444600e-02,2.999999999999999737e-04,1.945416666666666475e-03,0.000000000000000000e+00
1.357899305555555769e-02,2.999999999999999737e-04,1.995833333333333400e-03,0.000000000000000000e+00
1.363151041666666764e-02,2.999999999999999737e-04,2.046249999999999892e-03,0.000000000000000000e+00
1.368402777777777933e-02,2.999999999999999737e-04,2.096666666666666817e-03,0.000000000000000000e+00
1.373654513888888928e-02,2.999999999999999737e-04,2.147083333333333309e-03,0.000000000000000000e+00
1.378906250000000097e-02,2.999999999999999737e-04,2.197499999999999801e-03,0.000000000000000000e+00
1.384157986111111266e-02,2.999999999999999737e-04,2.247916666666666726e-03,0.000000000000000000e+00
1.389409722222222435e-02,2.999999999999999737e-04,2.298333333333333218e-03,0.000000000000000000e+00
1.394661458333333430e-02,2.999999999999999737e-04,2.348750000000000143e-03,0.000000000000000000e+00
1.399913194444444599e-02,2.999999999999999737e-04,2.399166666666666635e-03,0.000000000000000000e+00
1.405164930555555594e-02,2.999999999999999737e-04,2.449583333333333127e-03,0.000000000000000000e+00
1.410416666666666763e-02,2.999999999999999737e-04,2.500000000000000052e-03,0.000000000000000000e+00
1.415668402777777932e-02,2.999999999999999737e-04,2.550416666666666544e-03,0.000000000000000000e+00
1.420920138888889100e-02,2.999999999999999737e-04,2.600833333333333469e-03,0.000000000000000000e+00
1.426171875000000096e-02,2.999999999999999737e-04,2.651249999999999961e-03,0.000000000000000000e+00
1.431423611111111265e-02,2.999999999999999737e-04,2.701666666666666453e-03,0.000000000000000000e+00
1.436675347222222260e-02,2.999999999999999737e-04,2.752083333333333378e-03,0.000000000000000000e+00
1.441927083333333429e-02,2.999999999999999737e-04,2.802499999999999870e-03,0.000000000000000000e+00
1.447178819444444597e-02,2.999999999999999737e-04,2.852916666666666361e-03,0.000000000000000000e+00
1.452430555555555766e-02,2.999999999999999737e-04,2.903333333333333287e-03,0.000000000000000000e+00
1.457682291666666761e-02,2.999999999999999737e-04,2.953749999999999779e-03,0.000000000000000000e+00
1.462934027777777930e-02,2.999999999999999737e-04,3.004166666666666704e-03,0.000000000000000000e+00
1.468185763888888926e-02,2.999999999999999737e-04,3.054583333333333196e-03,0.000000000000000000e+00
1.473437500000000094e-02,2.999999999999999737e-04,3.104999999999999687e-03,0.000000000000000000e+00
1.478689236111111263e-02,2.999999999999999737e-04,3.155416666666666613e-03,0.000000000000000000e+00
1.483940972222222432e-02,2.999999999999999737e-04,3.205833333333333104e-03,0.000000000000000000e+00
1.489192708333333427e-02,2.999999999999999737e-04,3.256250000000000030e-03,0.000000000000000000e+00
1.494444444444444596e-02,2.999999999999999737e-04,3.306666666666666522e-03,0.000000000000000000e+00
1.499696180555555591e-02,2.999999999999999737e-04,3.357083333333333013e-03,0.000000000000000000e+00
1.504947916666666760e-02,2.999999999999999737e-04,3.407499999999999939e-03,0.000000000000000000e+00
1.510199652777777929e-02,2.999999999999999737e-04,3.457916666666666430e-03,0.000000000000000000e+00
1.515451388888889098e-02,2.999999999999999737e-04,3.508333333333333356e-03,0.000000000000000000e+00
1.520703125000000093e-02,2.999999999999999737e-04,3.558749999999999847e-03,0.000000000000000000e+00
1.525954861111111262e-02,2.999999999999999737e-04,3.609166666666666339e-03,0.000000000000000000e+00
1.531206597222222257e-02,2.999999999999999737e-04,3.659583333333333265e-03,0.000000000000000000e+00
1.536458333333333426e-02,2.999999999999999737e-04,3.709999999999999756e-03,0.000000000000000000e+00
1.541710069444444595e-02,2.999999999999999737e-04,3.760416666666666682e-03,0.000000000000000000e+00
1.546961805555555763e-02,2.999999999999999737e-04,3.810833333333333173e-03,0.000000000000000000e+00
1.552213541666666759e-02,2.999999999999999737e-04,3.861249999999999665e-03,0.000000000000000000e+00
1.557465277777777928e-02,2.999999999999999737e-04,3.911666666666666591e-03,0.000000000000000000e+00
1.562717013888888923e-02,2.999999999999999737e-04,3.962083333333333082e-03,0.000000000000000000e+00
1.567968750000000092e-02,2.999999999999999737e-04,4.012499999999999574e-03,0.000000000000000000e+00
1.573220486111111260e-02,2.999999999999999737e-04,4.062916666666666066e-03,0.000000000000000000e+00
1.578472222222222429e-02,2.999999999999999737e-04,4.113333333333333425e-03,0.000000000000000000e+00
1.583723958333333598e-02,2.999999999999999737e-04,4.163749999999999916e-03,0.000000000000000000e+00
1.588975694444444420e-02,2.999999999999999737e-04,4.214166666666666408e-03,0.000000000000000000e+00
1.594227430555555589e-02,2.999999999999999737e-04,4.264583333333332900e-03,0.000000000000000000e+00
1.599479166666666757e-02,2.999999999999999737e-04,4.314999999999999392e-03,0.000000000000000000e+00
1.604730902777777926e-02,2.999999999999999737e-04,4.365416666666666751e-03,0.000000000000000000e+00
1.609982638888889095e-02,2.999999999999999737e-04,4.415833333333333242e-03,0.000000000000000000e+00
1.615234374999999917e-02,2.999999999999999737e-04,4.466249999999999734e-03,0.000000000000000000e+00
1.620486111111111432e-02,2.999999999999999737e-04,4.516666666666666226e-03,0.000000000000000000e+00
1.625737847222222254e-02,2.999999999999999737e-04,4.567083333333332718e-03,0.000000000000000000e+00
1.630989583333333423e-02,2.999999999999999737e-04,4.617500000000000077e-03,0.000000000000000000e+00
1.636241319444444592e-02,2.999999999999999737e-04,4.667916666666666568e-03,0.000000000000000000e+00
1.641493055555555761e-02,2.999999999999999737e-04,4.718333333333333060e-03,0.000000000000000000e+00
1.646744791666666929e-02,2.999999999999999737e-04,4.768749999999999552e-03,0.000000000000000000e+00
1.651996527777777751e-02,2.999999999999999737e-04,4.819166666666666043e-03,0.000000000000000000e+00
1.657248263888888920e-02,2.999999999999999737e-04,4.869583333333333403e-03,0.000000000000000000e+00
1.662500000000000089e-02,2.999999999999999737e-04,4.919999999999999894e-03,0.000000000000000000e+00
1.737500000000000155e-02,4.099999999999999912e-04,4.919999999999999894e-03,0.000000000000000000e+00
1.742751736111111324e-02,4.099999999999999912e-04,4.869583333333333403e-03,0.000000000000000000e+00
1.748003472222222493e-02,4.099999999999999912e-04,4.819166666666666911e-03,0.000000000000000000e+00
1.753255208333333315e-02,4.099999999999999912e-04,4.768749999999999552e-03,0.000000000000000000e+00
1.758506944444444484e-02,4.099999999999999912e-04,4.718333333333333060e-03,0.000000000000000000e+00
1.763758680555555652e-02,4.099999999999999912e-04,4.667916666666666568e-03,0.000000000000000000e+00
1.769010416666666821e-02,4.099999999999999912e-04,4.617500000000000077e-03,0.000000000000000000e+00
1.774262152777777990e-02,4.099999999999999912e-04,4.567083333333333585e-03,0.000000000000000000e+00
1.779513888888889159e-02,4.099999999999999912e-04,4.516666666666666226e-03,0.000000000000000000e+00
1.784765625000000328e-02,4.099999999999999912e-04,4.466249999999999734e-03,0.000000000000000000e+00
1.790017361111111149e-02,4.099999999999999912e-04,4.415833333333333242e-03,0.000000000000000000e+00
1.795269097222222318e-02,4.099999999999999912e-04,4.365416666666666751e-03,0.000000000000000000e+00
1.800520833333333487e-02,4.099999999999999912e-04,4.315000000000000259e-03,0.000000000000000000e+00
1.805772569444444656e-02,4.099999999999999912e-04,4.264583333333333767e-03,0.000000000000000000e+00
1.811024305555555824e-02,4.099999999999999912e-04,4.214166666666666408e-03,0.000000000000000000e+00
1.816276041666666646e-02,4.099999999999999912e-04,4.163749999999999916e-03,0.000000000000000000e+00
1.821527777777777815e-02,4.099999999999999912e-04,4.113333333333333425e-03,0.000000000000000000e+00
1.826779513888888984e-02,4.099999999999999912e-04,4.062916666666666933e-03,0.000000000000000000e+00
1.832031250000000153e-02,4.099999999999999912e-04,4.012500000000000441e-03,0.000000000000000000e+00
1.837282986111111321e-02,4.099999999999999912e-04,3.962083333333333082e-03,0.000000000000000000e+00
1.842534722222222490e-02,4.099999999999999912e-04,3.911666666666666591e-03,0.000000000000000000e+00
1.847786458333333659e-02,4.099999999999999912e-04,3.861250000000000099e-03,0.000000000000000000e+00
1.853038194444444481e-02,4.099999999999999912e-04,3.810833333333333607e-03,0.000000000000000000e+00
1.858289930555555650e-02,4.099999999999999912e-04,3.760416666666666682e-03,0.000000000000000000e+00
1.863541666666666818e-02,4.099999999999999912e-04,3.709999999999999756e-03,0.000000000000000000e+00
1.868793402777777987e-02,4.099999999999999912e-04,3.659583333333333265e-03,0.000000000000000000e+00
1.874045138888889156e-02,4.099999999999999912e-04,3.609166666666666773e-03,0.000000000000000000e+00
1.879296874999999978e-02,4.099999999999999912e-04,3.558750000000000281e-03,0.000000000000000000e+00
1.884548611111111147e-02,4.099999999999999912e-04,3.508333333333333356e-03,0.000000000000000000e+00
1.889800347222222315e-02,4.099999999999999912e-04,3.457916666666666430e-03,0.000000000000000000e+00
1.895052083333333484e-02,4.099999999999999912e-04,3.407499999999999939e-03,0.000000000000000000e+00
1.900303819444444653e-02,4.099999999999999912e-04,3.357083333333333447e-03,0.000000000000000000e+00
1.905555555555555822e-02,4.099999999999999912e-04,3.306666666666666955e-03,0.000000000000000000e+00
1.910807291666666990e-02,4.099999999999999912e-04,3.256250000000000030e-03,0.000000000000000000e+00
1.916059027777777812e-02,4.099999999999999912e-04,3.205833333333333104e-03,0.000000000000000000e+00
1.921310763888888981e-02,4.099999999999999912e-04,3.155416666666666613e-03,0.000000000000000000e+00
1.926562500000000150e-02,4.099999999999999912e-04,3.105000000000000121e-03,0.000000000000000000e+00
1.931814236111111319e-02,4.099999999999999912e-04,3.054583333333333629e-03,0.000000000000000000e+00
1.937065972222222487e-02,4.099999999999999912e-04,3.004166666666666704e-03,0.000000000000000000e+00
1.942317708333333309e-02,4.099999999999999912e-04,2.953750000000000212e-03,0.000000000000000000e+00
1.947569444444444478e-02,4.099999999999999912e-04,2.903333333333333287e-03,0.000000000000000000e+00
1.952821180555555647e-02,4.099999999999999912e-04,2.852916666666666795e-03,0.000000000000000000e+00
1.958072916666666816e-02,4.099999999999999912e-04,2.802500000000000303e-03,0.000000000000000000e+00
1.963324652777777984e-02,4.099999999999999912e-04,2.752083333333333378e-03,0.000000000000000000e+00
1.968576388888889153e-02,4.099999999999999912e-04,2.701666666666666886e-03,0.000000000000000000e+00
1.973828125000000322e-02,4.099999999999999912e-04,2.651249999999999961e-03,0.000000000000000000e+00
1.979079861111111144e-02,4.099999999999999912e-04,2.600833333333333469e-03,0.000000000000000000e+00
1.984331597222222313e-02,4.099999999999999912e-04,2.550416666666666977e-03,0.000000000000000000e+00
1.989583333333333481e-02,4.099999999999999912e-04,2.500000000000000052e-03,0.000000000000000000e+00
1.994835069444444650e-02,4.099999999999999912e-04,2.449583333333333560e-03,0.000000000000000000e+00
2.000086805555555819e-02,4.099999999999999912e-04,2.399166666666666635e-03,0.000000000000000000e+00
2.005338541666666641e-02,4.099999999999999912e-04,2.348750000000000143e-03,0.000000000000000000e+00
2.010590277777777810e-02,4.099999999999999912e-04,2.298333333333333652e-03,0.000000000000000000e+00
2.015842013888888978e-02,4.099999999999999912e-04,2.247916666666666726e-03,0.000000000000000000e+00
2.021093750000000147e-02,4.099999999999999912e-04,2.197500000000000234e-03,0.000000000000000000e+00
2.026345486111111316e-02,4.099999999999999912e-04,2.147083333333333743e-03,0.000000000000000000e+00
2.031597222222222485e-02,4.099999999999999912e-04,2.096666666666666817e-03,0.000000000000000000e+00
2.036848958333333653e-02,4.099999999999999912e-04,2.046250000000000326e-03,0.000000000000000000e+00
2.042100694444444475e-02,4.099999999999999912e-04,1.995833333333333400e-03,0.000000000000000000e+00
2.047352430555555644e-02,4.099999999999999912e-04,1.945416666666666908e-03,0.000000000000000000e+00
2.052604166666666813e-02,4.099999999999999912e-04,1.895000000000000417e-03,0.000000000000000000e+00
2.057855902777777982e-02,4.099999999999999912e-04,1.844583333333333491e-03,0.000000000000000000e+00
2.063107638888889150e-02,4.099999999999999912e-04,1.794166666666667000e-03,0.000000000000000000e+00
2.068359374999999972e-02,4.099999999999999912e-04,1.743750000000000074e-03,0.000000000000000000e+00
2.073611111111111141e-02,4.099999999999999912e-04,1.693333333333333583e-03,0.000000000000000000e+00
2.078862847222222310e-02,4.099999999999999912e-04,1.642916666666667091e-03,0.000000000000000000e+00
2.084114583333333479e-02,4.099999999999999912e-04,1.592500000000000165e-03,0.000000000000000000e+00
2.089366319444444647e-02,4.099999999999999912e-04,1.542083333333333674e-03,0.000000000000000000e+00
2.094618055555555816e-02,4.099999999999999912e-04,1.491666666666666748e-03,0.000000000000000000e+00
2.099869791666666985e-02,4.099999999999999912e-04,1.441250000000000257e-03,0.000000000000000000e+00
2.105121527777777807e-02,4.099999999999999912e-04,1.390833333333333765e-03,0.000000000000000000e+00
2.110373263888888976e-02,4.099999999999999912e-04,1.340416666666666839e-03,0.000000000000000000e+00
2.115625000000000144e-02,4.099999999999999912e-04,1.290000000000000348e-03,0.000000000000000000e+00
2.120876736111111313e-02,4.099999999999999912e-04,1.239583333333333422e-03,0.000000000000000000e+00
2.126128472222222482e-02,4.099999999999999912e-04,1.189166666666666931e-03,0.000000000000000000e+00
2.131380208333333304e-02,4.099999999999999912e-04,1.138750000000000439e-03,0.000000000000000000e+00
2.136631944444444819e-02,4.099999999999999912e-04,1.088333333333333514e-03,0.000000000000000000e+00
2.141883680555555641e-02,4.099999999999999912e-04,1.037916666666667022e-03,0.000000000000000000e+00
2.147135416666666810e-02,4.099999999999999912e-04,9.875000000000005301e-04,0.000000000000000000e+00
2.152387152777777979e-02,4.099999999999999912e-04,9.370833333333340384e-04,0.000000000000000000e+00
2.157638888888889148e-02,4.099999999999999912e-04,8.866666666666666793e-04,0.000000000000000000e+00
2.162890625000000316e-02,4.099999999999999912e-04,8.362500000000001876e-04,0.000000000000000000e+00
2.168142361111111138e-02,4.099999999999999912e-04,7.858333333333336959e-04,0.000000000000000000e+00
2.173394097222222307e-02,4.099999999999999912e-04,7.354166666666672042e-04,0.000000000000000000e+00
2.178645833333333476e-02,4.099999999999999912e-04,6.850000000000007125e-04,0.000000000000000000e+00
2.183897569444444645e-02,4.099999999999999912e-04,6.345833333333333534e-04,0.000000000000000000e+00
2.189149305555555813e-02,4.099999999999999912e-04,5.841666666666668617e-04,0.000000000000000000e+00
2.194401041666666635e-02,4.099999999999999912e-04,5.337500000000003700e-04,0.000000000000000000e+00
2.199652777777778151e-02,4.099999999999999912e-04,4.833333333333338783e-04,0.000000000000000000e+00
2.204904513888888973e-02,4.099999999999999912e-04,4.329166666666673866e-04,0.000000000000000000e+00
2.210156250000000142e-02,4.099999999999999912e-04,3.825000000000000275e-04,0.000000000000000000e+00
2.215407986111111310e-02,4.099999999999999912e-04,3.320833333333335358e-04,0.000000000000000000e+00
2.220659722222222479e-02,4.099999999999999912e-04,2.816666666666670440e-04,0.000000000000000000e+00
2.225911458333333648e-02,4.099999999999999912e-04,2.312500000000005523e-04,0.000000000000000000e+00
2.231163194444444470e-02,4.099999999999999912e-04,1.808333333333340606e-04,0.000000000000000000e+00
2.236414930555555639e-02,4.099999999999999912e-04,1.304166666666667015e-04,0.000000000000000000e+00
2.241666666666666807e-02,4.099999999999999912e-04,8.000000000000000654e-05,0.000000000000000000e+00
2.316666666666666874e-02,5.199999999999999544e-04,8.000000000000000654e-05,0.000000000000000000e+00
2.321918402777778043e-02,5.199999999999999544e-04,1.304166666666666744e-04,0.000000000000000000e+00
2.327170138888889211e-02,5.199999999999999544e-04,1.808333333333333288e-04,0.000000000000000000e+00
2.332421875000000033e-02,5.199999999999999544e-04,2.312500000000000102e-04,0.000000000000000000e+00
2.337673611111111202e-02,5.199999999999999544e-04,2.816666666666666646e-04,0.000000000000000000e+00
2.342925347222222371e-02,5.199999999999999544e-04,3.320833333333333189e-04,0.000000000000000000e+00
2.348177083333333540e-02,5.199999999999999544e-04,3.824999999999999733e-04,0.000000000000000000e+00
2.353428819444444708e-02,5.199999999999999544e-04,4.329166666666666276e-04,0.000000000000000000e+00
2.358680555555555877e-02,5.199999999999999544e-04,4.833333333333332820e-04,0.000000000000000000e+00
2.363932291666667046e-02,5.199999999999999544e-04,5.337499999999999363e-04,0.000000000000000000e+00
2.369184027777777868e-02,5.199999999999999544e-04,5.841666666666666449e-04,0.000000000000000000e+00
2.374435763888889037e-02,5.199999999999999544e-04,6.345833333333332450e-04,0.000000000000000000e+00
2.379687500000000205e-02,5.199999999999999544e-04,6.849999999999999535e-04,0.000000000000000000e+00
2.384939236111111374e-02,5.199999999999999544e-04,7.354166666666665537e-04,0.000000000000000000e+00
2.390190972222222543e-02,5.199999999999999544e-04,7.858333333333332622e-04,0.000000000000000000e+00
2.395442708333333365e-02,5.199999999999999544e-04,8.362499999999998624e-04,0.000000000000000000e+00
2.400694444444444534e-02,5.199999999999999544e-04,8.866666666666665709e-04,0.000000000000000000e+00
2.405946180555555702e-02,5.199999999999999544e-04,9.370833333333332795e-04,0.000000000000000000e+00
2.411197916666666871e-02,5.199999999999999544e-04,9.874999999999998796e-04,0.000000000000000000e+00
2.416449652777778040e-02,5.199999999999999544e-04,1.037916666666666588e-03,0.000000000000000000e+00
2.421701388888889209e-02,5.199999999999999544e-04,1.088333333333333297e-03,0.000000000000000000e+00
2.426953125000000377e-02,5.199999999999999544e-04,1.138749999999999788e-03,0.000000000000000000e+00
2.432204861111111199e-02,5.199999999999999544e-04,1.189166666666666497e-03,0.000000000000000000e+00
2.437456597222222368e-02,5.199999999999999544e-04,1.239583333333333206e-03,0.000000000000000000e+00
2.442708333333333537e-02,5.199999999999999544e-04,1.289999999999999914e-03,0.000000000000000000e+00
2.447960069444444706e-02,5.199999999999999544e-04,1.340416666666666623e-03,0.000000000000000000e+00
2.453211805555555874e-02,5.199999999999999544e-04,1.390833333333333114e-03,0.000000000000000000e+00
2.458463541666666696e-02,5.199999999999999544e-04,1.441249999999999823e-03,0.000000000000000000e+00
2.463715277777777865e-02,5.199999999999999544e-04,1.491666666666666531e-03,0.000000000000000000e+00
2.468967013888889034e-02,5.199999999999999544e-04,1.542083333333333240e-03,0.000000000000000000e+00
2.474218750000000203e-02,5.199999999999999544e-04,1.592499999999999732e-03,0.000000000000000000e+00
2.479470486111111371e-02,5.199999999999999544e-04,1.642916666666666440e-03,0.000000000000000000e+00
2.484722222222222540e-02,5.199999999999999544e-04,1.693333333333333149e-03,0.000000000000000000e+00
2.489973958333333709e-02,5.199999999999999544e-04,1.743749999999999857e-03,0.000000000000000000e+00
2.495225694444444531e-02,5.199999999999999544e-04,1.794166666666666566e-03,0.000000000000000000e+00
2.500477430555555700e-02,5.199999999999999544e-04,1.844583333333333058e-03,0.000000000000000000e+00
2.505729166666666868e-02,5.199999999999999544e-04,1.894999999999999766e-03,0.000000000000000000e+00
2.510980902777778037e-02,5.199999999999999544e-04,1.945416666666666475e-03,0.000000000000000000e+00
2.516232638888889206e-02,5.199999999999999544e-04,1.995833333333333400e-03,0.000000000000000000e+00
2.521484375000000028e-02,5.199999999999999544e-04,2.046249999999999892e-03,0.000000000000000000e+00
2.526736111111111197e-02,5.199999999999999544e-04,2.096666666666666817e-03,0.000000000000000000e+00
2.531987847222222365e-02,5.199999999999999544e-04,2.147083333333333309e-03,0.000000000000000000e+00
2.537239583333333534e-02,5.199999999999999544e-04,2.197499999999999801e-03,0.000000000000000000e+00
2.542491319444444703e-02,5.199999999999999544e-04,2.247916666666666726e-03,0.000000000000000000e+00
2.547743055555555872e-02,5.199999999999999544e-04,2.298333333333333218e-03,0.000000000000000000e+00
2.552994791666667040e-02,5.199999999999999544e-04,2.348750000000000143e-03,0.000000000000000000e+00
2.558246527777777862e-02,5.199999999999999544e-04,2.399166666666666635e-03,0.000000000000000000e+00
2.563498263888889031e-02,5.199999999999999544e-04,2.449583333333333127e-03,0.000000000000000000e+00
2.568750000000000200e-02,5.199999999999999544e-04,2.500000000000000052e-03,0.000000000000000000e+00
2.574001736111111369e-02,5.199999999999999544e-04,2.550416666666666544e-03,0.000000000000000000e+00
2.579253472222222537e-02,5.199999999999999544e-04,2.600833333333333469e-03,0.000000000000000000e+00
2.584505208333333359e-02,5.199999999999999544e-04,2.651249999999999961e-03,0.000000000000000000e+00
2.589756944444444528e-02,5.199999999999999544e-04,2.701666666666666453e-03,0.000000000000000000e+00
2.595008680555555697e-02,5.199999999999999544e-04,2.752083333333333378e-03,0.000000000000000000e+00
2.600260416666666866e-02,5.199999999999999544e-04,2.802499999999999870e-03,0.000000000000000000e+00
2.605512152777778034e-02,5.199999999999999544e-04,2.852916666666666361e-03,0.000000000000000000e+00
2.610763888888889203e-02,5.199999999999999544e-04,2.903333333333333287e-03,0.000000000000000000e+00
2.616015625000000372e-02,5.199999999999999544e-04,2.953749999999999779e-03,0.000000000000000000e+00
2.621267361111111194e-02,5.199999999999999544e-04,3.004166666666666704e-03,0.000000000000000000e+00
2.626519097222222363e-02,5.199999999999999544e-04,3.054583333333333196e-03,0.000000000000000000e+00
2.631770833333333531e-02,5.199999999999999544e-04,3.104999999999999687e-03,0.000000000000000000e+00
2.637022569444444700e-02,5.199999999999999544e-04,3.155416666666666613e-03,0.000000000000000000e+00
2.642274305555555869e-02,5.199999999999999544e-04,3.205833333333333104e-03,0.000000000000000000e+00
2.647526041666666691e-02,5.199999999999999544e-04,3.256250000000000030e-03,0.000000000000000000e+00
2.652777777777777860e-02,5.199999999999999544e-04,3.306666666666666522e-03,0.000000000000000000e+00
2.658029513888889028e-02,5.199999999999999544e-04,3.357083333333333013e-03,0.000000000000000000e+00
2.663281250000000197e-02,5.199999999999999544e-04,3.407499999999999939e-03,0.000000000000000000e+00
2.668532986111111366e-02,5.199999999999999544e-04,3.457916666666666430e-03,0.000000000000000000e+00
2.673784722222222535e-02,5.199999999999999544e-04,3.508333333333333356e-03,0.000000000000000000e+00
2.679036458333333703e-02,5.199999999999999544e-04,3.558749999999999847e-03,0.000000000000000000e+00
2.684288194444444525e-02,5.199999999999999544e-04,3.609166666666666339e-03,0.000000000000000000e+00
2.689539930555555694e-02,5.199999999999999544e-04,3.659583333333333265e-03,0.000000000000000000e+00
2.694791666666666863e-02,5.199999999999999544e-04,3.709999999999999756e-03,0.000000000000000000e+00
2.700043402777778032e-02,5.199999999999999544e-04,3.760416666666666682e-03,0.000000000000000000e+00
2.705295138888889200e-02,5.199999999999999544e-04,3.810833333333333173e-03,0.000000000000000000e+00
2.710546875000000022e-02,5.199999999999999544e-04,3.861249999999999665e-03,0.000000000000000000e+00
2.715798611111111538e-02,5.199999999999999544e-04,3.911666666666666591e-03,0.000000000000000000e+00
2.721050347222222360e-02,5.199999999999999544e-04,3.962083333333333082e-03,0.000000000000000000e+00
2.726302083333333529e-02,5.199999999999999544e-04,4.012499999999999574e-03,0.000000000000000000e+00
2.731553819444444697e-02,5.199999999999999544e-04,4.062916666666666066e-03,0.000000000000000000e+00
2.736805555555555866e-02,5.199999999999999544e-04,4.113333333333333425e-03,0.000000000000000000e+00
2.742057291666667035e-02,5.199999999999999544e-04,4.163749999999999916e-03,0.000000000000000000e+00
2.747309027777777857e-02,5.199999999999999544e-04,4.214166666666666408e-03,0.000000000000000000e+00
2.752560763888889026e-02,5.199999999999999544e-04,4.264583333333332900e-03,0.000000000000000000e+00
2.757812500000000194e-02,5.199999999999999544e-04,4.314999999999999392e-03,0.000000000000000000e+00
2.763064236111111363e-02,5.199999999999999544e-04,4.365416666666666751e-03,0.000000000000000000e+00
2.768315972222222532e-02,5.199999999999999544e-04,4.415833333333333242e-03,0.000000000000000000e+00
2.773567708333333354e-02,5.199999999999999544e-04,4.466249999999999734e-03,0.000000000000000000e+00
2.778819444444444869e-02,5.199999999999999544e-04,4.516666666666666226e-03,0.000000000000000000e+00
2.784071180555555691e-02,5.199999999999999544e-04,4.567083333333332718e-03,0.000000000000000000e+00
2.789322916666666860e-02,5.199999999999999544e-04,4.617500000000000077e-03,0.000000000000000000e+00
2.794574652777778029e-02,5.199999999999999544e-04,4.667916666666666568e-03,0.000000000000000000e+00
2.799826388888889198e-02,5.199999999999999544e-04,4.718333333333333060e-03,0.000000000000000000e+00
2.805078125000000366e-02,5.199999999999999544e-04,4.768749999999999552e-03,0.000000000000000000e+00
2.810329861111111188e-02,5.199999999999999544e-04,4.819166666666666043e-03,0.000000000000000000e+00
2.815581597222222357e-02,5.199999999999999544e-04,4.869583333333333403e-03,0.000000000000000000e+00
2.820833333333333526e-02,5.199999999999999544e-04,4.919999999999999894e-03,0.000000000000000000e+00
2.895833333333333592e-02,6.299999999999999177e-04,4.919999999999999894e-03,0.000000000000000000e+00
2.901085069444444761e-02,6.299999999999999177e-04,4.869583333333333403e-03,0.000000000000000000e+00
2.906336805555555930e-02,6.299999999999999177e-04,4.819166666666666911e-03,0.000000000000000000e+00
2.911588541666666752e-02,6.299999999999999177e-04,4.768749999999999552e-03,0.000000000000000000e+00
2.916840277777777921e-02,6.299999999999999177e-04,4.718333333333333060e-03,0.000000000000000000e+00
2.922092013888889089e-02,6.299999999999999177e-04,4.667916666666666568e-03,0.000000000000000000e+00
2.927343750000000258e-02,6.299999999999999177e-04,4.617500000000000077e-03,0.000000000000000000e+00
2.932595486111111427e-02,6.299999999999999177e-04,4.567083333333333585e-03,0.000000000000000000e+00
2.937847222222222596e-02,6.299999999999999177e-04,4.516666666666666226e-03,0.000000000000000000e+00
2.943098958333333764e-02,6.299999999999999177e-04,4.466249999999999734e-03,0.000000000000000000e+00
2.948350694444444586e-02,6.299999999999999177e-04,4.415833333333333242e-03,0.000000000000000000e+00
2.953602430555555755e-02,6.299999999999999177e-04,4.365416666666666751e-03,0.000000000000000000e+00
2.958854166666666924e-02,6.299999999999999177e-04,4.315000000000000259e-03,0.000000000000000000e+00
2.964105902777778093e-02,6.299999999999999177e-04,4.264583333333333767e-03,0.000000000000000000e+00
2.969357638888889261e-02,6.299999999999999177e-04,4.214166666666666408e-03,0.000000000000000000e+00
2.974609375000000083e-02,6.299999999999999177e-04,4.163749999999999916e-03,0.000000000000000000e+00
2.979861111111111252e-02,6.299999999999999177e-04,4.113333333333333425e-03,0.000000000000000000e+00
2.985112847222222421e-02,6.299999999999999177e-04,4.062916666666666933e-03,0.000000000000000000e+00
2.990364583333333590e-02,6.299999999999999177e-04,4.012500000000000441e-03,0.000000000000000000e+00
2.995616319444444758e-02,6.299999999999999177e-04,3.962083333333333082e-03,0.000000000000000000e+00
3.000868055555555927e-02,6.299999999999999177e-04,3.911666666666666591e-03,0.000000000000000000e+00
3.006119791666667096e-02,6.299999999999999177e-04,3.861250000000000099e-03,0.000000000000000000e+00
3.011371527777777918e-02,6.299999999999999177e-04,3.810833333333333607e-03,0.000000000000000000e+00
3.016623263888889087e-02,6.299999999999999177e-04,3.760416666666666682e-03,0.000000000000000000e+00
3.021875000000000255e-02,6.299999999999999177e-04,3.709999999999999756e-03,0.000000000000000000e+00
3.027126736111111424e-02,6.299999999999999177e-04,3.659583333333333265e-03,0.000000000000000000e+00
3.032378472222222593e-02,6.299999999999999177e-04,3.609166666666666773e-03,0.000000000000000000e+00
3.037630208333333415e-02,6.299999999999999177e-04,3.558750000000000281e-03,0.000000000000000000e+00
3.042881944444444584e-02,6.299999999999999177e-04,3.508333333333333356e-03,0.000000000000000000e+00
3.048133680555555752e-02,6.299999999999999177e-04,3.457916666666666430e-03,0.000000000000000000e+00
3.053385416666666921e-02,6.299999999999999177e-04,3.407499999999999939e-03,0.000000000000000000e+00
3.058637152777778090e-02,6.299999999999999177e-04,3.357083333333333447e-03,0.000000000000000000e+00
3.063888888888889259e-02,6.299999999999999177e-04,3.306666666666666955e-03,0.000000000000000000e+00
3.069140625000000427e-02,6.299999999999999177e-04,3.256250000000000030e-03,0.000000000000000000e+00
3.074392361111111249e-02,6.299999999999999177e-04,3.205833333333333104e-03,0.000000000000000000e+00
3.079644097222222418e-02,6.299999999999999177e-04,3.155416666666666613e-03,0.000000000000000000e+00
3.084895833333333587e-02,6.299999999999999177e-04,3.105000000000000121e-03,0.000000000000000000e+00
3.090147569444444756e-02,6.299999999999999177e-04,3.054583333333333629e-03,0.000000000000000000e+00
3.095399305555555924e-02,6.299999999999999177e-04,3.004166666666666704e-03,0.000000000000000000e+00
3.100651041666666746e-02,6.299999999999999177e-04,2.953750000000000212e-03,0.000000000000000000e+00
3.105902777777777915e-02,6.299999999999999177e-04,2.903333333333333287e-03,0.000000000000000000e+00
3.111154513888889084e-02,6.299999999999999177e-04,2.852916666666666795e-03,0.000000000000000000e+00
3.116406250000000253e-02,6.299999999999999177e-04,2.802500000000000303e-03,0.000000000000000000e+00
3.121657986111111421e-02,6.299999999999999177e-04,2.752083333333333378e-03,0.000000000000000000e+00
3.126909722222222243e-02,6.299999999999999177e-04,2.701666666666666886e-03,0.000000000000000000e+00
3.132161458333333759e-02,6.299999999999999177e-04,2.651249999999999961e-03,0.000000000000000000e+00
3.137413194444444581e-02,6.299999999999999177e-04,2.600833333333333469e-03,0.000000000000000000e+00
3.142664930555556096e-02,6.299999999999999177e-04,2.550416666666666977e-03,0.000000000000000000e+00
3.147916666666666918e-02,6.299999999999999177e-04,2.500000000000000052e-03,0.000000000000000000e+00
3.153168402777777740e-02,6.299999999999999177e-04,2.449583333333333560e-03,0.000000000000000000e+00
3.158420138888889256e-02,6.299999999999999177e-04,2.399166666666666635e-03,0.000000000000000000e+00
3.163671875000000078e-02,6.299999999999999177e-04,2.348750000000000143e-03,0.000000000000000000e+00
3.168923611111111593e-02,6.299999999999999177e-04,2.298333333333333652e-03,0.000000000000000000e+00
3.174175347222222415e-02,6.299999999999999177e-04,2.247916666666666726e-03,0.000000000000000000e+00
3.179427083333333237e-02,6.299999999999999177e-04,2.197500000000000234e-03,0.000000000000000000e+00
3.184678819444444753e-02,6.299999999999999177e-04,2.147083333333333743e-03,0.000000000000000000e+00
3.189930555555555575e-02,6.299999999999999177e-04,2.096666666666666817e-03,0.000000000000000000e+00
3.195182291666667090e-02,6.299999999999999177e-04,2.046250000000000326e-03,0.000000000000000000e+00
3.200434027777777912e-02,6.299999999999999177e-04,1.995833333333333400e-03,0.000000000000000000e+00
3.205685763888889428e-02,6.299999999999999177e-04,1.945416666666666908e-03,0.000000000000000000e+00
3.210937500000000250e-02,6.299999999999999177e-04,1.895000000000000417e-03,0.000000000000000000e+00
3.216189236111111072e-02,6.299999999999999177e-04,1.844583333333333491e-03,0.000000000000000000e+00
3.221440972222222587e-02,6.299999999999999177e-04,1.794166666666667000e-03,0.000000000000000000e+00
3.226692708333333409e-02,6.299999999999999177e-04,1.743750000000000074e-03,0.000000000000000000e+00
3.231944444444444925e-02,6.299999999999999177e-04,1.693333333333333583e-03,0.000000000000000000e+00
3.237196180555555747e-02,6.299999999999999177e-04,1.642916666666667091e-03,0.000000000000000000e+00
3.242447916666667262e-02,6.299999999999999177e-04,1.592500000000000165e-03,0.000000000000000000e+00
3.247699652777778084e-02,6.299999999999999177e-04,1.542083333333333674e-03,0.000000000000000000e+00
3.252951388888888906e-02,6.299999999999999177e-04,1.491666666666666748e-03,0.000000000000000000e+00
3.258203125000000422e-02,6.299999999999999177e-04,1.441250000000000257e-03,0.000000000000000000e+00
3.263454861111111244e-02,6.299999999999999177e-04,1.390833333333333765e-03,0.000000000000000000e+00
3.268706597222222759e-02,6.299999999999999177e-04,1.340416666666666839e-03,0.000000000000000000e+00
3.273958333333333581e-02,6.299999999999999177e-04,1.290000000000000348e-03,0.000000000000000000e+00
3.279210069444444403e-02,6.299999999999999177e-04,1.239583333333333422e-03,0.000000000000000000e+00
3.284461805555555919e-02,6.299999999999999177e-04,1.189166666666666931e-03,0.000000000000000000e+00
3.289713541666666741e-02,6.299999999999999177e-04,1.138750000000000439e-03,0.000000000000000000e+00
3.294965277777778256e-02,6.299999999999999177e-04,1.088333333333333514e-03,0.000000000000000000e+00
3.300217013888889078e-02,6.299999999999999177e-04,1.037916666666667022e-03,0.000000000000000000e+00
3.305468749999999900e-02,6.299999999999999177e-04,9.875000000000005301e-04,0.000000000000000000e+00
3.310720486111111416e-02,6.299999999999999177e-04,9.370833333333340384e-04,0.000000000000000000e+00
3.315972222222222238e-02,6.299999999999999177e-04,8.866666666666666793e-04,0.000000000000000000e+00
3.321223958333333753e-02,6.299999999999999177e-04,8.362500000000001876e-04,0.000000000000000000e+00
3.326475694444444575e-02,6.299999999999999177e-04,7.858333333333336959e-04,0.000000000000000000e+00
3.331727430555556091e-02,6.299999999999999177e-04,7.354166666666672042e-04,0.000000000000000000e+00
3.336979166666666913e-02,6.299999999999999177e-04,6.850000000000007125e-04,0.000000000000000000e+00
3.342230902777777735e-02,6.299999999999999177e-04,6.345833333333333534e-04,0.000000000000000000e+00
3.347482638888889250e-02,6.299999999999999177e-04,5.841666666666668617e-04,0.000000000000000000e+00
3.352734375000000072e-02,6.299999999999999177e-04,5.337500000000003700e-04,0.000000000000000000e+00
3.357986111111111588e-02,6.299999999999999177e-04,4.833333333333338783e-04,0.000000000000000000e+00
3.363237847222222410e-02,6.299999999999999177e-04,4.329166666666673866e-04,0.000000000000000000e+00
3.368489583333333925e-02,6.299999999999999177e-04,3.825000000000000275e-04,0.000000000000000000e+00
3.373741319444444747e-02,6.299999999999999177e-04,3.320833333333335358e-04,0.000000000000000000e+00
3.378993055555555569e-02,6.299999999999999177e-04,2.816666666666670440e-04,0.000000000000000000e+00
3.384244791666667085e-02,6.299999999999999177e-04,2.312500000000005523e-04,0.000000000000000000e+00
3.389496527777777907e-02,6.299999999999999177e-04,1.808333333333340606e-04,0.000000000000000000e+00
3.394748263888889422e-02,6.299999999999999177e-04,1.304166666666667015e-04,0.000000000000000000e+00
3.400000000000000244e-02,6.299999999999999177e-04,8.000000000000000654e-05,0.000000000000000000e+00
3.475000000000000311e-02,7.399999999999999894e-04,8.000000000000000654e-05,0.000000000000000000e+00
3.480251736111111133e-02,7.399999999999999894e-04,1.304166666666666744e-04,0.000000000000000000e+00
3.485503472222222648e-02,7.399999999999999894e-04,1.808333333333333288e-04,0.000000000000000000e+00
3.490755208333333470e-02,7.399999999999999894e-04,2.312500000000000102e-04,0.000000000000000000e+00
3.496006944444444986e-02,7.399999999999999894e-04,2.816666666666666646e-04,0.000000000000000000e+00
3.501258680555555808e-02,7.399999999999999894e-04,3.320833333333333189e-04,0.000000000000000000e+00
3.506510416666666630e-02,7.399999999999999894e-04,3.824999999999999733e-04,0.000000000000000000e+00
3.511762152777778145e-02,7.399999999999999894e-04,4.329166666666666276e-04,0.000000000000000000e+00
3.517013888888888967e-02,7.399999999999999894e-04,4.833333333333332820e-04,0.000000000000000000e+00
3.522265625000000483e-02,7.399999999999999894e-04,5.337499999999999363e-04,0.000000000000000000e+00
3.527517361111111305e-02,7.399999999999999894e-04,5.841666666666666449e-04,0.000000000000000000e+00
3.532769097222222821e-02,7.399999999999999894e-04,6.345833333333332450e-04,0.000000000000000000e+00
3.538020833333333642e-02,7.399999999999999894e-04,6.849999999999999535e-04,0.000000000000000000e+00
3.543272569444444464e-02,7.399999999999999894e-04,7.354166666666665537e-04,0.000000000000000000e+00
3.548524305555555980e-02,7.399999999999999894e-04,7.858333333333332622e-04,0.000000000000000000e+00
3.553776041666666802e-02,7.399999999999999894e-04,8.362499999999998624e-04,0.000000000000000000e+00
3.559027777777778317e-02,7.399999999999999894e-04,8.866666666666665709e-04,0.000000000000000000e+00
3.564279513888889139e-02,7.399999999999999894e-04,9.370833333333332795e-04,0.000000000000000000e+00
3.569531250000000655e-02,7.399999999999999894e-04,9.874999999999998796e-04,0.000000000000000000e+00
3.574782986111111477e-02,7.399999999999999894e-04,1.037916666666666588e-03,0.000000000000000000e+00
3.580034722222222299e-02,7.399999999999999894e-04,1.088333333333333297e-03,0.000000000000000000e+00
3.585286458333333814e-02,7.399999999999999894e-04,1.138749999999999788e-03,0.000000000000000000e+00
3.590538194444444636e-02,7.399999999999999894e-04,1.189166666666666497e-03,0.000000000000000000e+00
3.595789930555556152e-02,7.399999999999999894e-04,1.239583333333333206e-03,0.000000000000000000e+00
3.601041666666666974e-02,7.399999999999999894e-04,1.289999999999999914e-03,0.000000000000000000e+00
3.606293402777777796e-02,7.399999999999999894e-04,1.340416666666666623e-03,0.000000000000000000e+00
3.611545138888889311e-02,7.399999999999999894e-04,1.390833333333333114e-03,0.000000000000000000e+00
3.616796875000000133e-02,7.399999999999999894e-04,1.441249999999999823e-03,0.000000000000000000e+00
3.622048611111111649e-02,7.399999999999999894e-04,1.491666666666666531e-03,0.000000000000000000e+00
3.627300347222222471e-02,7.399999999999999894e-04,1.542083333333333240e-03,0.000000000000000000e+00
3.632552083333333293e-02,7.399999999999999894e-04,1.592499999999999732e-03,0.000000000000000000e+00
3.637803819444444808e-02,7.399999999999999894e-04,1.642916666666666440e-03,0.000000000000000000e+00
3.643055555555555630e-02,7.399999999999999894e-04,1.693333333333333149e-03,0.000000000000000000e+00
3.648307291666667146e-02,7.399999999999999894e-04,1.743749999999999857e-03,0.000000000000000000e+00
3.653559027777777968e-02,7.399999999999999894e-04,1.794166666666666566e-03,0.000000000000000000e+00
3.658810763888889483e-02,7.399999999999999894e-04,1.844583333333333058e-03,0.000000000000000000e+00
3.664062500000000305e-02,7.399999999999999894e-04,1.894999999999999766e-03,0.000000000000000000e+00
3.669314236111111127e-02,7.399999999999999894e-04,1.945416666666666475e-03,0.000000000000000000e+00
3.674565972222222643e-02,7.399999999999999894e-04,1.995833333333333400e-03,0.000000000000000000e+00
3.679817708333333465e-02,7.399999999999999894e-04,2.046249999999999892e-03,0.000000000000000000e+00
3.685069444444444980e-02,7.399999999999999894e-04,2.096666666666666817e-03,0.000000000000000000e+00
3.690321180555555802e-02,7.399999999999999894e-04,2.147083333333333309e-03,0.000000000000000000e+00
3.695572916666667318e-02,7.399999999999999894e-04,2.197499999999999801e-03,0.000000000000000000e+00
3.700824652777778140e-02,7.399999999999999894e-04,2.247916666666666726e-03,0.000000000000000000e+00
3.706076388888888962e-02,7.399999999999999894e-04,2.298333333333333218e-03,0.000000000000000000e+00
3.711328125000000477e-02,7.399999999999999894e-04,2.348750000000000143e-03,0.000000000000000000e+00
3.716579861111111299e-02,7.399999999999999894e-04,2.399166666666666635e-03,0.000000000000000000e+00
3.721831597222222815e-02,7.399999999999999894e-04,2.449583333333333127e-03,0.000000000000000000e+00
3.727083333333333637e-02,7.399999999999999894e-04,2.500000000000000052e-03,0.000000000000000000e+00
3.732335069444444459e-02,7.399999999999999894e-04,2.550416666666666544e-03,0.000000000000000000e+00
3.737586805555555974e-02,7.399999999999999894e-04,2.600833333333333469e-03,0.000000000000000000e+00
3.742838541666666796e-02,7.399999999999999894e-04,2.651249999999999961e-03,0.000000000000000000e+00
3.748090277777778312e-02,7.399999999999999894e-04,2.701666666666666453e-03,0.000000000000000000e+00
3.753342013888889134e-02,7.399999999999999894e-04,2.752083333333333378e-03,0.000000000000000000e+00
3.758593749999999956e-02,7.399999999999999894e-04,2.802499999999999870e-03,0.000000000000000000e+00
3.763845486111111471e-02,7.399999999999999894e-04,2.852916666666666361e-03,0.000000000000000000e+00
3.769097222222222293e-02,7.399999999999999894e-04,2.903333333333333287e-03,0.000000000000000000e+00
3.774348958333333809e-02,7.399999999999999894e-04,2.953749999999999779e-03,0.000000000000000000e+00
3.779600694444444631e-02,7.399999999999999894e-04,3.004166666666666704e-03,0.000000000000000000e+00
3.784852430555556146e-02,7.399999999999999894e-04,3.054583333333333196e-03,0.000000000000000000e+00
3.790104166666666968e-02,7.399999999999999894e-04,3.104999999999999687e-03,0.000000000000000000e+00
3.795355902777777790e-02,7.399999999999999894e-04,3.155416666666666613e-03,0.000000000000000000e+00
3.800607638888889306e-02,7.399999999999999894e-04,3.205833333333333104e-03,0.000000000000000000e+00
3.805859375000000128e-02,7.399999999999999894e-04,3.256250000000000030e-03,0.000000000000000000e+00
3.811111111111111643e-02,7.399999999999999894e-04,3.306666666666666522e-03,0.000000000000000000e+00
3.816362847222222465e-02,7.399999999999999894e-04,3.357083333333333013e-03,0.000000000000000000e+00
3.821614583333333981e-02,7.399999999999999894e-04,3.407499999999999939e-03,0.000000000000000000e+00
3.826866319444444803e-02,7.399999999999999894e-04,3.457916666666666430e-03,0.000000000000000000e+00
3.832118055555555625e-02,7.399999999999999894e-04,3.508333333333333356e-03,0.000000000000000000e+00
3.837369791666667140e-02,7.399999999999999894e-04,3.558749999999999847e-03,0.000000000000000000e+00
3.842621527777777962e-02,7.399999999999999894e-04,3.609166666666666339e-03,0.000000000000000000e+00
3.847873263888889478e-02,7.399999999999999894e-04,3.659583333333333265e-03,0.000000000000000000e+00
3.853125000000000300e-02,7.399999999999999894e-04,3.709999999999999756e-03,0.000000000000000000e+00
3.858376736111111122e-02,7.399999999999999894e-04,3.760416666666666682e-03,0.000000000000000000e+00
3.863628472222222637e-02,7.399999999999999894e-04,3.810833333333333173e-03,0.000000000000000000e+00
3.868880208333333459e-02,7.399999999999999894e-04,3.861249999999999665e-03,0.000000000000000000e+00
3.874131944444444975e-02,7.399999999999999894e-04,3.911666666666666591e-03,0.000000000000000000e+00
3.879383680555555797e-02,7.399999999999999894e-04,3.962083333333333082e-03,0.000000000000000000e+00
3.884635416666666619e-02,7.399999999999999894e-04,4.012499999999999574e-03,0.000000000000000000e+00
3.889887152777778134e-02,7.399999999999999894e-04,4.062916666666666066e-03,0.000000000000000000e+00
3.895138888888888956e-02,7.399999999999999894e-04,4.113333333333333425e-03,0.000000000000000000e+00
3.900390625000000472e-02,7.399999999999999894e-04,4.163749999999999916e-03,0.000000000000000000e+00
3.905642361111111294e-02,7.399999999999999894e-04,4.214166666666666408e-03,0.000000000000000000e+00
3.910894097222222809e-02,7.399999999999999894e-04,4.264583333333332900e-03,0.000000000000000000e+00
3.916145833333333631e-02,7.399999999999999894e-04,4.314999999999999392e-03,0.000000000000000000e+00
3.921397569444444453e-02,7.399999999999999894e-04,4.365416666666666751e-03,0.000000000000000000e+00
3.926649305555555969e-02,7.399999999999999894e-04,4.415833333333333242e-03,0.000000000000000000e+00
3.931901041666666791e-02,7.399999999999999894e-04,4.466249999999999734e-03,0.000000000000000000e+00
3.937152777777778306e-02,7.399999999999999894e-04,4.516666666666666226e-03,0.000000000000000000e+00
3.942404513888889128e-02,7.399999999999999894e-04,4.567083333333332718e-03,0.000000000000000000e+00
3.947656250000000644e-02,7.399999999999999894e-04,4.617500000000000077e-03,0.000000000000000000e+00
3.952907986111111466e-02,7.399999999999999894e-04,4.667916666666666568e-03,0.000000000000000000e+00
3.958159722222222288e-02,7.399999999999999894e-04,4.718333333333333060e-03,0.000000000000000000e+00
3.963411458333333803e-02,7.399999999999999894e-04,4.768749999999999552e-03,0.000000000000000000e+00
3.968663194444444625e-02,7.399999999999999894e-04,4.819166666666666043e-03,0.000000000000000000e+00
3.973914930555556141e-02,7.399999999999999894e-04,4.869583333333333403e-03,0.000000000000000000e+00
3.979166666666666963e-02,7.399999999999999894e-04,4.919999999999999894e-03,0.000000000000000000e+00
4.054166666666667029e-02,8.499999999999999526e-04,4.919999999999999894e-03,0.000000000000000000e+00
4.059418402777777851e-02,8.499999999999999526e-04,4.869583333333333403e-03,0.000000000000000000e+00
4.064670138888889367e-02,8.499999999999999526e-04,4.819166666666666911e-03,0.000000000000000000e+00
4.069921875000000189e-02,8.499999999999999526e-04,4.768749999999999552e-03,0.000000000000000000e+00
4.075173611111111704e-02,8.499999999999999526e-04,4.718333333333333060e-03,0.000000000000000000e+00
4.080425347222222526e-02,8.499999999999999526e-04,4.667916666666666568e-03,0.000000000000000000e+00
4.085677083333333348e-02,8.499999999999999526e-04,4.617500000000000077e-03,0.000000000000000000e+00
4.090928819444444864e-02,8.499999999999999526e-04,4.567083333333333585e-03,0.000000000000000000e+00
4.096180555555555686e-02,8.499999999999999526e-04,4.516666666666666226e-03,0.000000000000000000e+00
4.101432291666667201e-02,8.499999999999999526e-04,4.466249999999999734e-03,0.000000000000000000e+00
4.106684027777778023e-02,8.499999999999999526e-04,4.415833333333333242e-03,0.000000000000000000e+00
4.111935763888889539e-02,8.499999999999999526e-04,4.365416666666666751e-03,0.000000000000000000e+00
4.117187500000000361e-02,8.499999999999999526e-04,4.315000000000000259e-03,0.000000000000000000e+00
4.122439236111111183e-02,8.499999999999999526e-04,4.264583333333333767e-03,0.000000000000000000e+00
4.127690972222222698e-02,8.499999999999999526e-04,4.214166666666666408e-03,0.000000000000000000e+00
4.132942708333333520e-02,8.499999999999999526e-04,4.163749999999999916e-03,0.000000000000000000e+00
4.138194444444445036e-02,8.499999999999999526e-04,4.113333333333333425e-03,0.000000000000000000e+00
4.143446180555555858e-02,8.499999999999999526e-04,4.062916666666666933e-03,0.000000000000000000e+00
4.148697916666667374e-02,8.499999999999999526e-04,4.012500000000000441e-03,0.000000000000000000e+00
4.153949652777778195e-02,8.499999999999999526e-04,3.962083333333333082e-03,0.000000000000000000e+00
4.159201388888889017e-02,8.499999999999999526e-04,3.911666666666666591e-03,0.000000000000000000e+00
4.164453125000000533e-02,8.499999999999999526e-04,3.861250000000000099e-03,0.000000000000000000e+00
4.169704861111111355e-02,8.499999999999999526e-04,3.810833333333333607e-03,0.000000000000000000e+00
4.174956597222222870e-02,8.499999999999999526e-04,3.760416666666666682e-03,0.000000000000000000e+00
4.180208333333333692e-02,8.499999999999999526e-04,3.709999999999999756e-03,0.000000000000000000e+00
4.185460069444444514e-02,8.499999999999999526e-04,3.659583333333333265e-03,0.000000000000000000e+00
4.190711805555556030e-02,8.499999999999999526e-04,3.609166666666666773e-03,0.000000000000000000e+00
4.195963541666666852e-02,8.499999999999999526e-04,3.558750000000000281e-03,0.000000000000000000e+00
4.201215277777778367e-02,8.499999999999999526e-04,3.508333333333333356e-03,0.000000000000000000e+00
4.206467013888889189e-02,8.499999999999999526e-04,3.457916666666666430e-03,0.000000000000000000e+00
4.211718750000000011e-02,8.499999999999999526e-04,3.407499999999999939e-03,0.000000000000000000e+00
4.216970486111111527e-02,8.499999999999999526e-04,3.357083333333333447e-03,0.000000000000000000e+00
4.222222222222222349e-02,8.499999999999999526e-04,3.306666666666666955e-03,0.000000000000000000e+00
4.227473958333333864e-02,8.499999999999999526e-04,3.256250000000000030e-03,0.000000000000000000e+00
4.232725694444444686e-02,8.499999999999999526e-04,3.205833333333333104e-03,0.000000000000000000e+00
4.237977430555556202e-02,8.499999999999999526e-04,3.155416666666666613e-03,0.000000000000000000e+00
4.243229166666667024e-02,8.499999999999999526e-04,3.105000000000000121e-03,0.000000000000000000e+00
4.248480902777777846e-02,8.499999999999999526e-04,3.054583333333333629e-03,0.000000000000000000e+00
4.253732638888889361e-02,8.499999999999999526e-04,3.004166666666666704e-03,0.000000000000000000e+00
4.258984375000000183e-02,8.499999999999999526e-04,2.953750000000000212e-03,0.000000000000000000e+00
4.264236111111111699e-02,8.499999999999999526e-04,2.903333333333333287e-03,0.000000000000000000e+00
4.269487847222222521e-02,8.499999999999999526e-04,2.852916666666666795e-03,0.000000000000000000e+00
4.274739583333334036e-02,8.499999999999999526e-04,2.802500000000000303e-03,0.000000000000000000e+00
4.279991319444444858e-02,8.499999999999999526e-04,2.752083333333333378e-03,0.000000000000000000e+00
4.285243055555555680e-02,8.499999999999999526e-04,2.701666666666666886e-03,0.000000000000000000e+00
4.290494791666667196e-02,8.499999999999999526e-04,2.651249999999999961e-03,0.000000000000000000e+00
4.295746527777778018e-02,8.499999999999999526e-04,2.600833333333333469e-03,0.000000000000000000e+00
4.300998263888889533e-02,8.499999999999999526e-04,2.550416666666666977e-03,0.000000000000000000e+00
4.306250000000000355e-02,8.499999999999999526e-04,2.500000000000000052e-03,0.000000000000000000e+00
4.311501736111111177e-02,8.499999999999999526e-04,2.449583333333333560e-03,0.000000000000000000e+00
4.316753472222222693e-02,8.499999999999999526e-04,2.399166666666666635e-03,0.000000000000000000e+00
4.322005208333333515e-02,8.499999999999999526e-04,2.348750000000000143e-03,0.000000000000000000e+00
4.327256944444445030e-02,8.499999999999999526e-04,2.298333333333333652e-03,0.000000000000000000e+00
4.332508680555555852e-02,8.499999999999999526e-04,2.247916666666666726e-03,0.000000000000000000e+00
4.337760416666666674e-02,8.499999999999999526e-04,2.197500000000000234e-03,0.000000000000000000e+00
4.343012152777778190e-02,8.499999999999999526e-04,2.147083333333333743e-03,0.000000000000000000e+00
4.348263888888889012e-02,8.499999999999999526e-04,2.096666666666666817e-03,0.000000000000000000e+00
4.353515625000000527e-02,8.499999999999999526e-04,2.046250000000000326e-03,0.000000000000000000e+00
4.358767361111111349e-02,8.499999999999999526e-04,1.995833333333333400e-03,0.000000000000000000e+00
4.364019097222222865e-02,8.499999999999999526e-04,1.945416666666666908e-03,0.000000000000000000e+00
4.369270833333333687e-02,8.499999999999999526e-04,1.895000000000000417e-03,0.000000000000000000e+00
4.374522569444444509e-02,8.499999999999999526e-04,1.844583333333333491e-03,0.000000000000000000e+00
4.379774305555556024e-02,8.499999999999999526e-04,1.794166666666667000e-03,0.000000000000000000e+00
4.385026041666666846e-02,8.499999999999999526e-04,1.743750000000000074e-03,0.000000000000000000e+00
4.390277777777778362e-02,8.499999999999999526e-04,1.693333333333333583e-03,0.000000000000000000e+00
4.395529513888889184e-02,8.499999999999999526e-04,1.642916666666667091e-03,0.000000000000000000e+00
4.400781250000000699e-02,8.499999999999999526e-04,1.592500000000000165e-03,0.000000000000000000e+00
4.406032986111111521e-02,8.499999999999999526e-04,1.542083333333333674e-03,0.000000000000000000e+00
4.411284722222222343e-02,8.499999999999999526e-04,1.491666666666666748e-03,0.000000000000000000e+00
4.416536458333333859e-02,8.499999999999999526e-04,1.441250000000000257e-03,0.000000000000000000e+00
4.421788194444444681e-02,8.499999999999999526e-04,1.390833333333333765e-03,0.000000000000000000e+00
4.427039930555556196e-02,8.499999999999999526e-04,1.340416666666666839e-03,0.000000000000000000e+00
4.432291666666667018e-02,8.499999999999999526e-04,1.290000000000000348e-03,0.000000000000000000e+00
4.437543402777777840e-02,8.499999999999999526e-04,1.239583333333333422e-03,0.000000000000000000e+00
4.442795138888889356e-02,8.499999999999999526e-04,1.189166666666666931e-03,0.000000000000000000e+00
4.448046875000000178e-02,8.499999999999999526e-04,1.138750000000000439e-03,0.000000000000000000e+00
4.453298611111111693e-02,8.499999999999999526e-04,1.088333333333333514e-03,0.000000000000000000e+00
4.458550347222222515e-02,8.499999999999999526e-04,1.037916666666667022e-03,0.000000000000000000e+00
4.463802083333333337e-02,8.499999999999999526e-04,9.875000000000005301e-04,0.000000000000000000e+00
4.469053819444444853e-02,8.499999999999999526e-04,9.370833333333340384e-04,0.000000000000000000e+00
4.474305555555555675e-02,8.499999999999999526e-04,8.866666666666666793e-04,0.000000000000000000e+00
4.479557291666667190e-02,8.499999999999999526e-04,8.362500000000001876e-04,0.000000000000000000e+00
4.484809027777778012e-02,8.499999999999999526e-04,7.858333333333336959e-04,0.000000000000000000e+00
4.490060763888889528e-02,8.499999999999999526e-04,7.354166666666672042e-04,0.000000000000000000e+00
4.495312500000000350e-02,8.499999999999999526e-04,6.850000000000007125e-04,0.000000000000000000e+00
4.500564236111111172e-02,8.499999999999999526e-04,6.345833333333333534e-04,0.000000000000000000e+00
4.505815972222222687e-02,8.499999999999999526e-04,5.841666666666668617e-04,0.000000000000000000e+00
4.511067708333333509e-02,8.499999999999999526e-04,5.337500000000003700e-04,0.000000000000000000e+00
4.516319444444445025e-02,8.499999999999999526e-04,4.833333333333338783e-04,0.000000000000000000e+00
4.521571180555555847e-02,8.499999999999999526e-04,4.329166666666673866e-04,0.000000000000000000e+00
4.526822916666667362e-02,8.499999999999999526e-04,3.825000000000000275e-04,0.000000000000000000e+00
4.532074652777778184e-02,8.499999999999999526e-04,3.320833333333335358e-04,0.000000000000000000e+00
4.537326388888889006e-02,8.499999999999999526e-04,2.816666666666670440e-04,0.000000000000000000e+00
4.542578125000000522e-02,8.499999999999999526e-04,2.312500000000005523e-04,0.000000000000000000e+00
4.547829861111111344e-02,8.499999999999999526e-04,1.808333333333340606e-04,0.000000000000000000e+00
4.553081597222222859e-02,8.499999999999999526e-04,1.304166666666667015e-04,0.000000000000000000e+00
4.558333333333333681e-02,8.499999999999999526e-04,8.000000000000000654e-05,0.000000000000000000e+00
4.633333333333333748e-02,9.599999999999999159e-04,8.000000000000000654e-05,0.000000000000000000e+00
4.638585069444444570e-02,9.599999999999999159e-04,1.304166666666666744e-04,0.000000000000000000e+00
4.643836805555556085e-02,9.599999999999999159e-04,1.808333333333333288e-04,0.000000000000000000e+00
4.649088541666666907e-02,9.599999999999999159e-04,2.312500000000000102e-04,0.000000000000000000e+00
4.654340277777778423e-02,9.599999999999999159e-04,2.816666666666666646e-04,0.000000000000000000e+00
4.659592013888889245e-02,9.599999999999999159e-04,3.320833333333333189e-04,0.000000000000000000e+00
4.664843750000000067e-02,9.599999999999999159e-04,3.824999999999999733e-04,0.000000000000000000e+00
4.670095486111111582e-02,9.599999999999999159e-04,4.329166666666666276e-04,0.000000000000000000e+00
4.675347222222222404e-02,9.599999999999999159e-04,4.833333333333332820e-04,0.000000000000000000e+00
4.680598958333333920e-02,9.599999999999999159e-04,5.337499999999999363e-04,0.000000000000000000e+00
4.685850694444444742e-02,9.599999999999999159e-04,5.841666666666666449e-04,0.000000000000000000e+00
4.691102430555556257e-02,9.599999999999999159e-04,6.345833333333332450e-04,0.000000000000000000e+00
4.696354166666667079e-02,9.599999999999999159e-04,6.849999999999999535e-04,0.000000000000000000e+00
4.701605902777777901e-02,9.599999999999999159e-04,7.354166666666665537e-04,0.000000000000000000e+00
4.706857638888889417e-02,9.599999999999999159e-04,7.858333333333332622e-04,0.000000000000000000e+00
4.712109375000000239e-02,9.599999999999999159e-04,8.362499999999998624e-04,0.000000000000000000e+00
4.717361111111111754e-02,9.599999999999999159e-04,8.866666666666665709e-04,0.000000000000000000e+00
4.722612847222222576e-02,9.599999999999999159e-04,9.370833333333332795e-04,0.000000000000000000e+00
4.727864583333334092e-02,9.599999999999999159e-04,9.874999999999998796e-04,0.000000000000000000e+00
4.733116319444444914e-02,9.599999999999999159e-04,1.037916666666666588e-03,0.000000000000000000e+00
4.738368055555555736e-02,9.599999999999999159e-04,1.088333333333333297e-03,0.000000000000000000e+00
4.743619791666667251e-02,9.599999999999999159e-04,1.138749999999999788e-03,0.000000000000000000e+00
4.748871527777778073e-02,9.599999999999999159e-04,1.189166666666666497e-03,0.000000000000000000e+00
4.754123263888889589e-02,9.599999999999999159e-04,1.239583333333333206e-03,0.000000000000000000e+00
4.759375000000000411e-02,9.599999999999999159e-04,1.289999999999999914e-03,0.000000000000000000e+00
4.764626736111111233e-02,9.599999999999999159e-04,1.340416666666666623e-03,0.000000000000000000e+00
4.769878472222222748e-02,9.599999999999999159e-04,1.390833333333333114e-03,0.000000000000000000e+00
4.775130208333333570e-02,9.599999999999999159e-04,1.441249999999999823e-03,0.000000000000000000e+00
4.780381944444445086e-02,9.599999999999999159e-04,1.491666666666666531e-03,0.000000000000000000e+00
4.785633680555555908e-02,9.599999999999999159e-04,1.542083333333333240e-03,0.000000000000000000e+00
4.790885416666666730e-02,9.599999999999999159e-04,1.592499999999999732e-03,0.000000000000000000e+00
4.796137152777778245e-02,9.599999999999999159e-04,1.642916666666666440e-03,0.000000000000000000e+00
4.801388888888889067e-02,9.599999999999999159e-04,1.693333333333333149e-03,0.000000000000000000e+00
4.806640625000000583e-02,9.599999999999999159e-04,1.743749999999999857e-03,0.000000000000000000e+00
4.811892361111111405e-02,9.599999999999999159e-04,1.794166666666666566e-03,0.000000000000000000e+00
4.817144097222222920e-02,9.599999999999999159e-04,1.844583333333333058e-03,0.000000000000000000e+00
4.822395833333333742e-02,9.599999999999999159e-04,1.894999999999999766e-03,0.000000000000000000e+00
4.827647569444444564e-02,9.599999999999999159e-04,1.945416666666666475e-03,0.000000000000000000e+00
4.832899305555556080e-02,9.599999999999999159e-04,1.995833333333333400e-03,0.000000000000000000e+00
4.838151041666666902e-02,9.599999999999999159e-04,2.046249999999999892e-03,0.000000000000000000e+00
4.843402777777778417e-02,9.599999999999999159e-04,2.096666666666666817e-03,0.000000000000000000e+00
4.848654513888889239e-02,9.599999999999999159e-04,2.147083333333333309e-03,0.000000000000000000e+00
4.853906250000000755e-02,9.599999999999999159e-04,2.197499999999999801e-03,0.000000000000000000e+00
4.859157986111111577e-02,9.599999999999999159e-04,2.247916666666666726e-03,0.000000000000000000e+00
4.864409722222222399e-02,9.599999999999999159e-04,2.298333333333333218e-03,0.000000000000000000e+00
4.869661458333333914e-02,9.599999999999999159e-04,2.348750000000000143e-03,0.000000000000000000e+00
4.874913194444444736e-02,9.599999999999999159e-04,2.399166666666666635e-03,0.000000000000000000e+00
4.880164930555556252e-02,9.599999999999999159e-04,2.449583333333333127e-03,0.000000000000000000e+00
4.885416666666667074e-02,9.599999999999999159e-04,2.500000000000000052e-03,0.000000000000000000e+00
4.890668402777777896e-02,9.599999999999999159e-04,2.550416666666666544e-03,0.000000000000000000e+00
4.895920138888889411e-02,9.599999999999999159e-04,2.600833333333333469e-03,0.000000000000000000e+00
4.901171875000000233e-02,9.599999999999999159e-04,2.651249999999999961e-03,0.000000000000000000e+00
4.906423611111111749e-02,9.599999999999999159e-04,2.701666666666666453e-03,0.000000000000000000e+00
4.911675347222222571e-02,9.599999999999999159e-04,2.752083333333333378e-03,0.000000000000000000e+00
4.916927083333333393e-02,9.599999999999999159e-04,2.802499999999999870e-03,0.000000000000000000e+00
4.922178819444444908e-02,9.599999999999999159e-04,2.852916666666666361e-03,0.000000000000000000e+00
4.927430555555555730e-02,9.599999999999999159e-04,2.903333333333333287e-03,0.000000000000000000e+00
4.932682291666667246e-02,9.599999999999999159e-04,2.953749999999999779e-03,0.000000000000000000e+00
4.937934027777778068e-02,9.599999999999999159e-04,3.004166666666666704e-03,0.000000000000000000e+00
4.943185763888889583e-02,9.599999999999999159e-04,3.054583333333333196e-03,0.000000000000000000e+00
4.948437500000000405e-02,9.599999999999999159e-04,3.104999999999999687e-03,0.000000000000000000e+00
4.953689236111111227e-02,9.599999999999999159e-04,3.155416666666666613e-03,0.000000000000000000e+00
4.958940972222222743e-02,9.599999999999999159e-04,3.205833333333333104e-03,0.000000000000000000e+00
4.964192708333333565e-02,9.599999999999999159e-04,3.256250000000000030e-03,0.000000000000000000e+00
4.969444444444445080e-02,9.599999999999999159e-04,3.306666666666666522e-03,0.000000000000000000e+00
4.974696180555555902e-02,9.599999999999999159e-04,3.357083333333333013e-03,0.000000000000000000e+00
4.979947916666667418e-02,9.599999999999999159e-04,3.407499999999999939e-03,0.000000000000000000e+00
4.985199652777778240e-02,9.599999999999999159e-04,3.457916666666666430e-03,0.000000000000000000e+00
4.990451388888889062e-02,9.599999999999999159e-04,3.508333333333333356e-03,0.000000000000000000e+00
4.995703125000000577e-02,9.599999999999999159e-04,3.558749999999999847e-03,0.000000000000000000e+00
5.000954861111111399e-02,9.599999999999999159e-04,3.609166666666666339e-03,0.000000000000000000e+00
5.006206597222222915e-02,9.599999999999999159e-04,3.659583333333333265e-03,0.000000000000000000e+00
5.011458333333333737e-02,9.599999999999999159e-04,3.709999999999999756e-03,0.000000000000000000e+00
5.016710069444444559e-02,9.599999999999999159e-04,3.760416666666666682e-03,0.000000000000000000e+00
5.021961805555556074e-02,9.599999999999999159e-04,3.810833333333333173e-03,0.000000000000000000e+00
5.027213541666666896e-02,9.599999999999999159e-04,3.861249999999999665e-03,0.000000000000000000e+00
5.032465277777778412e-02,9.599999999999999159e-04,3.911666666666666591e-03,0.000000000000000000e+00
5.037717013888889234e-02,9.599999999999999159e-04,3.962083333333333082e-03,0.000000000000000000e+00
5.042968750000000056e-02,9.599999999999999159e-04,4.012499999999999574e-03,0.000000000000000000e+00
5.048220486111111571e-02,9.599999999999999159e-04,4.062916666666666066e-03,0.000000000000000000e+00
5.053472222222222393e-02,9.599999999999999159e-04,4.113333333333333425e-03,0.000000000000000000e+00
5.058723958333333909e-02,9.599999999999999159e-04,4.163749999999999916e-03,0.000000000000000000e+00
5.063975694444444731e-02,9.599999999999999159e-04,4.214166666666666408e-03,0.000000000000000000e+00
5.069227430555556246e-02,9.599999999999999159e-04,4.264583333333332900e-03,0.000000000000000000e+00
5.074479166666667068e-02,9.599999999999999159e-04,4.314999999999999392e-03,0.000000000000000000e+00
5.079730902777777890e-02,9.599999999999999159e-04,4.365416666666666751e-03,0.000000000000000000e+00
5.084982638888889406e-02,9.599999999999999159e-04,4.415833333333333242e-03,0.000000000000000000e+00
5.090234375000000228e-02,9.599999999999999159e-04,4.466249999999999734e-03,0.000000000000000000e+00
5.095486111111111743e-02,9.599999999999999159e-04,4.516666666666666226e-03,0.000000000000000000e+00
5.100737847222222565e-02,9.599999999999999159e-04,4.567083333333332718e-03,0.000000000000000000e+00
5.105989583333334081e-02,9.599999999999999159e-04,4.617500000000000077e-03,0.000000000000000000e+00
5.111241319444444903e-02,9.599999999999999159e-04,4.667916666666666568e-03,0.000000000000000000e+00
5.116493055555555725e-02,9.599999999999999159e-04,4.718333333333333060e-03,0.000000000000000000e+00
5.121744791666667240e-02,9.599999999999999159e-04,4.768749999999999552e-03,0.000000000000000000e+00
5.126996527777778062e-02,9.599999999999999159e-04,4.819166666666666043e-03,0.000000000000000000e+00
5.132248263888889578e-02,9.599999999999999159e-04,4.869583333333333403e-03,0.000000000000000000e+00
5.137500000000000400e-02,9.599999999999999159e-04,4.919999999999999894e-03,0.000000000000000000e+00
5.212500000000000466e-02,1.069999999999999988e-03,4.919999999999999894e-03,0.000000000000000000e+00
5.217751736111111288e-02,1.069999999999999988e-03,4.869583333333333403e-03,0.000000000000000000e+00
5.223003472222222804e-02,1.069999999999999988e-03,4.819166666666666911e-03,0.000000000000000000e+00
5.228255208333333626e-02,1.069999999999999988e-03,4.768749999999999552e-03,0.000000000000000000e+00
5.233506944444445141e-02,1.069999999999999988e-03,4.718333333333333060e-03,0.000000000000000000e+00
5.238758680555555963e-02,1.069999999999999988e-03,4.667916666666666568e-03,0.000000000000000000e+00
5.244010416666666785e-02,1.069999999999999988e-03,4.617500000000000077e-03,0.000000000000000000e+00
5.249262152777778301e-02,1.069999999999999988e-03,4.567083333333333585e-03,0.000000000000000000e+00
5.254513888888889123e-02,1.069999999999999988e-03,4.516666666666666226e-03,0.000000000000000000e+00
5.259765625000000638e-02,1.069999999999999988e-03,4.466249999999999734e-03,0.000000000000000000e+00
5.265017361111111460e-02,1.069999999999999988e-03,4.415833333333333242e-03,0.000000000000000000e+00
5.270269097222222976e-02,1.069999999999999988e-03,4.365416666666666751e-03,0.000000000000000000e+00
5.275520833333333798e-02,1.069999999999999988e-03,4.315000000000000259e-03,0.000000000000000000e+00
5.280772569444444620e-02,1.069999999999999988e-03,4.264583333333333767e-03,0.000000000000000000e+00
5.286024305555556135e-02,1.069999999999999988e-03,4.214166666666666408e-03,0.000000000000000000e+00
5.291276041666666957e-02,1.069999999999999988e-03,4.163749999999999916e-03,0.000000000000000000e+00
5.296527777777778473e-02,1.069999999999999988e-03,4.113333333333333425e-03,0.000000000000000000e+00
5.301779513888889295e-02,1.069999999999999988e-03,4.062916666666666933e-03,0.000000000000000000e+00
5.307031250000000810e-02,1.069999999999999988e-03,4.012500000000000441e-03,0.000000000000000000e+00
5.312282986111111632e-02,1.069999999999999988e-03,3.962083333333333082e-03,0.000000000000000000e+00
5.317534722222222454e-02,1.069999999999999988e-03,3.911666666666666591e-03,0.000000000000000000e+00
5.322786458333333970e-02,1.069999999999999988e-03,3.861250000000000099e-03,0.000000000000000000e+00
5.328038194444444792e-02,1.069999999999999988e-03,3.810833333333333607e-03,0.000000000000000000e+00
5.333289930555556307e-02,1.069999999999999988e-03,3.760416666666666682e-03,0.000000000000000000e+00
5.338541666666667129e-02,1.069999999999999988e-03,3.709999999999999756e-03,0.000000000000000000e+00
5.343793402777777951e-02,1.069999999999999988e-03,3.659583333333333265e-03,0.000000000000000000e+00
5.349045138888889467e-02,1.069999999999999988e-03,3.609166666666666773e-03,0.000000000000000000e+00
5.354296875000000289e-02,1.069999999999999988e-03,3.558750000000000281e-03,0.000000000000000000e+00
5.359548611111111804e-02,1.069999999999999988e-03,3.508333333333333356e-03,0.000000000000000000e+00
5.364800347222222626e-02,1.069999999999999988e-03,3.457916666666666430e-03,0.000000000000000000e+00
5.370052083333333448e-02,1.069999999999999988e-03,3.407499999999999939e-03,0.000000000000000000e+00
5.375303819444444964e-02,1.069999999999999988e-03,3.357083333333333447e-03,0.000000000000000000e+00
5.380555555555555786e-02,1.069999999999999988e-03,3.306666666666666955e-03,0.000000000000000000e+00
5.385807291666667301e-02,1.069999999999999988e-03,3.256250000000000030e-03,0.000000000000000000e+00
5.391059027777778123e-02,1.069999999999999988e-03,3.205833333333333104e-03,0.000000000000000000e+00
5.396310763888889639e-02,1.069999999999999988e-03,3.155416666666666613e-03,0.000000000000000000e+00
5.401562500000000461e-02,1.069999999999999988e-03,3.105000000000000121e-03,0.000000000000000000e+00
5.406814236111111283e-02,1.069999999999999988e-03,3.054583333333333629e-03,0.000000000000000000e+00
5.412065972222222798e-02,1.069999999999999988e-03,3.004166666666666704e-03,0.000000000000000000e+00
5.417317708333333620e-02,1.069999999999999988e-03,2.953750000000000212e-03,0.000000000000000000e+00
5.422569444444445136e-02,1.069999999999999988e-03,2.903333333333333287e-03,0.000000000000000000e+00
5.427821180555555958e-02,1.069999999999999988e-03,2.852916666666666795e-03,0.000000000000000000e+00
5.433072916666667473e-02,1.069999999999999988e-03,2.802500000000000303e-03,0.000000000000000000e+00
5.438324652777778295e-02,1.069999999999999988e-03,2.752083333333333378e-03,0.000000000000000000e+00
5.443576388888889117e-02,1.069999999999999988e-03,2.701666666666666886e-03,0.000000000000000000e+00
5.448828125000000633e-02,1.069999999999999988e-03,2.651249999999999961e-03,0.000000000000000000e+00
5.454079861111111455e-02,1.069999999999999988e-03,2.600833333333333469e-03,0.000000000000000000e+00
5.459331597222222970e-02,1.069999999999999988e-03,2.550416666666666977e-03,0.000000000000000000e+00
5.464583333333333792e-02,1.069999999999999988e-03,2.500000000000000052e-03,0.000000000000000000e+00
5.469835069444444614e-02,1.069999999999999988e-03,2.449583333333333560e-03,0.000000000000000000e+00
5.475086805555556130e-02,1.069999999999999988e-03,2.399166666666666635e-03,0.000000000000000000e+00
5.480338541666666952e-02,1.069999999999999988e-03,2.348750000000000143e-03,0.000000000000000000e+00
5.485590277777778467e-02,1.069999999999999988e-03,2.298333333333333652e-03,0.000000000000000000e+00
5.490842013888889289e-02,1.069999999999999988e-03,2.247916666666666726e-03,0.000000000000000000e+00
5.496093750000000111e-02,1.069999999999999988e-03,2.197500000000000234e-03,0.000000000000000000e+00
5.501345486111111627e-02,1.069999999999999988e-03,2.147083333333333743e-03,0.000000000000000000e+00
5.506597222222222449e-02,1.069999999999999988e-03,2.096666666666666817e-03,0.000000000000000000e+00
5.511848958333333964e-02,1.069999999999999988e-03,2.046250000000000326e-03,0.000000000000000000e+00
5.517100694444444786e-02,1.069999999999999988e-03,1.995833333333333400e-03,0.000000000000000000e+00
5.522352430555556302e-02,1.069999999999999988e-03,1.945416666666666908e-03,0.000000000000000000e+00
5.527604166666667124e-02,1.069999999999999988e-03,1.895000000000000417e-03,0.000000000000000000e+00
5.532855902777777946e-02,1.069999999999999988e-03,1.844583333333333491e-03,0.000000000000000000e+00
5.538107638888889461e-02,1.069999999999999988e-03,1.794166666666667000e-03,0.000000000000000000e+00
5.543359375000000283e-02,1.069999999999999988e-03,1.743750000000000074e-03,0.000000000000000000e+00
5.548611111111111799e-02,1.069999999999999988e-03,1.693333333333333583e-03,0.000000000000000000e+00
5.553862847222222621e-02,1.069999999999999988e-03,1.642916666666667091e-03,0.000000000000000000e+00
5.559114583333334136e-02,1.069999999999999988e-03,1.592500000000000165e-03,0.000000000000000000e+00
5.564366319444444958e-02,1.069999999999999988e-03,1.542083333333333674e-03,0.000000000000000000e+00
5.569618055555555780e-02,1.069999999999999988e-03,1.491666666666666748e-03,0.000000000000000000e+00
5.574869791666667296e-02,1.069999999999999988e-03,1.441250000000000257e-03,0.000000000000000000e+00
5.580121527777778118e-02,1.069999999999999988e-03,1.390833333333333765e-03,0.000000000000000000e+00
5.585373263888889633e-02,1.069999999999999988e-03,1.340416666666666839e-03,0.000000000000000000e+00
5.590625000000000455e-02,1.069999999999999988e-03,1.290000000000000348e-03,0.000000000000000000e+00
5.595876736111111277e-02,1.069999999999999988e-03,1.239583333333333422e-03,0.000000000000000000e+00
5.601128472222222793e-02,1.069999999999999988e-03,1.189166666666666931e-03,0.000000000000000000e+00
5.606380208333333615e-02,1.069999999999999988e-03,1.138750000000000439e-03,0.000000000000000000e+00
5.611631944444445130e-02,1.069999999999999988e-03,1.088333333333333514e-03,0.000000000000000000e+00
5.616883680555555952e-02,1.069999999999999988e-03,1.037916666666667022e-03,0.000000000000000000e+00
5.622135416666666774e-02,1.069999999999999988e-03,9.875000000000005301e-04,0.000000000000000000e+00
5.627387152777778290e-02,1.069999999999999988e-03,9.370833333333340384e-04,0.000000000000000000e+00
5.632638888888889112e-02,1.069999999999999988e-03,8.866666666666666793e-04,0.000000000000000000e+00
5.637890625000000627e-02,1.069999999999999988e-03,8.362500000000001876e-04,0.000000000000000000e+00
5.643142361111111449e-02,1.069999999999999988e-03,7.858333333333336959e-04,0.000000000000000000e+00
5.648394097222222965e-02,1.069999999999999988e-03,7.354166666666672042e-04,0.000000000000000000e+00
5.653645833333333787e-02,1.069999999999999988e-03,6.850000000000007125e-04,0.000000000000000000e+00
5.658897569444444609e-02,1.069999999999999988e-03,6.345833333333333534e-04,0.000000000000000000e+00
5.664149305555556124e-02,1.069999999999999988e-03,5.841666666666668617e-04,0.000000000000000000e+00
5.669401041666666946e-02,1.069999999999999988e-03,5.337500000000003700e-04,0.000000000000000000e+00
5.674652777777778462e-02,1.069999999999999988e-03,4.833333333333338783e-04,0.000000000000000000e+00
5.679904513888889284e-02,1.069999999999999988e-03,4.329166666666673866e-04,0.000000000000000000e+00
5.685156250000000799e-02,1.069999999999999988e-03,3.825000000000000275e-04,0.000000000000000000e+00
5.690407986111111621e-02,1.069999999999999988e-03,3.320833333333335358e-04,0.000000000000000000e+00
5.695659722222222443e-02,1.069999999999999988e-03,2.816666666666670440e-04,0.000000000000000000e+00
5.700911458333333959e-02,1.069999999999999988e-03,2.312500000000005523e-04,0.000000000000000000e+00
5.706163194444444781e-02,1.069999999999999988e-03,1.808333333333340606e-04,0.000000000000000000e+00
5.711414930555556296e-02,1.069999999999999988e-03,1.304166666666667015e-04,0.000000000000000000e+00
5.716666666666667118e-02,1.069999999999999988e-03,8.000000000000000654e-05,0.000000000000000000e+00
5.791666666666667185e-02,1.179999999999999842e-03,8.000000000000000654e-05,0.000000000000000000e+00
5.796918402777778007e-02,1.179999999999999842e-03,1.304166666666666744e-04,0.000000000000000000e+00
5.802170138888889522e-02,1.179999999999999842e-03,1.808333333333333288e-04,0.000000000000000000e+00
5.807421875000000344e-02,1.179999999999999842e-03,2.312500000000000102e-04,0.000000000000000000e+00
5.812673611111111860e-02,1.179999999999999842e-03,2.816666666666666646e-04,0.000000000000000000e+00
5.817925347222222682e-02,1.179999999999999842e-03,3.320833333333333189e-04,0.000000000000000000e+00
5.823177083333333504e-02,1.179999999999999842e-03,3.824999999999999733e-04,0.000000000000000000e+00
5.828428819444445019e-02,1.179999999999999842e-03,4.329166666666666276e-04,0.000000000000000000e+00
5.833680555555555841e-02,1.179999999999999842e-03,4.833333333333332820e-04,0.000000000000000000e+00
5.838932291666667357e-02,1.179999999999999842e-03,5.337499999999999363e-04,0.000000000000000000e+00
5.844184027777778179e-02,1.179999999999999842e-03,5.841666666666666449e-04,0.000000000000000000e+00
5.849435763888889694e-02,1.179999999999999842e-03,6.345833333333332450e-04,0.000000000000000000e+00
5.854687500000000516e-02,1.179999999999999842e-03,6.849999999999999535e-04,0.000000000000000000e+00
5.859939236111111338e-02,1.179999999999999842e-03,7.354166666666665537e-04,0.000000000000000000e+00
5.865190972222222854e-02,1.179999999999999842e-03,7.858333333333332622e-04,0.000000000000000000e+00
5.870442708333333676e-02,1.179999999999999842e-03,8.362499999999998624e-04,0.000000000000000000e+00
5.875694444444445191e-02,1.179999999999999842e-03,8.866666666666665709e-04,0.000000000000000000e+00
5.880946180555556013e-02,1.179999999999999842e-03,9.370833333333332795e-04,0.000000000000000000e+00
5.886197916666667529e-02,1.179999999999999842e-03,9.874999999999998796e-04,0.000000000000000000e+00
5.891449652777778351e-02,1.179999999999999842e-03,1.037916666666666588e-03,0.000000000000000000e+00
5.896701388888889173e-02,1.179999999999999842e-03,1.088333333333333297e-03,0.000000000000000000e+00
5.901953125000000688e-02,1.179999999999999842e-03,1.138749999999999788e-03,0.000000000000000000e+00
5.907204861111111510e-02,1.179999999999999842e-03,1.189166666666666497e-03,0.000000000000000000e+00
5.912456597222223026e-02,1.179999999999999842e-03,1.239583333333333206e-03,0.000000000000000000e+00
5.917708333333333848e-02,1.179999999999999842e-03,1.289999999999999914e-03,0.000000000000000000e+00
5.922960069444444670e-02,1.179999999999999842e-03,1.340416666666666623e-03,0.000000000000000000e+00
5.928211805555556185e-02,1.179999999999999842e-03,1.390833333333333114e-03,0.000000000000000000e+00
5.933463541666667007e-02,1.179999999999999842e-03,1.441249999999999823e-03,0.000000000000000000e+00
5.938715277777778523e-02,1.179999999999999842e-03,1.491666666666666531e-03,0.000000000000000000e+00
5.943967013888889345e-02,1.179999999999999842e-03,1.542083333333333240e-03,0.000000000000000000e+00
5.949218750000000167e-02,1.179999999999999842e-03,1.592499999999999732e-03,0.000000000000000000e+00
5.954470486111111682e-02,1.179999999999999842e-03,1.642916666666666440e-03,0.000000000000000000e+00
5.959722222222222504e-02,1.179999999999999842e-03,1.693333333333333149e-03,0.000000000000000000e+00
5.964973958333334020e-02,1.179999999999999842e-03,1.743749999999999857e-03,0.000000000000000000e+00
5.970225694444444842e-02,1.179999999999999842e-03,1.794166666666666566e-03,0.000000000000000000e+00
5.975477430555556357e-02,1.179999999999999842e-03,1.844583333333333058e-03,0.000000000000000000e+00
5.980729166666667179e-02,1.179999999999999842e-03,1.894999999999999766e-03,0.000000000000000000e+00
5.985980902777778001e-02,1.179999999999999842e-03,1.945416666666666475e-03,0.000000000000000000e+00
5.991232638888889517e-02,1.179999999999999842e-03,1.995833333333333400e-03,0.000000000000000000e+00
5.996484375000000339e-02,1.179999999999999842e-03,2.046249999999999892e-03,0.000000000000000000e+00
6.001736111111111854e-02,1.179999999999999842e-03,2.096666666666666817e-03,0.000000000000000000e+00
6.006987847222222676e-02,1.179999999999999842e-03,2.147083333333333309e-03,0.000000000000000000e+00
6.012239583333334192e-02,1.179999999999999842e-03,2.197499999999999801e-03,0.000000000000000000e+00
6.017491319444445014e-02,1.179999999999999842e-03,2.247916666666666726e-03,0.000000000000000000e+00
6.022743055555555836e-02,1.179999999999999842e-03,2.298333333333333218e-03,0.000000000000000000e+00
6.027994791666667351e-02,1.179999999999999842e-03,2.348750000000000143e-03,0.000000000000000000e+00
6.033246527777778173e-02,1.179999999999999842e-03,2.399166666666666635e-03,0.000000000000000000e+00
6.038498263888889689e-02,1.179999999999999842e-03,2.449583333333333127e-03,0.000000000000000000e+00
6.043750000000000511e-02,1.179999999999999842e-03,2.500000000000000052e-03,0.000000000000000000e+00
6.049001736111111333e-02,1.179999999999999842e-03,2.550416666666666544e-03,0.000000000000000000e+00
6.054253472222222848e-02,1.179999999999999842e-03,2.600833333333333469e-03,0.000000000000000000e+00
6.059505208333333670e-02,1.179999999999999842e-03,2.651249999999999961e-03,0.000000000000000000e+00
6.064756944444445186e-02,1.179999999999999842e-03,2.701666666666666453e-03,0.000000000000000000e+00
6.070008680555556008e-02,1.179999999999999842e-03,2.752083333333333378e-03,0.000000000000000000e+00
6.075260416666666829e-02,1.179999999999999842e-03,2.802499999999999870e-03,0.000000000000000000e+00
6.080512152777778345e-02,1.179999999999999842e-03,2.852916666666666361e-03,0.000000000000000000e+00
6.085763888888889167e-02,1.179999999999999842e-03,2.903333333333333287e-03,0.000000000000000000e+00
6.091015625000000683e-02,1.179999999999999842e-03,2.953749999999999779e-03,0.000000000000000000e+00
6.096267361111111505e-02,1.179999999999999842e-03,3.004166666666666704e-03,0.000000000000000000e+00
6.101519097222223020e-02,1.179999999999999842e-03,3.054583333333333196e-03,0.000000000000000000e+00
6.106770833333333842e-02,1.179999999999999842e-03,3.104999999999999687e-03,0.000000000000000000e+00
6.112022569444444664e-02,1.179999999999999842e-03,3.155416666666666613e-03,0.000000000000000000e+00
6.117274305555556180e-02,1.179999999999999842e-03,3.205833333333333104e-03,0.000000000000000000e+00
6.122526041666667002e-02,1.179999999999999842e-03,3.256250000000000030e-03,0.000000000000000000e+00
6.127777777777778517e-02,1.179999999999999842e-03,3.306666666666666522e-03,0.000000000000000000e+00
6.133029513888889339e-02,1.179999999999999842e-03,3.357083333333333013e-03,0.000000000000000000e+00
6.138281250000000855e-02,1.179999999999999842e-03,3.407499999999999939e-03,0.000000000000000000e+00
6.143532986111111677e-02,1.179999999999999842e-03,3.457916666666666430e-03,0.000000000000000000e+00
6.148784722222222499e-02,1.179999999999999842e-03,3.508333333333333356e-03,0.000000000000000000e+00
6.154036458333334014e-02,1.179999999999999842e-03,3.558749999999999847e-03,0.000000000000000000e+00
6.159288194444444836e-02,1.179999999999999842e-03,3.609166666666666339e-03,0.000000000000000000e+00
6.164539930555556352e-02,1.179999999999999842e-03,3.659583333333333265e-03,0.000000000000000000e+00
6.169791666666667174e-02,1.179999999999999842e-03,3.709999999999999756e-03,0.000000000000000000e+00
6.175043402777777996e-02,1.179999999999999842e-03,3.760416666666666682e-03,0.000000000000000000e+00
6.180295138888889511e-02,1.179999999999999842e-03,3.810833333333333173e-03,0.000000000000000000e+00
6.185546875000000333e-02,1.179999999999999842e-03,3.861249999999999665e-03,0.000000000000000000e+00
6.190798611111111849e-02,1.179999999999999842e-03,3.911666666666666591e-03,0.000000000000000000e+00
6.196050347222222671e-02,1.179999999999999842e-03,3.962083333333333082e-03,0.000000000000000000e+00
6.201302083333333492e-02,1.179999999999999842e-03,4.012499999999999574e-03,0.000000000000000000e+00
6.206553819444445008e-02,1.179999999999999842e-03,4.062916666666666066e-03,0.000000000000000000e+00
6.211805555555555830e-02,1.179999999999999842e-03,4.113333333333333425e-03,0.000000000000000000e+00
6.217057291666667346e-02,1.179999999999999842e-03,4.163749999999999916e-03,0.000000000000000000e+00
6.222309027777778168e-02,1.179999999999999842e-03,4.214166666666666408e-03,0.000000000000000000e+00
6.227560763888889683e-02,1.179999999999999842e-03,4.264583333333332900e-03,0.000000000000000000e+00
6.232812500000000505e-02,1.179999999999999842e-03,4.314999999999999392e-03,0.000000000000000000e+00
6.238064236111111327e-02,1.179999999999999842e-03,4.365416666666666751e-03,0.000000000000000000e+00
6.243315972222222843e-02,1.179999999999999842e-03,4.415833333333333242e-03,0.000000000000000000e+00
6.248567708333333665e-02,1.179999999999999842e-03,4.466249999999999734e-03,0.000000000000000000e+00
6.253819444444444486e-02,1.179999999999999842e-03,4.516666666666666226e-03,0.000000000000000000e+00
6.259071180555556002e-02,1.179999999999999842e-03,4.567083333333332718e-03,0.000000000000000000e+00
6.264322916666667518e-02,1.179999999999999842e-03,4.617500000000000077e-03,0.000000000000000000e+00
6.269574652777779034e-02,1.179999999999999842e-03,4.667916666666666568e-03,0.000000000000000000e+00
6.274826388888889162e-02,1.179999999999999842e-03,4.718333333333333060e-03,0.000000000000000000e+00
6.280078125000000677e-02,1.179999999999999842e-03,4.768749999999999552e-03,0.000000000000000000e+00
6.285329861111112193e-02,1.179999999999999842e-03,4.819166666666666043e-03,0.000000000000000000e+00
6.290581597222222321e-02,1.179999999999999842e-03,4.869583333333333403e-03,0.000000000000000000e+00
6.295833333333333837e-02,1.179999999999999842e-03,4.919999999999999894e-03,0.000000000000000000e+00
6.370833333333333903e-02,1.289999999999999914e-03,4.919999999999999894e-03,0.000000000000000000e+00
6.376085069444445419e-02,1.289999999999999914e-03,4.869583333333333403e-03,0.000000000000000000e+00
6.381336805555555547e-02,1.289999999999999914e-03,4.819166666666666911e-03,0.000000000000000000e+00
6.386588541666667063e-02,1.289999999999999914e-03,4.768749999999999552e-03,0.000000000000000000e+00
6.391840277777778578e-02,1.289999999999999914e-03,4.718333333333333060e-03,0.000000000000000000e+00
6.397092013888890094e-02,1.289999999999999914e-03,4.667916666666666568e-03,0.000000000000000000e+00
6.402343750000000222e-02,1.289999999999999914e-03,4.617500000000000077e-03,0.000000000000000000e+00
6.407595486111111738e-02,1.289999999999999914e-03,4.567083333333333585e-03,0.000000000000000000e+00
6.412847222222223253e-02,1.289999999999999914e-03,4.516666666666666226e-03,0.000000000000000000e+00
6.418098958333333381e-02,1.289999999999999914e-03,4.466249999999999734e-03,0.000000000000000000e+00
6.423350694444444897e-02,1.289999999999999914e-03,4.415833333333333242e-03,0.000000000000000000e+00
6.428602430555556413e-02,1.289999999999999914e-03,4.365416666666666751e-03,0.000000000000000000e+00
6.433854166666666541e-02,1.289999999999999914e-03,4.315000000000000259e-03,0.000000000000000000e+00
6.439105902777778057e-02,1.289999999999999914e-03,4.264583333333333767e-03,0.000000000000000000e+00
6.444357638888889572e-02,1.289999999999999914e-03,4.214166666666666408e-03,0.000000000000000000e+00
6.449609375000001088e-02,1.289999999999999914e-03,4.163749999999999916e-03,0.000000000000000000e+00
6.454861111111111216e-02,1.289999999999999914e-03,4.113333333333333425e-03,0.000000000000000000e+00
6.460112847222222732e-02,1.289999999999999914e-03,4.062916666666666933e-03,0.000000000000000000e+00
6.465364583333334247e-02,1.289999999999999914e-03,4.012500000000000441e-03,0.000000000000000000e+00
6.470616319444444375e-02,1.289999999999999914e-03,3.962083333333333082e-03,0.000000000000000000e+00
6.475868055555555891e-02,1.289999999999999914e-03,3.911666666666666591e-03,0.000000000000000000e+00
6.481119791666667407e-02,1.289999999999999914e-03,3.861250000000000099e-03,0.000000000000000000e+00
6.486371527777778923e-02,1.289999999999999914e-03,3.810833333333333607e-03,0.000000000000000000e+00
6.491623263888889050e-02,1.289999999999999914e-03,3.760416666666666682e-03,0.000000000000000000e+00
6.496875000000000566e-02,1.289999999999999914e-03,3.709999999999999756e-03,0.000000000000000000e+00
6.502126736111112082e-02,1.289999999999999914e-03,3.659583333333333265e-03,0.000000000000000000e+00
6.507378472222222210e-02,1.289999999999999914e-03,3.609166666666666773e-03,0.000000000000000000e+00
6.512630208333333726e-02,1.289999999999999914e-03,3.558750000000000281e-03,0.000000000000000000e+00
6.517881944444445241e-02,1.289999999999999914e-03,3.508333333333333356e-03,0.000000000000000000e+00
6.523133680555556757e-02,1.289999999999999914e-03,3.457916666666666430e-03,0.000000000000000000e+00
6.528385416666666885e-02,1.289999999999999914e-03,3.407499999999999939e-03,0.000000000000000000e+00
6.533637152777778401e-02,1.289999999999999914e-03,3.357083333333333447e-03,0.000000000000000000e+00
6.538888888888889916e-02,1.289999999999999914e-03,3.306666666666666955e-03,0.000000000000000000e+00
6.544140625000000044e-02,1.289999999999999914e-03,3.256250000000000030e-03,0.000000000000000000e+00
6.549392361111111560e-02,1.289999999999999914e-03,3.205833333333333104e-03,0.000000000000000000e+00
6.554644097222223076e-02,1.289999999999999914e-03,3.155416666666666613e-03,0.000000000000000000e+00
6.559895833333334592e-02,1.289999999999999914e-03,3.105000000000000121e-03,0.000000000000000000e+00
6.565147569444444720e-02,1.289999999999999914e-03,3.054583333333333629e-03,0.000000000000000000e+00
6.570399305555556235e-02,1.289999999999999914e-03,3.004166666666666704e-03,0.000000000000000000e+00
6.575651041666667751e-02,1.289999999999999914e-03,2.953750000000000212e-03,0.000000000000000000e+00
6.580902777777777879e-02,1.289999999999999914e-03,2.903333333333333287e-03,0.000000000000000000e+00
6.586154513888889395e-02,1.289999999999999914e-03,2.852916666666666795e-03,0.000000000000000000e+00
6.591406250000000910e-02,1.289999999999999914e-03,2.802500000000000303e-03,0.000000000000000000e+00
6.596657986111111038e-02,1.289999999999999914e-03,2.752083333333333378e-03,0.000000000000000000e+00
6.601909722222222554e-02,1.289999999999999914e-03,2.701666666666666886e-03,0.000000000000000000e+00
6.607161458333334070e-02,1.289999999999999914e-03,2.651249999999999961e-03,0.000000000000000000e+00
6.612413194444445586e-02,1.289999999999999914e-03,2.600833333333333469e-03,0.000000000000000000e+00
6.617664930555555713e-02,1.289999999999999914e-03,2.550416666666666977e-03,0.000000000000000000e+00
6.622916666666667229e-02,1.289999999999999914e-03,2.500000000000000052e-03,0.000000000000000000e+00
6.628168402777778745e-02,1.289999999999999914e-03,2.449583333333333560e-03,0.000000000000000000e+00
6.633420138888888873e-02,1.289999999999999914e-03,2.399166666666666635e-03,0.000000000000000000e+00
6.638671875000000389e-02,1.289999999999999914e-03,2.348750000000000143e-03,0.000000000000000000e+00
6.643923611111111904e-02,1.289999999999999914e-03,2.298333333333333652e-03,0.000000000000000000e+00
6.649175347222223420e-02,1.289999999999999914e-03,2.247916666666666726e-03,0.000000000000000000e+00
6.654427083333333548e-02,1.289999999999999914e-03,2.197500000000000234e-03,0.000000000000000000e+00
6.659678819444445064e-02,1.289999999999999914e-03,2.147083333333333743e-03,0.000000000000000000e+00
6.664930555555556579e-02,1.289999999999999914e-03,2.096666666666666817e-03,0.000000000000000000e+00
6.670182291666666707e-02,1.289999999999999914e-03,2.046250000000000326e-03,0.000000000000000000e+00
6.675434027777778223e-02,1.289999999999999914e-03,1.995833333333333400e-03,0.000000000000000000e+00
6.680685763888889739e-02,1.289999999999999914e-03,1.945416666666666908e-03,0.000000000000000000e+00
6.685937499999999867e-02,1.289999999999999914e-03,1.895000000000000417e-03,0.000000000000000000e+00
6.691189236111111382e-02,1.289999999999999914e-03,1.844583333333333491e-03,0.000000000000000000e+00
6.696440972222222898e-02,1.289999999999999914e-03,1.794166666666667000e-03,0.000000000000000000e+00
6.701692708333334414e-02,1.289999999999999914e-03,1.743750000000000074e-03,0.000000000000000000e+00
6.706944444444444542e-02,1.289999999999999914e-03,1.693333333333333583e-03,0.000000000000000000e+00
6.712196180555556058e-02,1.289999999999999914e-03,1.642916666666667091e-03,0.000000000000000000e+00
6.717447916666667573e-02,1.289999999999999914e-03,1.592500000000000165e-03,0.000000000000000000e+00
6.722699652777777701e-02,1.289999999999999914e-03,1.542083333333333674e-03,0.000000000000000000e+00
6.727951388888889217e-02,1.289999999999999914e-03,1.491666666666666748e-03,0.000000000000000000e+00
6.733203125000000733e-02,1.289999999999999914e-03,1.441250000000000257e-03,0.000000000000000000e+00
6.738454861111112248e-02,1.289999999999999914e-03,1.390833333333333765e-03,0.000000000000000000e+00
6.743706597222222376e-02,1.289999999999999914e-03,1.340416666666666839e-03,0.000000000000000000e+00
6.748958333333333892e-02,1.289999999999999914e-03,1.290000000000000348e-03,0.000000000000000000e+00
6.754210069444445408e-02,1.289999999999999914e-03,1.239583333333333422e-03,0.000000000000000000e+00
6.759461805555555536e-02,1.289999999999999914e-03,1.189166666666666931e-03,0.000000000000000000e+00
6.764713541666667052e-02,1.289999999999999914e-03,1.138750000000000439e-03,0.000000000000000000e+00
6.769965277777778567e-02,1.289999999999999914e-03,1.088333333333333514e-03,0.000000000000000000e+00
6.775217013888890083e-02,1.289999999999999914e-03,1.037916666666667022e-03,0.000000000000000000e+00
6.780468750000000211e-02,1.289999999999999914e-03,9.875000000000005301e-04,0.000000000000000000e+00
6.785720486111111727e-02,1.289999999999999914e-03,9.370833333333340384e-04,0.000000000000000000e+00
6.790972222222223242e-02,1.289999999999999914e-03,8.866666666666666793e-04,0.000000000000000000e+00
6.796223958333333370e-02,1.289999999999999914e-03,8.362500000000001876e-04,0.000000000000000000e+00
6.801475694444444886e-02,1.289999999999999914e-03,7.858333333333336959e-04,0.000000000000000000e+00
6.806727430555556402e-02,1.289999999999999914e-03,7.354166666666672042e-04,0.000000000000000000e+00
6.811979166666667918e-02,1.289999999999999914e-03,6.850000000000007125e-04,0.000000000000000000e+00
6.817230902777778045e-02,1.289999999999999914e-03,6.345833333333333534e-04,0.000000000000000000e+00
6.822482638888889561e-02,1.289999999999999914e-03,5.841666666666668617e-04,0.000000000000000000e+00
6.827734375000001077e-02,1.289999999999999914e-03,5.337500000000003700e-04,0.000000000000000000e+00
6.832986111111111205e-02,1.289999999999999914e-03,4.833333333333338783e-04,0.000000000000000000e+00
6.838237847222222721e-02,1.289999999999999914e-03,4.329166666666673866e-04,0.000000000000000000e+00
6.843489583333334236e-02,1.289999999999999914e-03,3.825000000000000275e-04,0.000000000000000000e+00
6.848741319444445752e-02,1.289999999999999914e-03,3.320833333333335358e-04,0.000000000000000000e+00
6.853993055555555880e-02,1.289999999999999914e-03,2.816666666666670440e-04,0.000000000000000000e+00
6.859244791666667396e-02,1.289999999999999914e-03,2.312500000000005523e-04,0.000000000000000000e+00
6.864496527777778911e-02,1.289999999999999914e-03,1.808333333333340606e-04,0.000000000000000000e+00
6.869748263888889039e-02,1.289999999999999914e-03,1.304166666666667015e-04,0.000000000000000000e+00
6.875000000000000555e-02,1.289999999999999914e-03,8.000000000000000654e-05,0.000000000000000000e+00
6.950000000000000622e-02,1.399999999999999986e-03,8.000000000000000654e-05,0.000000000000000000e+00
6.955251736111112137e-02,1.399999999999999986e-03,1.304166666666666744e-04,0.000000000000000000e+00
6.960503472222222265e-02,1.399999999999999986e-03,1.808333333333333288e-04,0.000000000000000000e+00
6.965755208333333781e-02,1.399999999999999986e-03,2.312500000000000102e-04,0.000000000000000000e+00
6.971006944444445297e-02,1.399999999999999986e-03,2.816666666666666646e-04,0.000000000000000000e+00
6.976258680555556813e-02,1.399999999999999986e-03,3.320833333333333189e-04,0.000000000000000000e+00
6.981510416666666941e-02,1.399999999999999986e-03,3.824999999999999733e-04,0.000000000000000000e+00
6.986762152777778456e-02,1.399999999999999986e-03,4.329166666666666276e-04,0.000000000000000000e+00
6.992013888888889972e-02,1.399999999999999986e-03,4.833333333333332820e-04,0.000000000000000000e+00
6.997265625000000100e-02,1.399999999999999986e-03,5.337499999999999363e-04,0.000000000000000000e+00
7.002517361111111616e-02,1.399999999999999986e-03,5.841666666666666449e-04,0.000000000000000000e+00
7.007769097222223131e-02,1.399999999999999986e-03,6.345833333333332450e-04,0.000000000000000000e+00
7.013020833333333259e-02,1.399999999999999986e-03,6.849999999999999535e-04,0.000000000000000000e+00
7.018272569444444775e-02,1.399999999999999986e-03,7.354166666666665537e-04,0.000000000000000000e+00
7.023524305555556291e-02,1.399999999999999986e-03,7.858333333333332622e-04,0.000000000000000000e+00
7.028776041666667806e-02,1.399999999999999986e-03,8.362499999999998624e-04,0.000000000000000000e+00
7.034027777777777934e-02,1.399999999999999986e-03,8.866666666666665709e-04,0.000000000000000000e+00
7.039279513888889450e-02,1.399999999999999986e-03,9.370833333333332795e-04,0.000000000000000000e+00
7.044531250000000966e-02,1.399999999999999986e-03,9.874999999999998796e-04,0.000000000000000000e+00
7.049782986111111094e-02,1.399999999999999986e-03,1.037916666666666588e-03,0.000000000000000000e+00
7.055034722222222610e-02,1.399999999999999986e-03,1.088333333333333297e-03,0.000000000000000000e+00
7.060286458333334125e-02,1.399999999999999986e-03,1.138749999999999788e-03,0.000000000000000000e+00
7.065538194444445641e-02,1.399999999999999986e-03,1.189166666666666497e-03,0.000000000000000000e+00
7.070789930555555769e-02,1.399999999999999986e-03,1.239583333333333206e-03,0.000000000000000000e+00
7.076041666666667285e-02,1.399999999999999986e-03,1.289999999999999914e-03,0.000000000000000000e+00
7.081293402777778800e-02,1.399999999999999986e-03,1.340416666666666623e-03,0.000000000000000000e+00
7.086545138888888928e-02,1.399999999999999986e-03,1.390833333333333114e-03,0.000000000000000000e+00
7.091796875000000444e-02,1.399999999999999986e-03,1.441249999999999823e-03,0.000000000000000000e+00
7.097048611111111960e-02,1.399999999999999986e-03,1.491666666666666531e-03,0.000000000000000000e+00
7.102300347222223476e-02,1.399999999999999986e-03,1.542083333333333240e-03,0.000000000000000000e+00
7.107552083333333603e-02,1.399999999999999986e-03,1.592499999999999732e-03,0.000000000000000000e+00
7.112803819444445119e-02,1.399999999999999986e-03,1.642916666666666440e-03,0.000000000000000000e+00
7.118055555555556635e-02,1.399999999999999986e-03,1.693333333333333149e-03,0.000000000000000000e+00
7.123307291666666763e-02,1.399999999999999986e-03,1.743749999999999857e-03,0.000000000000000000e+00
7.128559027777778279e-02,1.399999999999999986e-03,1.794166666666666566e-03,0.000000000000000000e+00
7.133810763888889794e-02,1.399999999999999986e-03,1.844583333333333058e-03,0.000000000000000000e+00
7.139062500000001310e-02,1.399999999999999986e-03,1.894999999999999766e-03,0.000000000000000000e+00
7.144314236111111438e-02,1.399999999999999986e-03,1.945416666666666475e-03,0.000000000000000000e+00
7.149565972222222954e-02,1.399999999999999986e-03,1.995833333333333400e-03,0.000000000000000000e+00
7.154817708333334469e-02,1.399999999999999986e-03,2.046249999999999892e-03,0.000000000000000000e+00
7.160069444444444597e-02,1.399999999999999986e-03,2.096666666666666817e-03,0.000000000000000000e+00
7.165321180555556113e-02,1.399999999999999986e-03,2.147083333333333309e-03,0.000000000000000000e+00
7.170572916666667629e-02,1.399999999999999986e-03,2.197499999999999801e-03,0.000000000000000000e+00
7.175824652777777757e-02,1.399999999999999986e-03,2.247916666666666726e-03,0.000000000000000000e+00
7.181076388888889273e-02,1.399999999999999986e-03,2.298333333333333218e-03,0.000000000000000000e+00
7.186328125000000788e-02,1.399999999999999986e-03,2.348750000000000143e-03,0.000000000000000000e+00
7.191579861111112304e-02,1.399999999999999986e-03,2.399166666666666635e-03,0.000000000000000000e+00
7.196831597222222432e-02,1.399999999999999986e-03,2.449583333333333127e-03,0.000000000000000000e+00
7.202083333333333948e-02,1.399999999999999986e-03,2.500000000000000052e-03,0.000000000000000000e+00
7.207335069444445463e-02,1.399999999999999986e-03,2.550416666666666544e-03,0.000000000000000000e+00
7.212586805555555591e-02,1.399999999999999986e-03,2.600833333333333469e-03,0.000000000000000000e+00
7.217838541666667107e-02,1.399999999999999986e-03,2.651249999999999961e-03,0.000000000000000000e+00
7.223090277777778623e-02,1.399999999999999986e-03,2.701666666666666453e-03,0.000000000000000000e+00
7.228342013888890139e-02,1.399999999999999986e-03,2.752083333333333378e-03,0.000000000000000000e+00
7.233593750000000266e-02,1.399999999999999986e-03,2.802499999999999870e-03,0.000000000000000000e+00
7.238845486111111782e-02,1.399999999999999986e-03,2.852916666666666361e-03,0.000000000000000000e+00
7.244097222222223298e-02,1.399999999999999986e-03,2.903333333333333287e-03,0.000000000000000000e+00
7.249348958333333426e-02,1.399999999999999986e-03,2.953749999999999779e-03,0.000000000000000000e+00
7.254600694444444942e-02,1.399999999999999986e-03,3.004166666666666704e-03,0.000000000000000000e+00
7.259852430555556457e-02,1.399999999999999986e-03,3.054583333333333196e-03,0.000000000000000000e+00
7.265104166666666585e-02,1.399999999999999986e-03,3.104999999999999687e-03,0.000000000000000000e+00
7.270355902777778101e-02,1.399999999999999986e-03,3.155416666666666613e-03,0.000000000000000000e+00
7.275607638888889617e-02,1.399999999999999986e-03,3.205833333333333104e-03,0.000000000000000000e+00
7.280859375000001132e-02,1.399999999999999986e-03,3.256250000000000030e-03,0.000000000000000000e+00
7.286111111111111260e-02,1.399999999999999986e-03,3.306666666666666522e-03,0.000000000000000000e+00
7.291362847222222776e-02,1.399999999999999986e-03,3.357083333333333013e-03,0.000000000000000000e+00
7.296614583333334292e-02,1.399999999999999986e-03,3.407499999999999939e-03,0.000000000000000000e+00
7.301866319444444420e-02,1.399999999999999986e-03,3.457916666666666430e-03,0.000000000000000000e+00
7.307118055555555935e-02,1.399999999999999986e-03,3.508333333333333356e-03,0.000000000000000000e+00
7.312369791666667451e-02,1.399999999999999986e-03,3.558749999999999847e-03,0.000000000000000000e+00
7.317621527777778967e-02,1.399999999999999986e-03,3.609166666666666339e-03,0.000000000000000000e+00
7.322873263888889095e-02,1.399999999999999986e-03,3.659583333333333265e-03,0.000000000000000000e+00
7.328125000000000611e-02,1.399999999999999986e-03,3.709999999999999756e-03,0.000000000000000000e+00
7.333376736111112126e-02,1.399999999999999986e-03,3.760416666666666682e-03,0.000000000000000000e+00
7.338628472222222254e-02,1.399999999999999986e-03,3.810833333333333173e-03,0.000000000000000000e+00
7.343880208333333770e-02,1.399999999999999986e-03,3.861249999999999665e-03,0.000000000000000000e+00
7.349131944444445286e-02,1.399999999999999986e-03,3.911666666666666591e-03,0.000000000000000000e+00
7.354383680555556801e-02,1.399999999999999986e-03,3.962083333333333082e-03,0.000000000000000000e+00
7.359635416666666929e-02,1.399999999999999986e-03,4.012499999999999574e-03,0.000000000000000000e+00
7.364887152777778445e-02,1.399999999999999986e-03,4.062916666666666066e-03,0.000000000000000000e+00
7.370138888888889961e-02,1.399999999999999986e-03,4.113333333333333425e-03,0.000000000000000000e+00
7.375390625000000089e-02,1.399999999999999986e-03,4.163749999999999916e-03,0.000000000000000000e+00
7.380642361111111605e-02,1.399999999999999986e-03,4.214166666666666408e-03,0.000000000000000000e+00
7.385894097222223120e-02,1.399999999999999986e-03,4.264583333333332900e-03,0.000000000000000000e+00
7.391145833333334636e-02,1.399999999999999986e-03,4.314999999999999392e-03,0.000000000000000000e+00
7.396397569444444764e-02,1.399999999999999986e-03,4.365416666666666751e-03,0.000000000000000000e+00
7.401649305555556280e-02,1.399999999999999986e-03,4.415833333333333242e-03,0.000000000000000000e+00
7.406901041666667795e-02,1.399999999999999986e-03,4.466249999999999734e-03,0.000000000000000000e+00
7.412152777777777923e-02,1.399999999999999986e-03,4.516666666666666226e-03,0.000000000000000000e+00
7.417404513888889439e-02,1.399999999999999986e-03,4.567083333333332718e-03,0.000000000000000000e+00
7.422656250000000955e-02,1.399999999999999986e-03,4.617500000000000077e-03,0.000000000000000000e+00
7.427907986111112471e-02,1.399999999999999986e-03,4.667916666666666568e-03,0.000000000000000000e+00
7.433159722222222598e-02,1.399999999999999986e-03,4.718333333333333060e-03,0.000000000000000000e+00
7.438411458333334114e-02,1.399999999999999986e-03,4.768749999999999552e-03,0.000000000000000000e+00
7.443663194444445630e-02,1.399999999999999986e-03,4.819166666666666043e-03,0.000000000000000000e+00
7.448914930555555758e-02,1.399999999999999986e-03,4.869583333333333403e-03,0.000000000000000000e+00
7.454166666666667274e-02,1.399999999999999986e-03,4.919999999999999894e-03,0.000000000000000000e+00
7.529166666666667340e-02,1.509999999999999841e-03,4.919999999999999894e-03,0.000000000000000000e+00
7.534418402777778856e-02,1.509999999999999841e-03,4.869583333333333403e-03,0.000000000000000000e+00
7.539670138888888984e-02,1.509999999999999841e-03,4.819166666666666911e-03,0.000000000000000000e+00
7.544921875000000500e-02,1.509999999999999841e-03,4.768749999999999552e-03,0.000000000000000000e+00
7.550173611111112015e-02,1.509999999999999841e-03,4.718333333333333060e-03,0.000000000000000000e+00
7.555425347222223531e-02,1.509999999999999841e-03,4.667916666666666568e-03,0.000000000000000000e+00
7.560677083333333659e-02,1.509999999999999841e-03,4.617500000000000077e-03,0.000000000000000000e+00
7.565928819444445175e-02,1.509999999999999841e-03,4.567083333333333585e-03,0.000000000000000000e+00
7.571180555555556690e-02,1.509999999999999841e-03,4.516666666666666226e-03,0.000000000000000000e+00
7.576432291666666818e-02,1.509999999999999841e-03,4.466249999999999734e-03,0.000000000000000000e+00
7.581684027777778334e-02,1.509999999999999841e-03,4.415833333333333242e-03,0.000000000000000000e+00
7.586935763888889850e-02,1.509999999999999841e-03,4.365416666666666751e-03,0.000000000000000000e+00
7.592187499999999978e-02,1.509999999999999841e-03,4.315000000000000259e-03,0.000000000000000000e+00
7.597439236111111494e-02,1.509999999999999841e-03,4.264583333333333767e-03,0.000000000000000000e+00
7.602690972222223009e-02,1.509999999999999841e-03,4.214166666666666408e-03,0.000000000000000000e+00
7.607942708333334525e-02,1.509999999999999841e-03,4.163749999999999916e-03,0.000000000000000000e+00
7.613194444444444653e-02,1.509999999999999841e-03,4.113333333333333425e-03,0.000000000000000000e+00
7.618446180555556169e-02,1.509999999999999841e-03,4.062916666666666933e-03,0.000000000000000000e+00
7.623697916666667684e-02,1.509999999999999841e-03,4.012500000000000441e-03,0.000000000000000000e+00
7.628949652777777812e-02,1.509999999999999841e-03,3.962083333333333082e-03,0.000000000000000000e+00
7.634201388888889328e-02,1.509999999999999841e-03,3.911666666666666591e-03,0.000000000000000000e+00
7.639453125000000844e-02,1.509999999999999841e-03,3.861250000000000099e-03,0.000000000000000000e+00
7.644704861111112359e-02,1.509999999999999841e-03,3.810833333333333607e-03,0.000000000000000000e+00
7.649956597222222487e-02,1.509999999999999841e-03,3.760416666666666682e-03,0.000000000000000000e+00
7.655208333333334003e-02,1.509999999999999841e-03,3.709999999999999756e-03,0.000000000000000000e+00
7.660460069444445519e-02,1.509999999999999841e-03,3.659583333333333265e-03,0.000000000000000000e+00
7.665711805555555647e-02,1.509999999999999841e-03,3.609166666666666773e-03,0.000000000000000000e+00
7.670963541666667163e-02,1.509999999999999841e-03,3.558750000000000281e-03,0.000000000000000000e+00
7.676215277777778678e-02,1.509999999999999841e-03,3.508333333333333356e-03,0.000000000000000000e+00
7.681467013888890194e-02,1.509999999999999841e-03,3.457916666666666430e-03,0.000000000000000000e+00
7.686718750000000322e-02,1.509999999999999841e-03,3.407499999999999939e-03,0.000000000000000000e+00
7.691970486111111838e-02,1.509999999999999841e-03,3.357083333333333447e-03,0.000000000000000000e+00
7.697222222222223353e-02,1.509999999999999841e-03,3.306666666666666955e-03,0.000000000000000000e+00
7.702473958333333481e-02,1.509999999999999841e-03,3.256250000000000030e-03,0.000000000000000000e+00
7.707725694444444997e-02,1.509999999999999841e-03,3.205833333333333104e-03,0.000000000000000000e+00
7.712977430555556513e-02,1.509999999999999841e-03,3.155416666666666613e-03,0.000000000000000000e+00
7.718229166666668029e-02,1.509999999999999841e-03,3.105000000000000121e-03,0.000000000000000000e+00
7.723480902777778156e-02,1.509999999999999841e-03,3.054583333333333629e-03,0.000000000000000000e+00
7.728732638888889672e-02,1.509999999999999841e-03,3.004166666666666704e-03,0.000000000000000000e+00
7.733984375000001188e-02,1.509999999999999841e-03,2.953750000000000212e-03,0.000000000000000000e+00
7.739236111111111316e-02,1.509999999999999841e-03,2.903333333333333287e-03,0.000000000000000000e+00
7.744487847222222832e-02,1.509999999999999841e-03,2.852916666666666795e-03,0.000000000000000000e+00
7.749739583333334347e-02,1.509999999999999841e-03,2.802500000000000303e-03,0.000000000000000000e+00
7.754991319444444475e-02,1.509999999999999841e-03,2.752083333333333378e-03,0.000000000000000000e+00
7.760243055555555991e-02,1.509999999999999841e-03,2.701666666666666886e-03,0.000000000000000000e+00
7.765494791666667507e-02,1.509999999999999841e-03,2.651249999999999961e-03,0.000000000000000000e+00
7.770746527777779022e-02,1.509999999999999841e-03,2.600833333333333469e-03,0.000000000000000000e+00
7.775998263888889150e-02,1.509999999999999841e-03,2.550416666666666977e-03,0.000000000000000000e+00
7.781250000000000666e-02,1.509999999999999841e-03,2.500000000000000052e-03,0.000000000000000000e+00
7.786501736111112182e-02,1.509999999999999841e-03,2.449583333333333560e-03,0.000000000000000000e+00
7.791753472222222310e-02,1.509999999999999841e-03,2.399166666666666635e-03,0.000000000000000000e+00
7.797005208333333826e-02,1.509999999999999841e-03,2.348750000000000143e-03,0.000000000000000000e+00
7.802256944444445341e-02,1.509999999999999841e-03,2.298333333333333652e-03,0.000000000000000000e+00
7.807508680555556857e-02,1.509999999999999841e-03,2.247916666666666726e-03,0.000000000000000000e+00
7.812760416666666985e-02,1.509999999999999841e-03,2.197500000000000234e-03,0.000000000000000000e+00
7.818012152777778501e-02,1.509999999999999841e-03,2.147083333333333743e-03,0.000000000000000000e+00
7.823263888888890016e-02,1.509999999999999841e-03,2.096666666666666817e-03,0.000000000000000000e+00
7.828515625000000144e-02,1.509999999999999841e-03,2.046250000000000326e-03,0.000000000000000000e+00
7.833767361111111660e-02,1.509999999999999841e-03,1.995833333333333400e-03,0.000000000000000000e+00
7.839019097222223176e-02,1.509999999999999841e-03,1.945416666666666908e-03,0.000000000000000000e+00
7.844270833333333304e-02,1.509999999999999841e-03,1.895000000000000417e-03,0.000000000000000000e+00
7.849522569444444819e-02,1.509999999999999841e-03,1.844583333333333491e-03,0.000000000000000000e+00
7.854774305555556335e-02,1.509999999999999841e-03,1.794166666666667000e-03,0.000000000000000000e+00
7.860026041666667851e-02,1.509999999999999841e-03,1.743750000000000074e-03,0.000000000000000000e+00
7.865277777777777979e-02,1.509999999999999841e-03,1.693333333333333583e-03,0.000000000000000000e+00
7.870529513888889495e-02,1.509999999999999841e-03,1.642916666666667091e-03,0.000000000000000000e+00
7.875781250000001010e-02,1.509999999999999841e-03,1.592500000000000165e-03,0.000000000000000000e+00
7.881032986111111138e-02,1.509999999999999841e-03,1.542083333333333674e-03,0.000000000000000000e+00
7.886284722222222654e-02,1.509999999999999841e-03,1.491666666666666748e-03,0.000000000000000000e+00
7.891536458333334170e-02,1.509999999999999841e-03,1.441250000000000257e-03,0.000000000000000000e+00
7.896788194444445685e-02,1.509999999999999841e-03,1.390833333333333765e-03,0.000000000000000000e+00
7.902039930555555813e-02,1.509999999999999841e-03,1.340416666666666839e-03,0.000000000000000000e+00
7.907291666666667329e-02,1.509999999999999841e-03,1.290000000000000348e-03,0.000000000000000000e+00
7.912543402777778845e-02,1.509999999999999841e-03,1.239583333333333422e-03,0.000000000000000000e+00
7.917795138888888973e-02,1.509999999999999841e-03,1.189166666666666931e-03,0.000000000000000000e+00
7.923046875000000488e-02,1.509999999999999841e-03,1.138750000000000439e-03,0.000000000000000000e+00
7.928298611111112004e-02,1.509999999999999841e-03,1.088333333333333514e-03,0.000000000000000000e+00
7.933550347222223520e-02,1.509999999999999841e-03,1.037916666666667022e-03,0.000000000000000000e+00
7.938802083333333648e-02,1.509999999999999841e-03,9.875000000000005301e-04,0.000000000000000000e+00
7.944053819444445164e-02,1.509999999999999841e-03,9.370833333333340384e-04,0.000000000000000000e+00
7.949305555555556679e-02,1.509999999999999841e-03,8.866666666666666793e-04,0.000000000000000000e+00
7.954557291666666807e-02,1.509999999999999841e-03,8.362500000000001876e-04,0.000000000000000000e+00
7.959809027777778323e-02,1.509999999999999841e-03,7.858333333333336959e-04,0.000000000000000000e+00
7.965060763888889839e-02,1.509999999999999841e-03,7.354166666666672042e-04,0.000000000000000000e+00
7.970312500000001354e-02,1.509999999999999841e-03,6.850000000000007125e-04,0.000000000000000000e+00
7.975564236111111482e-02,1.509999999999999841e-03,6.345833333333333534e-04,0.000000000000000000e+00
7.980815972222222998e-02,1.509999999999999841e-03,5.841666666666668617e-04,0.000000000000000000e+00
7.986067708333334514e-02,1.509999999999999841e-03,5.337500000000003700e-04,0.000000000000000000e+00
7.991319444444444642e-02,1.509999999999999841e-03,4.833333333333338783e-04,0.000000000000000000e+00
7.996571180555556158e-02,1.509999999999999841e-03,4.329166666666673866e-04,0.000000000000000000e+00
8.001822916666667673e-02,1.509999999999999841e-03,3.825000000000000275e-04,0.000000000000000000e+00
8.007074652777779189e-02,1.509999999999999841e-03,3.320833333333335358e-04,0.000000000000000000e+00
8.012326388888889317e-02,1.509999999999999841e-03,2.816666666666670440e-04,0.000000000000000000e+00
8.017578125000000833e-02,1.509999999999999841e-03,2.312500000000005523e-04,0.000000000000000000e+00
8.022829861111112348e-02,1.509999999999999841e-03,1.808333333333340606e-04,0.000000000000000000e+00
8.028081597222222476e-02,1.509999999999999841e-03,1.304166666666667015e-04,0.000000000000000000e+00
8.033333333333333992e-02,1.509999999999999841e-03,8.000000000000000654e-05,0.000000000000000000e+00
8.108333333333334059e-02,1.619999999999999912e-03,8.000000000000000654e-05,0.000000000000000000e+00
8.113585069444445574e-02,1.619999999999999912e-03,1.304166666666666744e-04,0.000000000000000000e+00
8.118836805555555702e-02,1.619999999999999912e-03,1.808333333333333288e-04,0.000000000000000000e+00
8.124088541666667218e-02,1.619999999999999912e-03,2.312500000000000102e-04,0.000000000000000000e+00
8.129340277777778734e-02,1.619999999999999912e-03,2.816666666666666646e-04,0.000000000000000000e+00
8.134592013888890250e-02,1.619999999999999912e-03,3.320833333333333189e-04,0.000000000000000000e+00
8.139843750000000377e-02,1.619999999999999912e-03,3.824999999999999733e-04,0.000000000000000000e+00
8.145095486111111893e-02,1.619999999999999912e-03,4.329166666666666276e-04,0.000000000000000000e+00
8.150347222222223409e-02,1.619999999999999912e-03,4.833333333333332820e-04,0.000000000000000000e+00
8.155598958333333537e-02,1.619999999999999912e-03,5.337499999999999363e-04,0.000000000000000000e+00
8.160850694444445053e-02,1.619999999999999912e-03,5.841666666666666449e-04,0.000000000000000000e+00
8.166102430555556568e-02,1.619999999999999912e-03,6.345833333333332450e-04,0.000000000000000000e+00
8.171354166666666696e-02,1.619999999999999912e-03,6.849999999999999535e-04,0.000000000000000000e+00
8.176605902777778212e-02,1.619999999999999912e-03,7.354166666666665537e-04,0.000000000000000000e+00
8.181857638888889728e-02,1.619999999999999912e-03,7.858333333333332622e-04,0.000000000000000000e+00
8.187109375000001243e-02,1.619999999999999912e-03,8.362499999999998624e-04,0.000000000000000000e+00
8.192361111111111371e-02,1.619999999999999912e-03,8.866666666666665709e-04,0.000000000000000000e+00
8.197612847222222887e-02,1.619999999999999912e-03,9.370833333333332795e-04,0.000000000000000000e+00
8.202864583333334403e-02,1.619999999999999912e-03,9.874999999999998796e-04,0.000000000000000000e+00
8.208116319444444531e-02,1.619999999999999912e-03,1.037916666666666588e-03,0.000000000000000000e+00
8.213368055555556047e-02,1.619999999999999912e-03,1.088333333333333297e-03,0.000000000000000000e+00
8.218619791666667562e-02,1.619999999999999912e-03,1.138749999999999788e-03,0.000000000000000000e+00
8.223871527777779078e-02,1.619999999999999912e-03,1.189166666666666497e-03,0.000000000000000000e+00
8.229123263888889206e-02,1.619999999999999912e-03,1.239583333333333206e-03,0.000000000000000000e+00
8.234375000000000722e-02,1.619999999999999912e-03,1.289999999999999914e-03,0.000000000000000000e+00
8.239626736111112237e-02,1.619999999999999912e-03,1.340416666666666623e-03,0.000000000000000000e+00
8.244878472222222365e-02,1.619999999999999912e-03,1.390833333333333114e-03,0.000000000000000000e+00
8.250130208333333881e-02,1.619999999999999912e-03,1.441249999999999823e-03,0.000000000000000000e+00
8.255381944444445397e-02,1.619999999999999912e-03,1.491666666666666531e-03,0.000000000000000000e+00
8.260633680555556912e-02,1.619999999999999912e-03,1.542083333333333240e-03,0.000000000000000000e+00
8.265885416666667040e-02,1.619999999999999912e-03,1.592499999999999732e-03,0.000000000000000000e+00
8.271137152777778556e-02,1.619999999999999912e-03,1.642916666666666440e-03,0.000000000000000000e+00
8.276388888888890072e-02,1.619999999999999912e-03,1.693333333333333149e-03,0.000000000000000000e+00
8.281640625000000200e-02,1.619999999999999912e-03,1.743749999999999857e-03,0.000000000000000000e+00
8.286892361111111716e-02,1.619999999999999912e-03,1.794166666666666566e-03,0.000000000000000000e+00
8.292144097222223231e-02,1.619999999999999912e-03,1.844583333333333058e-03,0.000000000000000000e+00
8.297395833333334747e-02,1.619999999999999912e-03,1.894999999999999766e-03,0.000000000000000000e+00
8.302647569444444875e-02,1.619999999999999912e-03,1.945416666666666475e-03,0.000000000000000000e+00
8.307899305555556391e-02,1.619999999999999912e-03,1.995833333333333400e-03,0.000000000000000000e+00
8.313151041666667906e-02,1.619999999999999912e-03,2.046249999999999892e-03,0.000000000000000000e+00
8.318402777777778034e-02,1.619999999999999912e-03,2.096666666666666817e-03,0.000000000000000000e+00
8.323654513888889550e-02,1.619999999999999912e-03,2.147083333333333309e-03,0.000000000000000000e+00
8.328906250000001066e-02,1.619999999999999912e-03,2.197499999999999801e-03,0.000000000000000000e+00
8.334157986111111194e-02,1.619999999999999912e-03,2.247916666666666726e-03,0.000000000000000000e+00
8.339409722222222709e-02,1.619999999999999912e-03,2.298333333333333218e-03,0.000000000000000000e+00
8.344661458333334225e-02,1.619999999999999912e-03,2.348750000000000143e-03,0.000000000000000000e+00
8.349913194444445741e-02,1.619999999999999912e-03,2.399166666666666635e-03,0.000000000000000000e+00
8.355164930555555869e-02,1.619999999999999912e-03,2.449583333333333127e-03,0.000000000000000000e+00
8.360416666666667385e-02,1.619999999999999912e-03,2.500000000000000052e-03,0.000000000000000000e+00
8.365668402777778900e-02,1.619999999999999912e-03,2.550416666666666544e-03,0.000000000000000000e+00
8.370920138888889028e-02,1.619999999999999912e-03,2.600833333333333469e-03,0.000000000000000000e+00
8.376171875000000544e-02,1.619999999999999912e-03,2.651249999999999961e-03,0.000000000000000000e+00
8.381423611111112060e-02,1.619999999999999912e-03,2.701666666666666453e-03,0.000000000000000000e+00
8.386675347222223575e-02,1.619999999999999912e-03,2.752083333333333378e-03,0.000000000000000000e+00
8.391927083333333703e-02,1.619999999999999912e-03,2.802499999999999870e-03,0.000000000000000000e+00
8.397178819444445219e-02,1.619999999999999912e-03,2.852916666666666361e-03,0.000000000000000000e+00
8.402430555555556735e-02,1.619999999999999912e-03,2.903333333333333287e-03,0.000000000000000000e+00
8.407682291666666863e-02,1.619999999999999912e-03,2.953749999999999779e-03,0.000000000000000000e+00
8.412934027777778379e-02,1.619999999999999912e-03,3.004166666666666704e-03,0.000000000000000000e+00
8.418185763888889894e-02,1.619999999999999912e-03,3.054583333333333196e-03,0.000000000000000000e+00
8.423437500000000022e-02,1.619999999999999912e-03,3.104999999999999687e-03,0.000000000000000000e+00
8.428689236111111538e-02,1.619999999999999912e-03,3.155416666666666613e-03,0.000000000000000000e+00
8.433940972222223054e-02,1.619999999999999912e-03,3.205833333333333104e-03,0.000000000000000000e+00
8.439192708333334569e-02,1.619999999999999912e-03,3.256250000000000030e-03,0.000000000000000000e+00
8.444444444444444697e-02,1.619999999999999912e-03,3.306666666666666522e-03,0.000000000000000000e+00
8.449696180555556213e-02,1.619999999999999912e-03,3.357083333333333013e-03,0.000000000000000000e+00
8.454947916666667729e-02,1.619999999999999912e-03,3.407499999999999939e-03,0.000000000000000000e+00
8.460199652777777857e-02,1.619999999999999912e-03,3.457916666666666430e-03,0.000000000000000000e+00
8.465451388888889372e-02,1.619999999999999912e-03,3.508333333333333356e-03,0.000000000000000000e+00
8.470703125000000888e-02,1.619999999999999912e-03,3.558749999999999847e-03,0.000000000000000000e+00
8.475954861111112404e-02,1.619999999999999912e-03,3.609166666666666339e-03,0.000000000000000000e+00
8.481206597222222532e-02,1.619999999999999912e-03,3.659583333333333265e-03,0.000000000000000000e+00
8.486458333333334048e-02,1.619999999999999912e-03,3.709999999999999756e-03,0.000000000000000000e+00
8.491710069444445563e-02,1.619999999999999912e-03,3.760416666666666682e-03,0.000000000000000000e+00
8.496961805555555691e-02,1.619999999999999912e-03,3.810833333333333173e-03,0.000000000000000000e+00
8.502213541666667207e-02,1.619999999999999912e-03,3.861249999999999665e-03,0.000000000000000000e+00
8.507465277777778723e-02,1.619999999999999912e-03,3.911666666666666591e-03,0.000000000000000000e+00
8.512717013888890238e-02,1.619999999999999912e-03,3.962083333333333082e-03,0.000000000000000000e+00
8.517968750000000366e-02,1.619999999999999912e-03,4.012499999999999574e-03,0.000000000000000000e+00
8.523220486111111882e-02,1.619999999999999912e-03,4.062916666666666066e-03,0.000000000000000000e+00
8.528472222222223398e-02,1.619999999999999912e-03,4.113333333333333425e-03,0.000000000000000000e+00
8.533723958333333526e-02,1.619999999999999912e-03,4.163749999999999916e-03,0.000000000000000000e+00
8.538975694444445041e-02,1.619999999999999912e-03,4.214166666666666408e-03,0.000000000000000000e+00
8.544227430555556557e-02,1.619999999999999912e-03,4.264583333333332900e-03,0.000000000000000000e+00
8.549479166666668073e-02,1.619999999999999912e-03,4.314999999999999392e-03,0.000000000000000000e+00
8.554730902777778201e-02,1.619999999999999912e-03,4.365416666666666751e-03,0.000000000000000000e+00
8.559982638888889717e-02,1.619999999999999912e-03,4.415833333333333242e-03,0.000000000000000000e+00
8.565234375000001232e-02,1.619999999999999912e-03,4.466249999999999734e-03,0.000000000000000000e+00
8.570486111111111360e-02,1.619999999999999912e-03,4.516666666666666226e-03,0.000000000000000000e+00
8.575737847222222876e-02,1.619999999999999912e-03,4.567083333333332718e-03,0.000000000000000000e+00
8.580989583333334392e-02,1.619999999999999912e-03,4.617500000000000077e-03,0.000000000000000000e+00
8.586241319444445907e-02,1.619999999999999912e-03,4.667916666666666568e-03,0.000000000000000000e+00
8.591493055555556035e-02,1.619999999999999912e-03,4.718333333333333060e-03,0.000000000000000000e+00
8.596744791666667551e-02,1.619999999999999912e-03,4.768749999999999552e-03,0.000000000000000000e+00
8.601996527777779067e-02,1.619999999999999912e-03,4.819166666666666043e-03,0.000000000000000000e+00
8.607248263888889195e-02,1.619999999999999912e-03,4.869583333333333403e-03,0.000000000000000000e+00
8.612500000000000711e-02,1.619999999999999912e-03,4.919999999999999894e-03,0.000000000000000000e+00
8.687500000000000777e-02,1.729999999999999767e-03,4.919999999999999894e-03,0.000000000000000000e+00
8.692751736111112293e-02,1.729999999999999767e-03,4.869583333333333403e-03,0.000000000000000000e+00
8.698003472222222421e-02,1.729999999999999767e-03,4.819166666666666911e-03,0.000000000000000000e+00
8.703255208333333937e-02,1.729999999999999767e-03,4.768749999999999552e-03,0.000000000000000000e+00
8.708506944444445452e-02,1.729999999999999767e-03,4.718333333333333060e-03,0.000000000000000000e+00
8.713758680555556968e-02,1.729999999999999767e-03,4.667916666666666568e-03,0.000000000000000000e+00
8.719010416666667096e-02,1.729999999999999767e-03,4.617500000000000077e-03,0.000000000000000000e+00
8.724262152777778612e-02,1.729999999999999767e-03,4.567083333333333585e-03,0.000000000000000000e+00
8.729513888888890127e-02,1.729999999999999767e-03,4.516666666666666226e-03,0.000000000000000000e+00
8.734765625000000255e-02,1.729999999999999767e-03,4.466249999999999734e-03,0.000000000000000000e+00
8.740017361111111771e-02,1.729999999999999767e-03,4.415833333333333242e-03,0.000000000000000000e+00
8.745269097222223287e-02,1.729999999999999767e-03,4.365416666666666751e-03,0.000000000000000000e+00
8.750520833333333415e-02,1.729999999999999767e-03,4.315000000000000259e-03,0.000000000000000000e+00
8.755772569444444930e-02,1.729999999999999767e-03,4.264583333333333767e-03,0.000000000000000000e+00
8.761024305555556446e-02,1.729999999999999767e-03,4.214166666666666408e-03,0.000000000000000000e+00
8.766276041666667962e-02,1.729999999999999767e-03,4.163749999999999916e-03,0.000000000000000000e+00
8.771527777777778090e-02,1.729999999999999767e-03,4.113333333333333425e-03,0.000000000000000000e+00
8.776779513888889606e-02,1.729999999999999767e-03,4.062916666666666933e-03,0.000000000000000000e+00
8.782031250000001121e-02,1.729999999999999767e-03,4.012500000000000441e-03,0.000000000000000000e+00
8.787282986111111249e-02,1.729999999999999767e-03,3.962083333333333082e-03,0.000000000000000000e+00
8.792534722222222765e-02,1.729999999999999767e-03,3.911666666666666591e-03,0.000000000000000000e+00
8.797786458333334281e-02,1.729999999999999767e-03,3.861250000000000099e-03,0.000000000000000000e+00
8.803038194444445796e-02,1.729999999999999767e-03,3.810833333333333607e-03,0.000000000000000000e+00
8.808289930555555924e-02,1.729999999999999767e-03,3.760416666666666682e-03,0.000000000000000000e+00
8.813541666666667440e-02,1.729999999999999767e-03,3.709999999999999756e-03,0.000000000000000000e+00
8.818793402777778956e-02,1.729999999999999767e-03,3.659583333333333265e-03,0.000000000000000000e+00
8.824045138888889084e-02,1.729999999999999767e-03,3.609166666666666773e-03,0.000000000000000000e+00
8.829296875000000600e-02,1.729999999999999767e-03,3.558750000000000281e-03,0.000000000000000000e+00
8.834548611111112115e-02,1.729999999999999767e-03,3.508333333333333356e-03,0.000000000000000000e+00
8.839800347222223631e-02,1.729999999999999767e-03,3.457916666666666430e-03,0.000000000000000000e+00
8.845052083333333759e-02,1.729999999999999767e-03,3.407499999999999939e-03,0.000000000000000000e+00
8.850303819444445275e-02,1.729999999999999767e-03,3.357083333333333447e-03,0.000000000000000000e+00
8.855555555555556790e-02,1.729999999999999767e-03,3.306666666666666955e-03,0.000000000000000000e+00
8.860807291666666918e-02,1.729999999999999767e-03,3.256250000000000030e-03,0.000000000000000000e+00
8.866059027777778434e-02,1.729999999999999767e-03,3.205833333333333104e-03,0.000000000000000000e+00
8.871310763888889950e-02,1.729999999999999767e-03,3.155416666666666613e-03,0.000000000000000000e+00
8.876562500000001465e-02,1.729999999999999767e-03,3.105000000000000121e-03,0.000000000000000000e+00
8.881814236111111593e-02,1.729999999999999767e-03,3.054583333333333629e-03,0.000000000000000000e+00
8.887065972222223109e-02,1.729999999999999767e-03,3.004166666666666704e-03,0.000000000000000000e+00
8.892317708333334625e-02,1.729999999999999767e-03,2.953750000000000212e-03,0.000000000000000000e+00
8.897569444444444753e-02,1.729999999999999767e-03,2.903333333333333287e-03,0.000000000000000000e+00
8.902821180555556269e-02,1.729999999999999767e-03,2.852916666666666795e-03,0.000000000000000000e+00
8.908072916666667784e-02,1.729999999999999767e-03,2.802500000000000303e-03,0.000000000000000000e+00
8.913324652777777912e-02,1.729999999999999767e-03,2.752083333333333378e-03,0.000000000000000000e+00
8.918576388888889428e-02,1.729999999999999767e-03,2.701666666666666886e-03,0.000000000000000000e+00
8.923828125000000944e-02,1.729999999999999767e-03,2.651249999999999961e-03,0.000000000000000000e+00
8.929079861111112459e-02,1.729999999999999767e-03,2.600833333333333469e-03,0.000000000000000000e+00
8.934331597222222587e-02,1.729999999999999767e-03,2.550416666666666977e-03,0.000000000000000000e+00
8.939583333333334103e-02,1.729999999999999767e-03,2.500000000000000052e-03,0.000000000000000000e+00
8.944835069444445619e-02,1.729999999999999767e-03,2.449583333333333560e-03,0.000000000000000000e+00
8.950086805555555747e-02,1.729999999999999767e-03,2.399166666666666635e-03,0.000000000000000000e+00
8.955338541666667262e-02,1.729999999999999767e-03,2.348750000000000143e-03,0.000000000000000000e+00
8.960590277777778778e-02,1.729999999999999767e-03,2.298333333333333652e-03,0.000000000000000000e+00
8.965842013888890294e-02,1.729999999999999767e-03,2.247916666666666726e-03,0.000000000000000000e+00
8.971093750000000422e-02,1.729999999999999767e-03,2.197500000000000234e-03,0.000000000000000000e+00
8.976345486111111938e-02,1.729999999999999767e-03,2.147083333333333743e-03,0.000000000000000000e+00
8.981597222222223453e-02,1.729999999999999767e-03,2.096666666666666817e-03,0.000000000000000000e+00
8.986848958333333581e-02,1.729999999999999767e-03,2.046250000000000326e-03,0.000000000000000000e+00
8.992100694444445097e-02,1.729999999999999767e-03,1.995833333333333400e-03,0.000000000000000000e+00
8.997352430555556613e-02,1.729999999999999767e-03,1.945416666666666908e-03,0.000000000000000000e+00
9.002604166666666741e-02,1.729999999999999767e-03,1.895000000000000417e-03,0.000000000000000000e+00
9.007855902777778256e-02,1.729999999999999767e-03,1.844583333333333491e-03,0.000000000000000000e+00
9.013107638888889772e-02,1.729999999999999767e-03,1.794166666666667000e-03,0.000000000000000000e+00
9.018359375000001288e-02,1.729999999999999767e-03,1.743750000000000074e-03,0.000000000000000000e+00
9.023611111111111416e-02,1.729999999999999767e-03,1.693333333333333583e-03,0.000000000000000000e+00
9.028862847222222932e-02,1.729999999999999767e-03,1.642916666666667091e-03,0.000000000000000000e+00
9.034114583333334447e-02,1.729999999999999767e-03,1.592500000000000165e-03,0.000000000000000000e+00
9.039366319444444575e-02,1.729999999999999767e-03,1.542083333333333674e-03,0.000000000000000000e+00
9.044618055555556091e-02,1.729999999999999767e-03,1.491666666666666748e-03,0.000000000000000000e+00
9.049869791666667607e-02,1.729999999999999767e-03,1.441250000000000257e-03,0.000000000000000000e+00
9.055121527777779122e-02,1.729999999999999767e-03,1.390833333333333765e-03,0.000000000000000000e+00
9.060373263888889250e-02,1.729999999999999767e-03,1.340416666666666839e-03,0.000000000000000000e+00
9.065625000000000766e-02,1.729999999999999767e-03,1.290000000000000348e-03,0.000000000000000000e+00
9.070876736111112282e-02,1.729999999999999767e-03,1.239583333333333422e-03,0.000000000000000000e+00
9.076128472222222410e-02,1.729999999999999767e-03,1.189166666666666931e-03,0.000000000000000000e+00
9.081380208333333925e-02,1.729999999999999767e-03,1.138750000000000439e-03,0.000000000000000000e+00
9.086631944444445441e-02,1.729999999999999767e-03,1.088333333333333514e-03,0.000000000000000000e+00
9.091883680555556957e-02,1.729999999999999767e-03,1.037916666666667022e-03,0.000000000000000000e+00
9.097135416666667085e-02,1.729999999999999767e-03,9.875000000000005301e-04,0.000000000000000000e+00
9.102387152777778601e-02,1.729999999999999767e-03,9.370833333333340384e-04,0.000000000000000000e+00
9.107638888888890116e-02,1.729999999999999767e-03,8.866666666666666793e-04,0.000000000000000000e+00
9.112890625000000244e-02,1.729999999999999767e-03,8.362500000000001876e-04,0.000000000000000000e+00
9.118142361111111760e-02,1.729999999999999767e-03,7.858333333333336959e-04,0.000000000000000000e+00
9.123394097222223276e-02,1.729999999999999767e-03,7.354166666666672042e-04,0.000000000000000000e+00
9.128645833333334791e-02,1.729999999999999767e-03,6.850000000000007125e-04,0.000000000000000000e+00
9.133897569444444919e-02,1.729999999999999767e-03,6.345833333333333534e-04,0.000000000000000000e+00
9.139149305555556435e-02,1.729999999999999767e-03,5.841666666666668617e-04,0.000000000000000000e+00
9.144401041666667951e-02,1.729999999999999767e-03,5.337500000000003700e-04,0.000000000000000000e+00
9.149652777777778079e-02,1.729999999999999767e-03,4.833333333333338783e-04,0.000000000000000000e+00
9.154904513888889594e-02,1.729999999999999767e-03,4.329166666666673866e-04,0.000000000000000000e+00
9.160156250000001110e-02,1.729999999999999767e-03,3.825000000000000275e-04,0.000000000000000000e+00
9.165407986111112626e-02,1.729999999999999767e-03,3.320833333333335358e-04,0.000000000000000000e+00
9.170659722222222754e-02,1.729999999999999767e-03,2.816666666666670440e-04,0.000000000000000000e+00
9.175911458333334270e-02,1.729999999999999767e-03,2.312500000000005523e-04,0.000000000000000000e+00
9.181163194444445785e-02,1.729999999999999767e-03,1.808333333333340606e-04,0.000000000000000000e+00
9.186414930555555913e-02,1.729999999999999767e-03,1.304166666666667015e-04,0.000000000000000000e+00
9.191666666666667429e-02,1.729999999999999767e-03,8.000000000000000654e-05,0.000000000000000000e+00
9.266666666666667496e-02,1.839999999999999839e-03,8.000000000000000654e-05,0.000000000000000000e+00
9.271918402777779011e-02,1.839999999999999839e-03,1.304166666666666744e-04,0.000000000000000000e+00
9.277170138888889139e-02,1.839999999999999839e-03,1.808333333333333288e-04,0.000000000000000000e+00
9.282421875000000655e-02,1.839999999999999839e-03,2.312500000000000102e-04,0.000000000000000000e+00
9.287673611111112171e-02,1.839999999999999839e-03,2.816666666666666646e-04,0.000000000000000000e+00
9.292925347222223686e-02,1.839999999999999839e-03,3.320833333333333189e-04,0.000000000000000000e+00
9.298177083333333814e-02,1.839999999999999839e-03,3.824999999999999733e-04,0.000000000000000000e+00
9.303428819444445330e-02,1.839999999999999839e-03,4.329166666666666276e-04,0.000000000000000000e+00
9.308680555555556846e-02,1.839999999999999839e-03,4.833333333333332820e-04,0.000000000000000000e+00
9.313932291666666974e-02,1.839999999999999839e-03,5.337499999999999363e-04,0.000000000000000000e+00
9.319184027777778490e-02,1.839999999999999839e-03,5.841666666666666449e-04,0.000000000000000000e+00
9.324435763888890005e-02,1.839999999999999839e-03,6.345833333333332450e-04,0.000000000000000000e+00
9.329687500000000133e-02,1.839999999999999839e-03,6.849999999999999535e-04,0.000000000000000000e+00
9.334939236111111649e-02,1.839999999999999839e-03,7.354166666666665537e-04,0.000000000000000000e+00
9.340190972222223165e-02,1.839999999999999839e-03,7.858333333333332622e-04,0.000000000000000000e+00
9.345442708333334680e-02,1.839999999999999839e-03,8.362499999999998624e-04,0.000000000000000000e+00
9.350694444444444808e-02,1.839999999999999839e-03,8.866666666666665709e-04,0.000000000000000000e+00
9.355946180555556324e-02,1.839999999999999839e-03,9.370833333333332795e-04,0.000000000000000000e+00
9.361197916666667840e-02,1.839999999999999839e-03,9.874999999999998796e-04,0.000000000000000000e+00
9.366449652777777968e-02,1.839999999999999839e-03,1.037916666666666588e-03,0.000000000000000000e+00
9.371701388888889483e-02,1.839999999999999839e-03,1.088333333333333297e-03,0.000000000000000000e+00
9.376953125000000999e-02,1.839999999999999839e-03,1.138749999999999788e-03,0.000000000000000000e+00
9.382204861111112515e-02,1.839999999999999839e-03,1.189166666666666497e-03,0.000000000000000000e+00
9.387456597222222643e-02,1.839999999999999839e-03,1.239583333333333206e-03,0.000000000000000000e+00
9.392708333333334159e-02,1.839999999999999839e-03,1.289999999999999914e-03,0.000000000000000000e+00
9.397960069444445674e-02,1.839999999999999839e-03,1.340416666666666623e-03,0.000000000000000000e+00
9.403211805555555802e-02,1.839999999999999839e-03,1.390833333333333114e-03,0.000000000000000000e+00
9.408463541666667318e-02,1.839999999999999839e-03,1.441249999999999823e-03,0.000000000000000000e+00
9.413715277777778834e-02,1.839999999999999839e-03,1.491666666666666531e-03,0.000000000000000000e+00
9.418967013888890349e-02,1.839999999999999839e-03,1.542083333333333240e-03,0.000000000000000000e+00
9.424218750000000477e-02,1.839999999999999839e-03,1.592499999999999732e-03,0.000000000000000000e+00
9.429470486111111993e-02,1.839999999999999839e-03,1.642916666666666440e-03,0.000000000000000000e+00
9.434722222222223509e-02,1.839999999999999839e-03,1.693333333333333149e-03,0.000000000000000000e+00
9.439973958333333637e-02,1.839999999999999839e-03,1.743749999999999857e-03,0.000000000000000000e+00
9.445225694444445153e-02,1.839999999999999839e-03,1.794166666666666566e-03,0.000000000000000000e+00
9.450477430555556668e-02,1.839999999999999839e-03,1.844583333333333058e-03,0.000000000000000000e+00
9.455729166666668184e-02,1.839999999999999839e-03,1.894999999999999766e-03,0.000000000000000000e+00
9.460980902777778312e-02,1.839999999999999839e-03,1.945416666666666475e-03,0.000000000000000000e+00
9.466232638888889828e-02,1.839999999999999839e-03,1.995833333333333400e-03,0.000000000000000000e+00
9.471484375000001343e-02,1.839999999999999839e-03,2.046249999999999892e-03,0.000000000000000000e+00
9.476736111111111471e-02,1.839999999999999839e-03,2.096666666666666817e-03,0.000000000000000000e+00
9.481987847222222987e-02,1.839999999999999839e-03,2.147083333333333309e-03,0.000000000000000000e+00
9.487239583333334503e-02,1.839999999999999839e-03,2.197499999999999801e-03,0.000000000000000000e+00
9.492491319444444631e-02,1.839999999999999839e-03,2.247916666666666726e-03,0.000000000000000000e+00
9.497743055555556146e-02,1.839999999999999839e-03,2.298333333333333218e-03,0.000000000000000000e+00
9.502994791666667662e-02,1.839999999999999839e-03,2.348750000000000143e-03,0.000000000000000000e+00
9.508246527777779178e-02,1.839999999999999839e-03,2.399166666666666635e-03,0.000000000000000000e+00
9.513498263888889306e-02,1.839999999999999839e-03,2.449583333333333127e-03,0.000000000000000000e+00
9.518750000000000822e-02,1.839999999999999839e-03,2.500000000000000052e-03,0.000000000000000000e+00
9.524001736111112337e-02,1.839999999999999839e-03,2.550416666666666544e-03,0.000000000000000000e+00
9.529253472222222465e-02,1.839999999999999839e-03,2.600833333333333469e-03,0.000000000000000000e+00
9.534505208333333981e-02,1.839999999999999839e-03,2.651249999999999961e-03,0.000000000000000000e+00
9.539756944444445497e-02,1.839999999999999839e-03,2.701666666666666453e-03,0.000000000000000000e+00
9.545008680555557012e-02,1.839999999999999839e-03,2.752083333333333378e-03,0.000000000000000000e+00
9.550260416666667140e-02,1.839999999999999839e-03,2.802499999999999870e-03,0.000000000000000000e+00
9.555512152777778656e-02,1.839999999999999839e-03,2.852916666666666361e-03,0.000000000000000000e+00
9.560763888888890172e-02,1.839999999999999839e-03,2.903333333333333287e-03,0.000000000000000000e+00
9.566015625000000300e-02,1.839999999999999839e-03,2.953749999999999779e-03,0.000000000000000000e+00
9.571267361111111815e-02,1.839999999999999839e-03,3.004166666666666704e-03,0.000000000000000000e+00
9.576519097222223331e-02,1.839999999999999839e-03,3.054583333333333196e-03,0.000000000000000000e+00
9.581770833333333459e-02,1.839999999999999839e-03,3.104999999999999687e-03,0.000000000000000000e+00
9.587022569444444975e-02,1.839999999999999839e-03,3.155416666666666613e-03,0.000000000000000000e+00
9.592274305555556491e-02,1.839999999999999839e-03,3.205833333333333104e-03,0.000000000000000000e+00
9.597526041666668006e-02,1.839999999999999839e-03,3.256250000000000030e-03,0.000000000000000000e+00
9.602777777777778134e-02,1.839999999999999839e-03,3.306666666666666522e-03,0.000000000000000000e+00
9.608029513888889650e-02,1.839999999999999839e-03,3.357083333333333013e-03,0.000000000000000000e+00
9.613281250000001166e-02,1.839999999999999839e-03,3.407499999999999939e-03,0.000000000000000000e+00
9.618532986111111294e-02,1.839999999999999839e-03,3.457916666666666430e-03,0.000000000000000000e+00
9.623784722222222809e-02,1.839999999999999839e-03,3.508333333333333356e-03,0.000000000000000000e+00
9.629036458333334325e-02,1.839999999999999839e-03,3.558749999999999847e-03,0.000000000000000000e+00
9.634288194444445841e-02,1.839999999999999839e-03,3.609166666666666339e-03,0.000000000000000000e+00
9.639539930555555969e-02,1.839999999999999839e-03,3.659583333333333265e-03,0.000000000000000000e+00
9.644791666666667485e-02,1.839999999999999839e-03,3.709999999999999756e-03,0.000000000000000000e+00
9.650043402777779000e-02,1.839999999999999839e-03,3.760416666666666682e-03,0.000000000000000000e+00
9.655295138888889128e-02,1.839999999999999839e-03,3.810833333333333173e-03,0.000000000000000000e+00
9.660546875000000644e-02,1.839999999999999839e-03,3.861249999999999665e-03,0.000000000000000000e+00
9.665798611111112160e-02,1.839999999999999839e-03,3.911666666666666591e-03,0.000000000000000000e+00
9.671050347222223675e-02,1.839999999999999839e-03,3.962083333333333082e-03,0.000000000000000000e+00
9.676302083333333803e-02,1.839999999999999839e-03,4.012499999999999574e-03,0.000000000000000000e+00
9.681553819444445319e-02,1.839999999999999839e-03,4.062916666666666066e-03,0.000000000000000000e+00
9.686805555555556835e-02,1.839999999999999839e-03,4.113333333333333425e-03,0.000000000000000000e+00
9.692057291666666963e-02,1.839999999999999839e-03,4.163749999999999916e-03,0.000000000000000000e+00
9.697309027777778478e-02,1.839999999999999839e-03,4.214166666666666408e-03,0.000000000000000000e+00
9.702560763888889994e-02,1.839999999999999839e-03,4.264583333333332900e-03,0.000000000000000000e+00
9.707812500000001510e-02,1.839999999999999839e-03,4.314999999999999392e-03,0.000000000000000000e+00
9.713064236111111638e-02,1.839999999999999839e-03,4.365416666666666751e-03,0.000000000000000000e+00
9.718315972222223154e-02,1.839999999999999839e-03,4.415833333333333242e-03,0.000000000000000000e+00
9.723567708333334669e-02,1.839999999999999839e-03,4.466249999999999734e-03,0.000000000000000000e+00
9.728819444444444797e-02,1.839999999999999839e-03,4.516666666666666226e-03,0.000000000000000000e+00
9.734071180555556313e-02,1.839999999999999839e-03,4.567083333333332718e-03,0.000000000000000000e+00
9.739322916666667829e-02,1.839999999999999839e-03,4.617500000000000077e-03,0.000000000000000000e+00
9.744574652777779344e-02,1.839999999999999839e-03,4.667916666666666568e-03,0.000000000000000000e+00
9.749826388888889472e-02,1.839999999999999839e-03,4.718333333333333060e-03,0.000000000000000000e+00
9.755078125000000988e-02,1.839999999999999839e-03,4.768749999999999552e-03,0.000000000000000000e+00
9.760329861111112504e-02,1.839999999999999839e-03,4.819166666666666043e-03,0.000000000000000000e+00
9.765581597222222632e-02,1.839999999999999839e-03,4.869583333333333403e-03,0.000000000000000000e+00
9.770833333333334147e-02,1.839999999999999839e-03,4.919999999999999894e-03,0.000000000000000000e+00
9.845833333333334214e-02,1.949999999999999910e-03,4.919999999999999894e-03,0.000000000000000000e+00
9.851085069444445730e-02,1.949999999999999910e-03,4.869583333333333403e-03,0.000000000000000000e+00
9.856336805555555858e-02,1.949999999999999910e-03,4.819166666666666911e-03,0.000000000000000000e+00
9.861588541666667374e-02,1.949999999999999910e-03,4.768749999999999552e-03,0.000000000000000000e+00
9.866840277777778889e-02,1.949999999999999910e-03,4.718333333333333060e-03,0.000000000000000000e+00
9.872092013888890405e-02,1.949999999999999910e-03,4.667916666666666568e-03,0.000000000000000000e+00
9.877343750000000533e-02,1.949999999999999910e-03,4.617500000000000077e-03,0.000000000000000000e+00
9.882595486111112049e-02,1.949999999999999910e-03,4.567083333333333585e-03,0.000000000000000000e+00
9.887847222222223564e-02,1.949999999999999910e-03,4.516666666666666226e-03,0.000000000000000000e+00
9.893098958333333692e-02,1.949999999999999910e-03,4.466249999999999734e-03,0.000000000000000000e+00
9.898350694444445208e-02,1.949999999999999910e-03,4.415833333333333242e-03,0.000000000000000000e+00
9.903602430555556724e-02,1.949999999999999910e-03,4.365416666666666751e-03,0.000000000000000000e+00
9.908854166666666852e-02,1.949999999999999910e-03,4.315000000000000259e-03,0.000000000000000000e+00
9.914105902777778367e-02,1.949999999999999910e-03,4.264583333333333767e-03,0.000000000000000000e+00
9.919357638888889883e-02,1.949999999999999910e-03,4.214166666666666408e-03,0.000000000000000000e+00
9.924609375000001399e-02,1.949999999999999910e-03,4.163749999999999916e-03,0.000000000000000000e+00
9.929861111111111527e-02,1.949999999999999910e-03,4.113333333333333425e-03,0.000000000000000000e+00
9.935112847222223043e-02,1.949999999999999910e-03,4.062916666666666933e-03,0.000000000000000000e+00
9.940364583333334558e-02,1.949999999999999910e-03,4.012500000000000441e-03,0.000000000000000000e+00
9.945616319444444686e-02,1.949999999999999910e-03,3.962083333333333082e-03,0.000000000000000000e+00
9.950868055555556202e-02,1.949999999999999910e-03,3.911666666666666591e-03,0.000000000000000000e+00
9.956119791666667718e-02,1.949999999999999910e-03,3.861250000000000099e-03,0.000000000000000000e+00
9.961371527777779233e-02,1.949999999999999910e-03,3.810833333333333607e-03,0.000000000000000000e+00
9.966623263888889361e-02,1.949999999999999910e-03,3.760416666666666682e-03,0.000000000000000000e+00
9.971875000000000877e-02,1.949999999999999910e-03,3.709999999999999756e-03,0.000000000000000000e+00
9.977126736111112393e-02,1.949999999999999910e-03,3.659583333333333265e-03,0.000000000000000000e+00
9.982378472222222521e-02,1.949999999999999910e-03,3.609166666666666773e-03,0.000000000000000000e+00
9.987630208333334036e-02,1.949999999999999910e-03,3.558750000000000281e-03,0.000000000000000000e+00
9.992881944444445552e-02,1.949999999999999910e-03,3.508333333333333356e-03,0.000000000000000000e+00
9.998133680555557068e-02,1.949999999999999910e-03,3.457916666666666430e-03,0.000000000000000000e+00
1.000338541666666720e-01,1.949999999999999910e-03,3.407499999999999939e-03,0.000000000000000000e+00
1.000863715277777871e-01,1.949999999999999910e-03,3.357083333333333447e-03,0.000000000000000000e+00
1.001388888888889023e-01,1.949999999999999910e-03,3.306666666666666955e-03,0.000000000000000000e+00
1.001914062500000036e-01,1.949999999999999910e-03,3.256250000000000030e-03,0.000000000000000000e+00
1.002439236111111187e-01,1.949999999999999910e-03,3.205833333333333104e-03,0.000000000000000000e+00
1.002964409722222339e-01,1.949999999999999910e-03,3.155416666666666613e-03,0.000000000000000000e+00
1.003489583333333490e-01,1.949999999999999910e-03,3.105000000000000121e-03,0.000000000000000000e+00
1.004014756944444503e-01,1.949999999999999910e-03,3.054583333333333629e-03,0.000000000000000000e+00
1.004539930555555655e-01,1.949999999999999910e-03,3.004166666666666704e-03,0.000000000000000000e+00
1.005065104166666806e-01,1.949999999999999910e-03,2.953750000000000212e-03,0.000000000000000000e+00
1.005590277777777819e-01,1.949999999999999910e-03,2.903333333333333287e-03,0.000000000000000000e+00
1.006115451388888971e-01,1.949999999999999910e-03,2.852916666666666795e-03,0.000000000000000000e+00
1.006640625000000122e-01,1.949999999999999910e-03,2.802500000000000303e-03,0.000000000000000000e+00
1.007165798611111135e-01,1.949999999999999910e-03,2.752083333333333378e-03,0.000000000000000000e+00
1.007690972222222286e-01,1.949999999999999910e-03,2.701666666666666886e-03,0.000000000000000000e+00
1.008216145833333438e-01,1.949999999999999910e-03,2.651249999999999961e-03,0.000000000000000000e+00
1.008741319444444590e-01,1.949999999999999910e-03,2.600833333333333469e-03,0.000000000000000000e+00
1.009266493055555602e-01,1.949999999999999910e-03,2.550416666666666977e-03,0.000000000000000000e+00
1.009791666666666754e-01,1.949999999999999910e-03,2.500000000000000052e-03,0.000000000000000000e+00
1.010316840277777906e-01,1.949999999999999910e-03,2.449583333333333560e-03,0.000000000000000000e+00
1.010842013888888918e-01,1.949999999999999910e-03,2.399166666666666635e-03,0.000000000000000000e+00
1.011367187500000070e-01,1.949999999999999910e-03,2.348750000000000143e-03,0.000000000000000000e+00
1.011892361111111222e-01,1.949999999999999910e-03,2.298333333333333652e-03,0.000000000000000000e+00
1.012417534722222373e-01,1.949999999999999910e-03,2.247916666666666726e-03,0.000000000000000000e+00
1.012942708333333386e-01,1.949999999999999910e-03,2.197500000000000234e-03,0.000000000000000000e+00
1.013467881944444537e-01,1.949999999999999910e-03,2.147083333333333743e-03,0.000000000000000000e+00
1.013993055555555689e-01,1.949999999999999910e-03,2.096666666666666817e-03,0.000000000000000000e+00
1.014518229166666702e-01,1.949999999999999910e-03,2.046250000000000326e-03,0.000000000000000000e+00
1.015043402777777853e-01,1.949999999999999910e-03,1.995833333333333400e-03,0.000000000000000000e+00
1.015568576388889005e-01,1.949999999999999910e-03,1.945416666666666908e-03,0.000000000000000000e+00
1.016093750000000018e-01,1.949999999999999910e-03,1.895000000000000417e-03,0.000000000000000000e+00
1.016618923611111169e-01,1.949999999999999910e-03,1.844583333333333491e-03,0.000000000000000000e+00
1.017144097222222321e-01,1.949999999999999910e-03,1.794166666666667000e-03,0.000000000000000000e+00
1.017669270833333472e-01,1.949999999999999910e-03,1.743750000000000074e-03,0.000000000000000000e+00
1.018194444444444485e-01,1.949999999999999910e-03,1.693333333333333583e-03,0.000000000000000000e+00
1.018719618055555637e-01,1.949999999999999910e-03,1.642916666666667091e-03,0.000000000000000000e+00
1.019244791666666788e-01,1.949999999999999910e-03,1.592500000000000165e-03,0.000000000000000000e+00
1.019769965277777801e-01,1.949999999999999910e-03,1.542083333333333674e-03,0.000000000000000000e+00
1.020295138888888953e-01,1.949999999999999910e-03,1.491666666666666748e-03,0.000000000000000000e+00
1.020820312500000104e-01,1.949999999999999910e-03,1.441250000000000257e-03,0.000000000000000000e+00
1.021345486111111256e-01,1.949999999999999910e-03,1.390833333333333765e-03,0.000000000000000000e+00
1.021870659722222269e-01,1.949999999999999910e-03,1.340416666666666839e-03,0.000000000000000000e+00
1.022395833333333420e-01,1.949999999999999910e-03,1.290000000000000348e-03,0.000000000000000000e+00
1.022921006944444572e-01,1.949999999999999910e-03,1.239583333333333422e-03,0.000000000000000000e+00
1.023446180555555585e-01,1.949999999999999910e-03,1.189166666666666931e-03,0.000000000000000000e+00
1.023971354166666736e-01,1.949999999999999910e-03,1.138750000000000439e-03,0.000000000000000000e+00
1.024496527777777888e-01,1.949999999999999910e-03,1.088333333333333514e-03,0.000000000000000000e+00
1.025021701388889039e-01,1.949999999999999910e-03,1.037916666666667022e-03,0.000000000000000000e+00
1.025546875000000052e-01,1.949999999999999910e-03,9.875000000000005301e-04,0.000000000000000000e+00
1.026072048611111204e-01,1.949999999999999910e-03,9.370833333333340384e-04,0.000000000000000000e+00
1.026597222222222355e-01,1.949999999999999910e-03,8.866666666666666793e-04,0.000000000000000000e+00
1.027122395833333368e-01,1.949999999999999910e-03,8.362500000000001876e-04,0.000000000000000000e+00
1.027647569444444520e-01,1.949999999999999910e-03,7.858333333333336959e-04,0.000000000000000000e+00
1.028172743055555671e-01,1.949999999999999910e-03,7.354166666666672042e-04,0.000000000000000000e+00
1.028697916666666823e-01,1.949999999999999910e-03,6.850000000000007125e-04,0.000000000000000000e+00
1.029223090277777836e-01,1.949999999999999910e-03,6.345833333333333534e-04,0.000000000000000000e+00
1.029748263888888987e-01,1.949999999999999910e-03,5.841666666666668617e-04,0.000000000000000000e+00
1.030273437500000139e-01,1.949999999999999910e-03,5.337500000000003700e-04,0.000000000000000000e+00
1.030798611111111152e-01,1.949999999999999910e-03,4.833333333333338783e-04,0.000000000000000000e+00
1.031323784722222303e-01,1.949999999999999910e-03,4.329166666666673866e-04,0.000000000000000000e+00
1.031848958333333455e-01,1.949999999999999910e-03,3.825000000000000275e-04,0.000000000000000000e+00
1.032374131944444606e-01,1.949999999999999910e-03,3.320833333333335358e-04,0.000000000000000000e+00
1.032899305555555619e-01,1.949999999999999910e-03,2.816666666666670440e-04,0.000000000000000000e+00
1.033424479166666771e-01,1.949999999999999910e-03,2.312500000000005523e-04,0.000000000000000000e+00
1.033949652777777922e-01,1.949999999999999910e-03,1.808333333333340606e-04,0.000000000000000000e+00
1.034474826388888935e-01,1.949999999999999910e-03,1.304166666666667015e-04,0.000000000000000000e+00
1.035000000000000087e-01,1.949999999999999910e-03,8.000000000000000654e-05,0.000000000000000000e+00
1.042500000000000093e-01,2.060000000000000199e-03,8.000000000000000654e-05,0.000000000000000000e+00
1.043025173611111245e-01,2.060000000000000199e-03,1.304166666666666744e-04,0.000000000000000000e+00
1.043550347222222258e-01,2.060000000000000199e-03,1.808333333333333288e-04,0.000000000000000000e+00
1.044075520833333409e-01,2.060000000000000199e-03,2.312500000000000102e-04,0.000000000000000000e+00
1.044600694444444561e-01,2.060000000000000199e-03,2.816666666666666646e-04,0.000000000000000000e+00
1.045125868055555712e-01,2.060000000000000199e-03,3.320833333333333189e-04,0.000000000000000000e+00
1.045651041666666725e-01,2.060000000000000199e-03,3.824999999999999733e-04,0.000000000000000000e+00
1.046176215277777877e-01,2.060000000000000199e-03,4.329166666666666276e-04,0.000000000000000000e+00
1.046701388888889028e-01,2.060000000000000199e-03,4.833333333333332820e-04,0.000000000000000000e+00
1.047226562500000041e-01,2.060000000000000199e-03,5.337499999999999363e-04,0.000000000000000000e+00
1.047751736111111193e-01,2.060000000000000199e-03,5.841666666666666449e-04,0.000000000000000000e+00
1.048276909722222344e-01,2.060000000000000199e-03,6.345833333333332450e-04,0.000000000000000000e+00
1.048802083333333357e-01,2.060000000000000199e-03,6.849999999999999535e-04,0.000000000000000000e+00
1.049327256944444509e-01,2.060000000000000199e-03,7.354166666666665537e-04,0.000000000000000000e+00
1.049852430555555660e-01,2.060000000000000199e-03,7.858333333333332622e-04,0.000000000000000000e+00
1.050377604166666812e-01,2.060000000000000199e-03,8.362499999999998624e-04,0.000000000000000000e+00
1.050902777777777825e-01,2.060000000000000199e-03,8.866666666666665709e-04,0.000000000000000000e+00
1.051427951388888976e-01,2.060000000000000199e-03,9.370833333333332795e-04,0.000000000000000000e+00
1.051953125000000128e-01,2.060000000000000199e-03,9.874999999999998796e-04,0.000000000000000000e+00
1.052478298611111140e-01,2.060000000000000199e-03,1.037916666666666588e-03,0.000000000000000000e+00
1.053003472222222292e-01,2.060000000000000199e-03,1.088333333333333297e-03,0.000000000000000000e+00
1.053528645833333444e-01,2.060000000000000199e-03,1.138749999999999788e-03,0.000000000000000000e+00
1.054053819444444595e-01,2.060000000000000199e-03,1.189166666666666497e-03,0.000000000000000000e+00
1.054578993055555608e-01,2.060000000000000199e-03,1.239583333333333206e-03,0.000000000000000000e+00
1.055104166666666760e-01,2.060000000000000199e-03,1.289999999999999914e-03,0.000000000000000000e+00
1.055629340277777911e-01,2.060000000000000199e-03,1.340416666666666623e-03,0.000000000000000000e+00
1.056154513888888924e-01,2.060000000000000199e-03,1.390833333333333114e-03,0.000000000000000000e+00
1.056679687500000075e-01,2.060000000000000199e-03,1.441249999999999823e-03,0.000000000000000000e+00
1.057204861111111227e-01,2.060000000000000199e-03,1.491666666666666531e-03,0.000000000000000000e+00
1.057730034722222379e-01,2.060000000000000199e-03,1.542083333333333240e-03,0.000000000000000000e+00
1.058255208333333391e-01,2.060000000000000199e-03,1.592499999999999732e-03,0.000000000000000000e+00
1.058780381944444543e-01,2.060000000000000199e-03,1.642916666666666440e-03,0.000000000000000000e+00
1.059305555555555695e-01,2.060000000000000199e-03,1.693333333333333149e-03,0.000000000000000000e+00
1.059830729166666707e-01,2.060000000000000199e-03,1.743749999999999857e-03,0.000000000000000000e+00
1.060355902777777859e-01,2.060000000000000199e-03,1.794166666666666566e-03,0.000000000000000000e+00
1.060881076388889011e-01,2.060000000000000199e-03,1.844583333333333058e-03,0.000000000000000000e+00
1.061406250000000162e-01,2.060000000000000199e-03,1.894999999999999766e-03,0.000000000000000000e+00
1.061931423611111175e-01,2.060000000000000199e-03,1.945416666666666475e-03,0.000000000000000000e+00
1.062456597222222326e-01,2.060000000000000199e-03,1.995833333333333400e-03,0.000000000000000000e+00
1.062981770833333478e-01,2.060000000000000199e-03,2.046249999999999892e-03,0.000000000000000000e+00
1.063506944444444491e-01,2.060000000000000199e-03,2.096666666666666817e-03,0.000000000000000000e+00
1.064032118055555642e-01,2.060000000000000199e-03,2.147083333333333309e-03,0.000000000000000000e+00
1.064557291666666794e-01,2.060000000000000199e-03,2.197499999999999801e-03,0.000000000000000000e+00
1.065082465277777807e-01,2.060000000000000199e-03,2.247916666666666726e-03,0.000000000000000000e+00
1.065607638888888958e-01,2.060000000000000199e-03,2.298333333333333218e-03,0.000000000000000000e+00
1.066132812500000110e-01,2.060000000000000199e-03,2.348750000000000143e-03,0.000000000000000000e+00
1.066657986111111261e-01,2.060000000000000199e-03,2.399166666666666635e-03,0.000000000000000000e+00
1.067183159722222274e-01,2.060000000000000199e-03,2.449583333333333127e-03,0.000000000000000000e+00
1.067708333333333426e-01,2.060000000000000199e-03,2.500000000000000052e-03,0.000000000000000000e+00
1.068233506944444577e-01,2.060000000000000199e-03,2.550416666666666544e-03,0.000000000000000000e+00
1.068758680555555590e-01,2.060000000000000199e-03,2.600833333333333469e-03,0.000000000000000000e+00
1.069283854166666742e-01,2.060000000000000199e-03,2.651249999999999961e-03,0.000000000000000000e+00
1.069809027777777893e-01,2.060000000000000199e-03,2.701666666666666453e-03,0.000000000000000000e+00
1.070334201388889045e-01,2.060000000000000199e-03,2.752083333333333378e-03,0.000000000000000000e+00
1.070859375000000058e-01,2.060000000000000199e-03,2.802499999999999870e-03,0.000000000000000000e+00
1.071384548611111209e-01,2.060000000000000199e-03,2.852916666666666361e-03,0.000000000000000000e+00
1.071909722222222361e-01,2.060000000000000199e-03,2.903333333333333287e-03,0.000000000000000000e+00
1.072434895833333374e-01,2.060000000000000199e-03,2.953749999999999779e-03,0.000000000000000000e+00
1.072960069444444525e-01,2.060000000000000199e-03,3.004166666666666704e-03,0.000000000000000000e+00
1.073485243055555677e-01,2.060000000000000199e-03,3.054583333333333196e-03,0.000000000000000000e+00
1.074010416666666690e-01,2.060000000000000199e-03,3.104999999999999687e-03,0.000000000000000000e+00
1.074535590277777841e-01,2.060000000000000199e-03,3.155416666666666613e-03,0.000000000000000000e+00
1.075060763888888993e-01,2.060000000000000199e-03,3.205833333333333104e-03,0.000000000000000000e+00
1.075585937500000144e-01,2.060000000000000199e-03,3.256250000000000030e-03,0.000000000000000000e+00
1.076111111111111157e-01,2.060000000000000199e-03,3.306666666666666522e-03,0.000000000000000000e+00
1.076636284722222309e-01,2.060000000000000199e-03,3.357083333333333013e-03,0.000000000000000000e+00
1.077161458333333460e-01,2.060000000000000199e-03,3.407499999999999939e-03,0.000000000000000000e+00
1.077686631944444473e-01,2.060000000000000199e-03,3.457916666666666430e-03,0.000000000000000000e+00
1.078211805555555625e-01,2.060000000000000199e-03,3.508333333333333356e-03,0.000000000000000000e+00
1.078736979166666776e-01,2.060000000000000199e-03,3.558749999999999847e-03,0.000000000000000000e+00
1.079262152777777928e-01,2.060000000000000199e-03,3.609166666666666339e-03,0.000000000000000000e+00
1.079787326388888941e-01,2.060000000000000199e-03,3.659583333333333265e-03,0.000000000000000000e+00
1.080312500000000092e-01,2.060000000000000199e-03,3.709999999999999756e-03,0.000000000000000000e+00
1.080837673611111244e-01,2.060000000000000199e-03,3.760416666666666682e-03,0.000000000000000000e+00
1.081362847222222257e-01,2.060000000000000199e-03,3.810833333333333173e-03,0.000000000000000000e+00
1.081888020833333408e-01,2.060000000000000199e-03,3.861249999999999665e-03,0.000000000000000000e+00
1.082413194444444560e-01,2.060000000000000199e-03,3.911666666666666591e-03,0.000000000000000000e+00
1.082938368055555711e-01,2.060000000000000199e-03,3.962083333333333082e-03,0.000000000000000000e+00
1.083463541666666724e-01,2.060000000000000199e-03,4.012499999999999574e-03,0.000000000000000000e+00
1.083988715277777876e-01,2.060000000000000199e-03,4.062916666666666066e-03,0.000000000000000000e+00
1.084513888888889027e-01,2.060000000000000199e-03,4.113333333333333425e-03,0.000000000000000000e+00
1.085039062500000040e-01,2.060000000000000199e-03,4.163749999999999916e-03,0.000000000000000000e+00
1.085564236111111192e-01,2.060000000000000199e-03,4.214166666666666408e-03,0.000000000000000000e+00
1.086089409722222343e-01,2.060000000000000199e-03,4.264583333333332900e-03,0.000000000000000000e+00
1.086614583333333495e-01,2.060000000000000199e-03,4.314999999999999392e-03,0.000000000000000000e+00
1.087139756944444507e-01,2.060000000000000199e-03,4.365416666666666751e-03,0.000000000000000000e+00
1.087664930555555659e-01,2.060000000000000199e-03,4.415833333333333242e-03,0.000000000000000000e+00
1.088190104166666811e-01,2.060000000000000199e-03,4.466249999999999734e-03,0.000000000000000000e+00
1.088715277777777823e-01,2.060000000000000199e-03,4.516666666666666226e-03,0.000000000000000000e+00
1.089240451388888975e-01,2.060000000000000199e-03,4.567083333333332718e-03,0.000000000000000000e+00
1.089765625000000127e-01,2.060000000000000199e-03,4.617500000000000077e-03,0.000000000000000000e+00
1.090290798611111278e-01,2.060000000000000199e-03,4.667916666666666568e-03,0.000000000000000000e+00
1.090815972222222291e-01,2.060000000000000199e-03,4.718333333333333060e-03,0.000000000000000000e+00
1.091341145833333443e-01,2.060000000000000199e-03,4.768749999999999552e-03,0.000000000000000000e+00
1.091866319444444594e-01,2.060000000000000199e-03,4.819166666666666043e-03,0.000000000000000000e+00
1.092391493055555607e-01,2.060000000000000199e-03,4.869583333333333403e-03,0.000000000000000000e+00
1.092916666666666758e-01,2.060000000000000199e-03,4.919999999999999894e-03,0.000000000000000000e+00
1.100416666666666765e-01,2.170000000000000054e-03,4.919999999999999894e-03,0.000000000000000000e+00
1.100941840277777917e-01,2.170000000000000054e-03,4.869583333333333403e-03,0.000000000000000000e+00
1.101467013888888929e-01,2.170000000000000054e-03,4.819166666666666911e-03,0.000000000000000000e+00
1.101992187500000081e-01,2.170000000000000054e-03,4.768749999999999552e-03,0.000000000000000000e+00
1.102517361111111233e-01,2.170000000000000054e-03,4.718333333333333060e-03,0.000000000000000000e+00
1.103042534722222384e-01,2.170000000000000054e-03,4.667916666666666568e-03,0.000000000000000000e+00
1.103567708333333397e-01,2.170000000000000054e-03,4.617500000000000077e-03,0.000000000000000000e+00
1.104092881944444549e-01,2.170000000000000054e-03,4.567083333333333585e-03,0.000000000000000000e+00
1.104618055555555700e-01,2.170000000000000054e-03,4.516666666666666226e-03,0.000000000000000000e+00
1.105143229166666713e-01,2.170000000000000054e-03,4.466249999999999734e-03,0.000000000000000000e+00
1.105668402777777864e-01,2.170000000000000054e-03,4.415833333333333242e-03,0.000000000000000000e+00
1.106193576388889016e-01,2.170000000000000054e-03,4.365416666666666751e-03,0.000000000000000000e+00
1.106718750000000029e-01,2.170000000000000054e-03,4.315000000000000259e-03,0.000000000000000000e+00
1.107243923611111180e-01,2.170000000000000054e-03,4.264583333333333767e-03,0.000000000000000000e+00
1.107769097222222332e-01,2.170000000000000054e-03,4.214166666666666408e-03,0.000000000000000000e+00
1.108294270833333484e-01,2.170000000000000054e-03,4.163749999999999916e-03,0.000000000000000000e+00
1.108819444444444496e-01,2.170000000000000054e-03,4.113333333333333425e-03,0.000000000000000000e+00
1.109344618055555648e-01,2.170000000000000054e-03,4.062916666666666933e-03,0.000000000000000000e+00
1.109869791666666800e-01,2.170000000000000054e-03,4.012500000000000441e-03,0.000000000000000000e+00
1.110394965277777812e-01,2.170000000000000054e-03,3.962083333333333082e-03,0.000000000000000000e+00
1.110920138888888964e-01,2.170000000000000054e-03,3.911666666666666591e-03,0.000000000000000000e+00
1.111445312500000115e-01,2.170000000000000054e-03,3.861250000000000099e-03,0.000000000000000000e+00
1.111970486111111267e-01,2.170000000000000054e-03,3.810833333333333607e-03,0.000000000000000000e+00
1.112495659722222280e-01,2.170000000000000054e-03,3.760416666666666682e-03,0.000000000000000000e+00
1.113020833333333431e-01,2.170000000000000054e-03,3.709999999999999756e-03,0.000000000000000000e+00
1.113546006944444583e-01,2.170000000000000054e-03,3.659583333333333265e-03,0.000000000000000000e+00
1.114071180555555596e-01,2.170000000000000054e-03,3.609166666666666773e-03,0.000000000000000000e+00
1.114596354166666747e-01,2.170000000000000054e-03,3.558750000000000281e-03,0.000000000000000000e+00
1.115121527777777899e-01,2.170000000000000054e-03,3.508333333333333356e-03,0.000000000000000000e+00
1.115646701388889050e-01,2.170000000000000054e-03,3.457916666666666430e-03,0.000000000000000000e+00
1.116171875000000063e-01,2.170000000000000054e-03,3.407499999999999939e-03,0.000000000000000000e+00
1.116697048611111215e-01,2.170000000000000054e-03,3.357083333333333447e-03,0.000000000000000000e+00
1.117222222222222366e-01,2.170000000000000054e-03,3.306666666666666955e-03,0.000000000000000000e+00
1.117747395833333379e-01,2.170000000000000054e-03,3.256250000000000030e-03,0.000000000000000000e+00
1.118272569444444531e-01,2.170000000000000054e-03,3.205833333333333104e-03,0.000000000000000000e+00
1.118797743055555682e-01,2.170000000000000054e-03,3.155416666666666613e-03,0.000000000000000000e+00
1.119322916666666834e-01,2.170000000000000054e-03,3.105000000000000121e-03,0.000000000000000000e+00
1.119848090277777847e-01,2.170000000000000054e-03,3.054583333333333629e-03,0.000000000000000000e+00
1.120373263888888998e-01,2.170000000000000054e-03,3.004166666666666704e-03,0.000000000000000000e+00
1.120898437500000150e-01,2.170000000000000054e-03,2.953750000000000212e-03,0.000000000000000000e+00
1.121423611111111163e-01,2.170000000000000054e-03,2.903333333333333287e-03,0.000000000000000000e+00
1.121948784722222314e-01,2.170000000000000054e-03,2.852916666666666795e-03,0.000000000000000000e+00
1.122473958333333466e-01,2.170000000000000054e-03,2.802500000000000303e-03,0.000000000000000000e+00
1.122999131944444479e-01,2.170000000000000054e-03,2.752083333333333378e-03,0.000000000000000000e+00
1.123524305555555630e-01,2.170000000000000054e-03,2.701666666666666886e-03,0.000000000000000000e+00
1.124049479166666782e-01,2.170000000000000054e-03,2.651249999999999961e-03,0.000000000000000000e+00
1.124574652777777933e-01,2.170000000000000054e-03,2.600833333333333469e-03,0.000000000000000000e+00
1.125099826388888946e-01,2.170000000000000054e-03,2.550416666666666977e-03,0.000000000000000000e+00
1.125625000000000098e-01,2.170000000000000054e-03,2.500000000000000052e-03,0.000000000000000000e+00
1.126150173611111249e-01,2.170000000000000054e-03,2.449583333333333560e-03,0.000000000000000000e+00
1.126675347222222262e-01,2.170000000000000054e-03,2.399166666666666635e-03,0.000000000000000000e+00
1.127200520833333414e-01,2.170000000000000054e-03,2.348750000000000143e-03,0.000000000000000000e+00
1.127725694444444565e-01,2.170000000000000054e-03,2.298333333333333652e-03,0.000000000000000000e+00
1.128250868055555717e-01,2.170000000000000054e-03,2.247916666666666726e-03,0.000000000000000000e+00
1.128776041666666730e-01,2.170000000000000054e-03,2.197500000000000234e-03,0.000000000000000000e+00
1.129301215277777881e-01,2.170000000000000054e-03,2.147083333333333743e-03,0.000000000000000000e+00
1.129826388888889033e-01,2.170000000000000054e-03,2.096666666666666817e-03,0.000000000000000000e+00
1.130351562500000046e-01,2.170000000000000054e-03,2.046250000000000326e-03,0.000000000000000000e+00
1.130876736111111197e-01,2.170000000000000054e-03,1.995833333333333400e-03,0.000000000000000000e+00
1.131401909722222349e-01,2.170000000000000054e-03,1.945416666666666908e-03,0.000000000000000000e+00
1.131927083333333361e-01,2.170000000000000054e-03,1.895000000000000417e-03,0.000000000000000000e+00
1.132452256944444513e-01,2.170000000000000054e-03,1.844583333333333491e-03,0.000000000000000000e+00
1.132977430555555665e-01,2.170000000000000054e-03,1.794166666666667000e-03,0.000000000000000000e+00
1.133502604166666816e-01,2.170000000000000054e-03,1.743750000000000074e-03,0.000000000000000000e+00
1.134027777777777829e-01,2.170000000000000054e-03,1.693333333333333583e-03,0.000000000000000000e+00
1.134552951388888981e-01,2.170000000000000054e-03,1.642916666666667091e-03,0.000000000000000000e+00
1.135078125000000132e-01,2.170000000000000054e-03,1.592500000000000165e-03,0.000000000000000000e+00
1.135603298611111145e-01,2.170000000000000054e-03,1.542083333333333674e-03,0.000000000000000000e+00
1.136128472222222296e-01,2.170000000000000054e-03,1.491666666666666748e-03,0.000000000000000000e+00
1.136653645833333448e-01,2.170000000000000054e-03,1.441250000000000257e-03,0.000000000000000000e+00
1.137178819444444600e-01,2.170000000000000054e-03,1.390833333333333765e-03,0.000000000000000000e+00
1.137703993055555612e-01,2.170000000000000054e-03,1.340416666666666839e-03,0.000000000000000000e+00
1.138229166666666764e-01,2.170000000000000054e-03,1.290000000000000348e-03,0.000000000000000000e+00
1.138754340277777916e-01,2.170000000000000054e-03,1.239583333333333422e-03,0.000000000000000000e+00
1.139279513888888928e-01,2.170000000000000054e-03,1.189166666666666931e-03,0.000000000000000000e+00
1.139804687500000080e-01,2.170000000000000054e-03,1.138750000000000439e-03,0.000000000000000000e+00
1.140329861111111232e-01,2.170000000000000054e-03,1.088333333333333514e-03,0.000000000000000000e+00
1.140855034722222383e-01,2.170000000000000054e-03,1.037916666666667022e-03,0.000000000000000000e+00
1.141380208333333396e-01,2.170000000000000054e-03,9.875000000000005301e-04,0.000000000000000000e+00
1.141905381944444547e-01,2.170000000000000054e-03,9.370833333333340384e-04,0.000000000000000000e+00
1.142430555555555699e-01,2.170000000000000054e-03,8.866666666666666793e-04,0.000000000000000000e+00
1.142955729166666712e-01,2.170000000000000054e-03,8.362500000000001876e-04,0.000000000000000000e+00
1.143480902777777863e-01,2.170000000000000054e-03,7.858333333333336959e-04,0.000000000000000000e+00
1.144006076388889015e-01,2.170000000000000054e-03,7.354166666666672042e-04,0.000000000000000000e+00
1.144531250000000167e-01,2.170000000000000054e-03,6.850000000000007125e-04,0.000000000000000000e+00
1.145056423611111179e-01,2.170000000000000054e-03,6.345833333333333534e-04,0.000000000000000000e+00
1.145581597222222331e-01,2.170000000000000054e-03,5.841666666666668617e-04,0.000000000000000000e+00
1.146106770833333482e-01,2.170000000000000054e-03,5.337500000000003700e-04,0.000000000000000000e+00
1.146631944444444495e-01,2.170000000000000054e-03,4.833333333333338783e-04,0.000000000000000000e+00
1.147157118055555647e-01,2.170000000000000054e-03,4.329166666666673866e-04,0.000000000000000000e+00
1.147682291666666798e-01,2.170000000000000054e-03,3.825000000000000275e-04,0.000000000000000000e+00
1.148207465277777950e-01,2.170000000000000054e-03,3.320833333333335358e-04,0.000000000000000000e+00
1.148732638888888963e-01,2.170000000000000054e-03,2.816666666666670440e-04,0.000000000000000000e+00
1.149257812500000114e-01,2.170000000000000054e-03,2.312500000000005523e-04,0.000000000000000000e+00
1.149782986111111266e-01,2.170000000000000054e-03,1.808333333333340606e-04,0.000000000000000000e+00
1.150308159722222279e-01,2.170000000000000054e-03,1.304166666666667015e-04,0.000000000000000000e+00
1.150833333333333430e-01,2.170000000000000054e-03,8.000000000000000654e-05,0.000000000000000000e+00
1.158333333333333437e-01,2.279999999999999909e-03,8.000000000000000654e-05,0.000000000000000000e+00
1.158858506944444589e-01,2.279999999999999909e-03,1.304166666666666744e-04,0.000000000000000000e+00
1.159383680555555601e-01,2.279999999999999909e-03,1.808333333333333288e-04,0.000000000000000000e+00
1.159908854166666753e-01,2.279999999999999909e-03,2.312500000000000102e-04,0.000000000000000000e+00
1.160434027777777904e-01,2.279999999999999909e-03,2.816666666666666646e-04,0.000000000000000000e+00
1.160959201388889056e-01,2.279999999999999909e-03,3.320833333333333189e-04,0.000000000000000000e+00
1.161484375000000069e-01,2.279999999999999909e-03,3.824999999999999733e-04,0.000000000000000000e+00
1.162009548611111220e-01,2.279999999999999909e-03,4.329166666666666276e-04,0.000000000000000000e+00
1.162534722222222372e-01,2.279999999999999909e-03,4.833333333333332820e-04,0.000000000000000000e+00
1.163059895833333385e-01,2.279999999999999909e-03,5.337499999999999363e-04,0.000000000000000000e+00
1.163585069444444536e-01,2.279999999999999909e-03,5.841666666666666449e-04,0.000000000000000000e+00
1.164110243055555688e-01,2.279999999999999909e-03,6.345833333333332450e-04,0.000000000000000000e+00
1.164635416666666701e-01,2.279999999999999909e-03,6.849999999999999535e-04,0.000000000000000000e+00
1.165160590277777852e-01,2.279999999999999909e-03,7.354166666666665537e-04,0.000000000000000000e+00
1.165685763888889004e-01,2.279999999999999909e-03,7.858333333333332622e-04,0.000000000000000000e+00
1.166210937500000155e-01,2.279999999999999909e-03,8.362499999999998624e-04,0.000000000000000000e+00
1.166736111111111168e-01,2.279999999999999909e-03,8.866666666666665709e-04,0.000000000000000000e+00
1.167261284722222320e-01,2.279999999999999909e-03,9.370833333333332795e-04,0.000000000000000000e+00
1.167786458333333471e-01,2.279999999999999909e-03,9.874999999999998796e-04,0.000000000000000000e+00
1.168311631944444484e-01,2.279999999999999909e-03,1.037916666666666588e-03,0.000000000000000000e+00
1.168836805555555636e-01,2.279999999999999909e-03,1.088333333333333297e-03,0.000000000000000000e+00
1.169361979166666787e-01,2.279999999999999909e-03,1.138749999999999788e-03,0.000000000000000000e+00
1.169887152777777939e-01,2.279999999999999909e-03,1.189166666666666497e-03,0.000000000000000000e+00
1.170412326388888952e-01,2.279999999999999909e-03,1.239583333333333206e-03,0.000000000000000000e+00
1.170937500000000103e-01,2.279999999999999909e-03,1.289999999999999914e-03,0.000000000000000000e+00
1.171462673611111255e-01,2.279999999999999909e-03,1.340416666666666623e-03,0.000000000000000000e+00
1.171987847222222268e-01,2.279999999999999909e-03,1.390833333333333114e-03,0.000000000000000000e+00
1.172513020833333419e-01,2.279999999999999909e-03,1.441249999999999823e-03,0.000000000000000000e+00
1.173038194444444571e-01,2.279999999999999909e-03,1.491666666666666531e-03,0.000000000000000000e+00
1.173563368055555722e-01,2.279999999999999909e-03,1.542083333333333240e-03,0.000000000000000000e+00
1.174088541666666735e-01,2.279999999999999909e-03,1.592499999999999732e-03,0.000000000000000000e+00
1.174613715277777887e-01,2.279999999999999909e-03,1.642916666666666440e-03,0.000000000000000000e+00
1.175138888888889038e-01,2.279999999999999909e-03,1.693333333333333149e-03,0.000000000000000000e+00
1.175664062500000051e-01,2.279999999999999909e-03,1.743749999999999857e-03,0.000000000000000000e+00
1.176189236111111203e-01,2.279999999999999909e-03,1.794166666666666566e-03,0.000000000000000000e+00
1.176714409722222354e-01,2.279999999999999909e-03,1.844583333333333058e-03,0.000000000000000000e+00
1.177239583333333506e-01,2.279999999999999909e-03,1.894999999999999766e-03,0.000000000000000000e+00
1.177764756944444519e-01,2.279999999999999909e-03,1.945416666666666475e-03,0.000000000000000000e+00
1.178289930555555670e-01,2.279999999999999909e-03,1.995833333333333400e-03,0.000000000000000000e+00
1.178815104166666822e-01,2.279999999999999909e-03,2.046249999999999892e-03,0.000000000000000000e+00
1.179340277777777835e-01,2.279999999999999909e-03,2.096666666666666817e-03,0.000000000000000000e+00
1.179865451388888986e-01,2.279999999999999909e-03,2.147083333333333309e-03,0.000000000000000000e+00
1.180390625000000138e-01,2.279999999999999909e-03,2.197499999999999801e-03,0.000000000000000000e+00
1.180915798611111150e-01,2.279999999999999909e-03,2.247916666666666726e-03,0.000000000000000000e+00
1.181440972222222302e-01,2.279999999999999909e-03,2.298333333333333218e-03,0.000000000000000000e+00
1.181966145833333454e-01,2.279999999999999909e-03,2.348750000000000143e-03,0.000000000000000000e+00
1.182491319444444605e-01,2.279999999999999909e-03,2.399166666666666635e-03,0.000000000000000000e+00
1.183016493055555618e-01,2.279999999999999909e-03,2.449583333333333127e-03,0.000000000000000000e+00
1.183541666666666770e-01,2.279999999999999909e-03,2.500000000000000052e-03,0.000000000000000000e+00
1.184066840277777921e-01,2.279999999999999909e-03,2.550416666666666544e-03,0.000000000000000000e+00
1.184592013888888934e-01,2.279999999999999909e-03,2.600833333333333469e-03,0.000000000000000000e+00
1.185117187500000085e-01,2.279999999999999909e-03,2.651249999999999961e-03,0.000000000000000000e+00
1.185642361111111237e-01,2.279999999999999909e-03,2.701666666666666453e-03,0.000000000000000000e+00
1.186167534722222389e-01,2.279999999999999909e-03,2.752083333333333378e-03,0.000000000000000000e+00
1.186692708333333401e-01,2.279999999999999909e-03,2.802499999999999870e-03,0.000000000000000000e+00
1.187217881944444553e-01,2.279999999999999909e-03,2.852916666666666361e-03,0.000000000000000000e+00
1.187743055555555705e-01,2.279999999999999909e-03,2.903333333333333287e-03,0.000000000000000000e+00
1.188268229166666717e-01,2.279999999999999909e-03,2.953749999999999779e-03,0.000000000000000000e+00
1.188793402777777869e-01,2.279999999999999909e-03,3.004166666666666704e-03,0.000000000000000000e+00
1.189318576388889021e-01,2.279999999999999909e-03,3.054583333333333196e-03,0.000000000000000000e+00
1.189843750000000033e-01,2.279999999999999909e-03,3.104999999999999687e-03,0.000000000000000000e+00
1.190368923611111185e-01,2.279999999999999909e-03,3.155416666666666613e-03,0.000000000000000000e+00
1.190894097222222336e-01,2.279999999999999909e-03,3.205833333333333104e-03,0.000000000000000000e+00
1.191419270833333488e-01,2.279999999999999909e-03,3.256250000000000030e-03,0.000000000000000000e+00
1.191944444444444501e-01,2.279999999999999909e-03,3.306666666666666522e-03,0.000000000000000000e+00
1.192469618055555652e-01,2.279999999999999909e-03,3.357083333333333013e-03,0.000000000000000000e+00
1.192994791666666804e-01,2.279999999999999909e-03,3.407499999999999939e-03,0.000000000000000000e+00
1.193519965277777817e-01,2.279999999999999909e-03,3.457916666666666430e-03,0.000000000000000000e+00
1.194045138888888968e-01,2.279999999999999909e-03,3.508333333333333356e-03,0.000000000000000000e+00
1.194570312500000120e-01,2.279999999999999909e-03,3.558749999999999847e-03,0.000000000000000000e+00
1.195095486111111271e-01,2.279999999999999909e-03,3.609166666666666339e-03,0.000000000000000000e+00
1.195620659722222284e-01,2.279999999999999909e-03,3.659583333333333265e-03,0.000000000000000000e+00
1.196145833333333436e-01,2.279999999999999909e-03,3.709999999999999756e-03,0.000000000000000000e+00
1.196671006944444587e-01,2.279999999999999909e-03,3.760416666666666682e-03,0.000000000000000000e+00
1.197196180555555600e-01,2.279999999999999909e-03,3.810833333333333173e-03,0.000000000000000000e+00
1.197721354166666752e-01,2.279999999999999909e-03,3.861249999999999665e-03,0.000000000000000000e+00
1.198246527777777903e-01,2.279999999999999909e-03,3.911666666666666591e-03,0.000000000000000000e+00
1.198771701388889055e-01,2.279999999999999909e-03,3.962083333333333082e-03,0.000000000000000000e+00
1.199296875000000068e-01,2.279999999999999909e-03,4.012499999999999574e-03,0.000000000000000000e+00
1.199822048611111219e-01,2.279999999999999909e-03,4.062916666666666066e-03,0.000000000000000000e+00
1.200347222222222371e-01,2.279999999999999909e-03,4.113333333333333425e-03,0.000000000000000000e+00
1.200872395833333384e-01,2.279999999999999909e-03,4.163749999999999916e-03,0.000000000000000000e+00
1.201397569444444535e-01,2.279999999999999909e-03,4.214166666666666408e-03,0.000000000000000000e+00
1.201922743055555687e-01,2.279999999999999909e-03,4.264583333333332900e-03,0.000000000000000000e+00
1.202447916666666838e-01,2.279999999999999909e-03,4.314999999999999392e-03,0.000000000000000000e+00
1.202973090277777851e-01,2.279999999999999909e-03,4.365416666666666751e-03,0.000000000000000000e+00
1.203498263888889003e-01,2.279999999999999909e-03,4.415833333333333242e-03,0.000000000000000000e+00
1.204023437500000154e-01,2.279999999999999909e-03,4.466249999999999734e-03,0.000000000000000000e+00
1.204548611111111167e-01,2.279999999999999909e-03,4.516666666666666226e-03,0.000000000000000000e+00
1.205073784722222319e-01,2.279999999999999909e-03,4.567083333333332718e-03,0.000000000000000000e+00
1.205598958333333470e-01,2.279999999999999909e-03,4.617500000000000077e-03,0.000000000000000000e+00
1.206124131944444622e-01,2.279999999999999909e-03,4.667916666666666568e-03,0.000000000000000000e+00
1.206649305555555635e-01,2.279999999999999909e-03,4.718333333333333060e-03,0.000000000000000000e+00
1.207174479166666786e-01,2.279999999999999909e-03,4.768749999999999552e-03,0.000000000000000000e+00
1.207699652777777938e-01,2.279999999999999909e-03,4.819166666666666043e-03,0.000000000000000000e+00
1.208224826388888951e-01,2.279999999999999909e-03,4.869583333333333403e-03,0.000000000000000000e+00
1.208750000000000102e-01,2.279999999999999909e-03,4.919999999999999894e-03,0.000000000000000000e+00
1.216250000000000109e-01,2.390000000000000197e-03,4.919999999999999894e-03,0.000000000000000000e+00
1.216775173611111260e-01,2.390000000000000197e-03,4.869583333333333403e-03,0.000000000000000000e+00
1.217300347222222273e-01,2.390000000000000197e-03,4.819166666666666911e-03,0.000000000000000000e+00
1.217825520833333425e-01,2.390000000000000197e-03,4.768749999999999552e-03,0.000000000000000000e+00
1.218350694444444576e-01,2.390000000000000197e-03,4.718333333333333060e-03,0.000000000000000000e+00
1.218875868055555728e-01,2.390000000000000197e-03,4.667916666666666568e-03,0.000000000000000000e+00
1.219401041666666741e-01,2.390000000000000197e-03,4.617500000000000077e-03,0.000000000000000000e+00
1.219926215277777892e-01,2.390000000000000197e-03,4.567083333333333585e-03,0.000000000000000000e+00
1.220451388888889044e-01,2.390000000000000197e-03,4.516666666666666226e-03,0.000000000000000000e+00
1.220976562500000057e-01,2.390000000000000197e-03,4.466249999999999734e-03,0.000000000000000000e+00
1.221501736111111208e-01,2.390000000000000197e-03,4.415833333333333242e-03,0.000000000000000000e+00
1.222026909722222360e-01,2.390000000000000197e-03,4.365416666666666751e-03,0.000000000000000000e+00
1.222552083333333373e-01,2.390000000000000197e-03,4.315000000000000259e-03,0.000000000000000000e+00
1.223077256944444524e-01,2.390000000000000197e-03,4.264583333333333767e-03,0.000000000000000000e+00
1.223602430555555676e-01,2.390000000000000197e-03,4.214166666666666408e-03,0.000000000000000000e+00
1.224127604166666827e-01,2.390000000000000197e-03,4.163749999999999916e-03,0.000000000000000000e+00
1.224652777777777840e-01,2.390000000000000197e-03,4.113333333333333425e-03,0.000000000000000000e+00
1.225177951388888992e-01,2.390000000000000197e-03,4.062916666666666933e-03,0.000000000000000000e+00
1.225703125000000143e-01,2.390000000000000197e-03,4.012500000000000441e-03,0.000000000000000000e+00
1.226228298611111156e-01,2.390000000000000197e-03,3.962083333333333082e-03,0.000000000000000000e+00
1.226753472222222308e-01,2.390000000000000197e-03,3.911666666666666591e-03,0.000000000000000000e+00
1.227278645833333459e-01,2.390000000000000197e-03,3.861250000000000099e-03,0.000000000000000000e+00
1.227803819444444611e-01,2.390000000000000197e-03,3.810833333333333607e-03,0.000000000000000000e+00
1.228328993055555624e-01,2.390000000000000197e-03,3.760416666666666682e-03,0.000000000000000000e+00
1.228854166666666775e-01,2.390000000000000197e-03,3.709999999999999756e-03,0.000000000000000000e+00
1.229379340277777927e-01,2.390000000000000197e-03,3.659583333333333265e-03,0.000000000000000000e+00
1.229904513888888939e-01,2.390000000000000197e-03,3.609166666666666773e-03,0.000000000000000000e+00
1.230429687500000091e-01,2.390000000000000197e-03,3.558750000000000281e-03,0.000000000000000000e+00
1.230954861111111243e-01,2.390000000000000197e-03,3.508333333333333356e-03,0.000000000000000000e+00
1.231480034722222394e-01,2.390000000000000197e-03,3.457916666666666430e-03,0.000000000000000000e+00
1.232005208333333407e-01,2.390000000000000197e-03,3.407499999999999939e-03,0.000000000000000000e+00
1.232530381944444559e-01,2.390000000000000197e-03,3.357083333333333447e-03,0.000000000000000000e+00
1.233055555555555710e-01,2.390000000000000197e-03,3.306666666666666955e-03,0.000000000000000000e+00
1.233580729166666723e-01,2.390000000000000197e-03,3.256250000000000030e-03,0.000000000000000000e+00
1.234105902777777874e-01,2.390000000000000197e-03,3.205833333333333104e-03,0.000000000000000000e+00
1.234631076388889026e-01,2.390000000000000197e-03,3.155416666666666613e-03,0.000000000000000000e+00
1.235156250000000178e-01,2.390000000000000197e-03,3.105000000000000121e-03,0.000000000000000000e+00
1.235681423611111190e-01,2.390000000000000197e-03,3.054583333333333629e-03,0.000000000000000000e+00
1.236206597222222342e-01,2.390000000000000197e-03,3.004166666666666704e-03,0.000000000000000000e+00
1.236731770833333494e-01,2.390000000000000197e-03,2.953750000000000212e-03,0.000000000000000000e+00
1.237256944444444506e-01,2.390000000000000197e-03,2.903333333333333287e-03,0.000000000000000000e+00
1.237782118055555658e-01,2.390000000000000197e-03,2.852916666666666795e-03,0.000000000000000000e+00
1.238307291666666810e-01,2.390000000000000197e-03,2.802500000000000303e-03,0.000000000000000000e+00
1.238832465277777822e-01,2.390000000000000197e-03,2.752083333333333378e-03,0.000000000000000000e+00
1.239357638888888974e-01,2.390000000000000197e-03,2.701666666666666886e-03,0.000000000000000000e+00
1.239882812500000125e-01,2.390000000000000197e-03,2.651249999999999961e-03,0.000000000000000000e+00
1.240407986111111277e-01,2.390000000000000197e-03,2.600833333333333469e-03,0.000000000000000000e+00
1.240933159722222290e-01,2.390000000000000197e-03,2.550416666666666977e-03,0.000000000000000000e+00
1.241458333333333441e-01,2.390000000000000197e-03,2.500000000000000052e-03,0.000000000000000000e+00
1.241983506944444593e-01,2.390000000000000197e-03,2.449583333333333560e-03,0.000000000000000000e+00
1.242508680555555606e-01,2.390000000000000197e-03,2.399166666666666635e-03,0.000000000000000000e+00
1.243033854166666757e-01,2.390000000000000197e-03,2.348750000000000143e-03,0.000000000000000000e+00
1.243559027777777909e-01,2.390000000000000197e-03,2.298333333333333652e-03,0.000000000000000000e+00
1.244084201388889060e-01,2.390000000000000197e-03,2.247916666666666726e-03,0.000000000000000000e+00
1.244609375000000073e-01,2.390000000000000197e-03,2.197500000000000234e-03,0.000000000000000000e+00
1.245134548611111225e-01,2.390000000000000197e-03,2.147083333333333743e-03,0.000000000000000000e+00
1.245659722222222376e-01,2.390000000000000197e-03,2.096666666666666817e-03,0.000000000000000000e+00
1.246184895833333389e-01,2.390000000000000197e-03,2.046250000000000326e-03,0.000000000000000000e+00
1.246710069444444541e-01,2.390000000000000197e-03,1.995833333333333400e-03,0.000000000000000000e+00
1.247235243055555692e-01,2.390000000000000197e-03,1.945416666666666908e-03,0.000000000000000000e+00
1.247760416666666705e-01,2.390000000000000197e-03,1.895000000000000417e-03,0.000000000000000000e+00
1.248285590277777857e-01,2.390000000000000197e-03,1.844583333333333491e-03,0.000000000000000000e+00
1.248810763888889008e-01,2.390000000000000197e-03,1.794166666666667000e-03,0.000000000000000000e+00
1.249335937500000160e-01,2.390000000000000197e-03,1.743750000000000074e-03,0.000000000000000000e+00
1.249861111111111173e-01,2.390000000000000197e-03,1.693333333333333583e-03,0.000000000000000000e+00
1.250386284722222463e-01,2.390000000000000197e-03,1.642916666666667091e-03,0.000000000000000000e+00
1.250911458333333337e-01,2.390000000000000197e-03,1.592500000000000165e-03,0.000000000000000000e+00
1.251436631944444489e-01,2.390000000000000197e-03,1.542083333333333674e-03,0.000000000000000000e+00
1.251961805555555640e-01,2.390000000000000197e-03,1.491666666666666748e-03,0.000000000000000000e+00
1.252486979166666792e-01,2.390000000000000197e-03,1.441250000000000257e-03,0.000000000000000000e+00
1.253012152777777943e-01,2.390000000000000197e-03,1.390833333333333765e-03,0.000000000000000000e+00
1.253537326388889095e-01,2.390000000000000197e-03,1.340416666666666839e-03,0.000000000000000000e+00
1.254062499999999969e-01,2.390000000000000197e-03,1.290000000000000348e-03,0.000000000000000000e+00
1.254587673611111120e-01,2.390000000000000197e-03,1.239583333333333422e-03,0.000000000000000000e+00
1.255112847222222272e-01,2.390000000000000197e-03,1.189166666666666931e-03,0.000000000000000000e+00
1.255638020833333424e-01,2.390000000000000197e-03,1.138750000000000439e-03,0.000000000000000000e+00
1.256163194444444575e-01,2.390000000000000197e-03,1.088333333333333514e-03,0.000000000000000000e+00
1.256688368055555727e-01,2.390000000000000197e-03,1.037916666666667022e-03,0.000000000000000000e+00
1.257213541666666878e-01,2.390000000000000197e-03,9.875000000000005301e-04,0.000000000000000000e+00
1.257738715277778030e-01,2.390000000000000197e-03,9.370833333333340384e-04,0.000000000000000000e+00
1.258263888888888904e-01,2.390000000000000197e-03,8.866666666666666793e-04,0.000000000000000000e+00
1.258789062500000056e-01,2.390000000000000197e-03,8.362500000000001876e-04,0.000000000000000000e+00
1.259314236111111207e-01,2.390000000000000197e-03,7.858333333333336959e-04,0.000000000000000000e+00
1.259839409722222359e-01,2.390000000000000197e-03,7.354166666666672042e-04,0.000000000000000000e+00
1.260364583333333510e-01,2.390000000000000197e-03,6.850000000000007125e-04,0.000000000000000000e+00
1.260889756944444662e-01,2.390000000000000197e-03,6.345833333333333534e-04,0.000000000000000000e+00
1.261414930555555536e-01,2.390000000000000197e-03,5.841666666666668617e-04,0.000000000000000000e+00
1.261940104166666687e-01,2.390000000000000197e-03,5.337500000000003700e-04,0.000000000000000000e+00
1.262465277777777839e-01,2.390000000000000197e-03,4.833333333333338783e-04,0.000000000000000000e+00
1.262990451388888991e-01,2.390000000000000197e-03,4.329166666666673866e-04,0.000000000000000000e+00
1.263515625000000142e-01,2.390000000000000197e-03,3.825000000000000275e-04,0.000000000000000000e+00
1.264040798611111294e-01,2.390000000000000197e-03,3.320833333333335358e-04,0.000000000000000000e+00
1.264565972222222445e-01,2.390000000000000197e-03,2.816666666666670440e-04,0.000000000000000000e+00
1.265091145833333319e-01,2.390000000000000197e-03,2.312500000000005523e-04,0.000000000000000000e+00
1.265616319444444471e-01,2.390000000000000197e-03,1.808333333333340606e-04,0.000000000000000000e+00
1.266141493055555622e-01,2.390000000000000197e-03,1.304166666666667015e-04,0.000000000000000000e+00
1.266666666666666774e-01,2.390000000000000197e-03,8.000000000000000654e-05,0.000000000000000000e+00
1.274166666666666781e-01,2.500000000000000052e-03,8.000000000000000654e-05,0.000000000000000000e+00
1.274691840277777932e-01,2.500000000000000052e-03,1.304166666666666744e-04,0.000000000000000000e+00
1.275217013888889084e-01,2.500000000000000052e-03,1.808333333333333288e-04,0.000000000000000000e+00
1.275742187500000235e-01,2.500000000000000052e-03,2.312500000000000102e-04,0.000000000000000000e+00
1.276267361111111109e-01,2.500000000000000052e-03,2.816666666666666646e-04,0.000000000000000000e+00
1.276792534722222261e-01,2.500000000000000052e-03,3.320833333333333189e-04,0.000000000000000000e+00
1.277317708333333413e-01,2.500000000000000052e-03,3.824999999999999733e-04,0.000000000000000000e+00
1.277842881944444564e-01,2.500000000000000052e-03,4.329166666666666276e-04,0.000000000000000000e+00
1.278368055555555716e-01,2.500000000000000052e-03,4.833333333333332820e-04,0.000000000000000000e+00
1.278893229166666867e-01,2.500000000000000052e-03,5.337499999999999363e-04,0.000000000000000000e+00
1.279418402777778019e-01,2.500000000000000052e-03,5.841666666666666449e-04,0.000000000000000000e+00
1.279943576388888893e-01,2.500000000000000052e-03,6.345833333333332450e-04,0.000000000000000000e+00
1.280468750000000044e-01,2.500000000000000052e-03,6.849999999999999535e-04,0.000000000000000000e+00
1.280993923611111196e-01,2.500000000000000052e-03,7.354166666666665537e-04,0.000000000000000000e+00
1.281519097222222348e-01,2.500000000000000052e-03,7.858333333333332622e-04,0.000000000000000000e+00
1.282044270833333499e-01,2.500000000000000052e-03,8.362499999999998624e-04,0.000000000000000000e+00
1.282569444444444651e-01,2.500000000000000052e-03,8.866666666666665709e-04,0.000000000000000000e+00
1.283094618055555802e-01,2.500000000000000052e-03,9.370833333333332795e-04,0.000000000000000000e+00
1.283619791666666676e-01,2.500000000000000052e-03,9.874999999999998796e-04,0.000000000000000000e+00
1.284144965277777828e-01,2.500000000000000052e-03,1.037916666666666588e-03,0.000000000000000000e+00
1.284670138888888979e-01,2.500000000000000052e-03,1.088333333333333297e-03,0.000000000000000000e+00
1.285195312500000131e-01,2.500000000000000052e-03,1.138749999999999788e-03,0.000000000000000000e+00
1.285720486111111283e-01,2.500000000000000052e-03,1.189166666666666497e-03,0.000000000000000000e+00
1.286245659722222434e-01,2.500000000000000052e-03,1.239583333333333206e-03,0.000000000000000000e+00
1.286770833333333308e-01,2.500000000000000052e-03,1.289999999999999914e-03,0.000000000000000000e+00
1.287296006944444460e-01,2.500000000000000052e-03,1.340416666666666623e-03,0.000000000000000000e+00
1.287821180555555611e-01,2.500000000000000052e-03,1.390833333333333114e-03,0.000000000000000000e+00
1.288346354166666763e-01,2.500000000000000052e-03,1.441249999999999823e-03,0.000000000000000000e+00
1.288871527777777914e-01,2.500000000000000052e-03,1.491666666666666531e-03,0.000000000000000000e+00
1.289396701388889066e-01,2.500000000000000052e-03,1.542083333333333240e-03,0.000000000000000000e+00
1.289921875000000218e-01,2.500000000000000052e-03,1.592499999999999732e-03,0.000000000000000000e+00
1.290447048611111092e-01,2.500000000000000052e-03,1.642916666666666440e-03,0.000000000000000000e+00
1.290972222222222243e-01,2.500000000000000052e-03,1.693333333333333149e-03,0.000000000000000000e+00
1.291497395833333395e-01,2.500000000000000052e-03,1.743749999999999857e-03,0.000000000000000000e+00
1.292022569444444546e-01,2.500000000000000052e-03,1.794166666666666566e-03,0.000000000000000000e+00
1.292547743055555698e-01,2.500000000000000052e-03,1.844583333333333058e-03,0.000000000000000000e+00
1.293072916666666849e-01,2.500000000000000052e-03,1.894999999999999766e-03,0.000000000000000000e+00
1.293598090277778001e-01,2.500000000000000052e-03,1.945416666666666475e-03,0.000000000000000000e+00
1.294123263888888875e-01,2.500000000000000052e-03,1.995833333333333400e-03,0.000000000000000000e+00
1.294648437500000027e-01,2.500000000000000052e-03,2.046249999999999892e-03,0.000000000000000000e+00
1.295173611111111178e-01,2.500000000000000052e-03,2.096666666666666817e-03,0.000000000000000000e+00
1.295698784722222330e-01,2.500000000000000052e-03,2.147083333333333309e-03,0.000000000000000000e+00
1.296223958333333481e-01,2.500000000000000052e-03,2.197499999999999801e-03,0.000000000000000000e+00
1.296749131944444633e-01,2.500000000000000052e-03,2.247916666666666726e-03,0.000000000000000000e+00
1.297274305555555785e-01,2.500000000000000052e-03,2.298333333333333218e-03,0.000000000000000000e+00
1.297799479166666659e-01,2.500000000000000052e-03,2.348750000000000143e-03,0.000000000000000000e+00
1.298324652777777810e-01,2.500000000000000052e-03,2.399166666666666635e-03,0.000000000000000000e+00
1.298849826388888962e-01,2.500000000000000052e-03,2.449583333333333127e-03,0.000000000000000000e+00
1.299375000000000113e-01,2.500000000000000052e-03,2.500000000000000052e-03,0.000000000000000000e+00
1.299900173611111265e-01,2.500000000000000052e-03,2.550416666666666544e-03,0.000000000000000000e+00
1.300425347222222416e-01,2.500000000000000052e-03,2.600833333333333469e-03,0.000000000000000000e+00
1.300950520833333568e-01,2.500000000000000052e-03,2.651249999999999961e-03,0.000000000000000000e+00
1.301475694444444442e-01,2.500000000000000052e-03,2.701666666666666453e-03,0.000000000000000000e+00
1.302000868055555594e-01,2.500000000000000052e-03,2.752083333333333378e-03,0.000000000000000000e+00
1.302526041666666745e-01,2.500000000000000052e-03,2.802499999999999870e-03,0.000000000000000000e+00
1.303051215277777897e-01,2.500000000000000052e-03,2.852916666666666361e-03,0.000000000000000000e+00
1.303576388888889048e-01,2.500000000000000052e-03,2.903333333333333287e-03,0.000000000000000000e+00
1.304101562500000200e-01,2.500000000000000052e-03,2.953749999999999779e-03,0.000000000000000000e+00
1.304626736111111351e-01,2.500000000000000052e-03,3.004166666666666704e-03,0.000000000000000000e+00
1.305151909722222225e-01,2.500000000000000052e-03,3.054583333333333196e-03,0.000000000000000000e+00
1.305677083333333377e-01,2.500000000000000052e-03,3.104999999999999687e-03,0.000000000000000000e+00
1.306202256944444529e-01,2.500000000000000052e-03,3.155416666666666613e-03,0.000000000000000000e+00
1.306727430555555680e-01,2.500000000000000052e-03,3.205833333333333104e-03,0.000000000000000000e+00
1.307252604166666832e-01,2.500000000000000052e-03,3.256250000000000030e-03,0.000000000000000000e+00
1.307777777777777983e-01,2.500000000000000052e-03,3.306666666666666522e-03,0.000000000000000000e+00
1.308302951388889135e-01,2.500000000000000052e-03,3.357083333333333013e-03,0.000000000000000000e+00
1.308828125000000009e-01,2.500000000000000052e-03,3.407499999999999939e-03,0.000000000000000000e+00
1.309353298611111160e-01,2.500000000000000052e-03,3.457916666666666430e-03,0.000000000000000000e+00
1.309878472222222312e-01,2.500000000000000052e-03,3.508333333333333356e-03,0.000000000000000000e+00
1.310403645833333464e-01,2.500000000000000052e-03,3.558749999999999847e-03,0.000000000000000000e+00
1.310928819444444615e-01,2.500000000000000052e-03,3.609166666666666339e-03,0.000000000000000000e+00
1.311453993055555767e-01,2.500000000000000052e-03,3.659583333333333265e-03,0.000000000000000000e+00
1.311979166666666918e-01,2.500000000000000052e-03,3.709999999999999756e-03,0.000000000000000000e+00
1.312504340277777792e-01,2.500000000000000052e-03,3.760416666666666682e-03,0.000000000000000000e+00
1.313029513888888944e-01,2.500000000000000052e-03,3.810833333333333173e-03,0.000000000000000000e+00
1.313554687500000095e-01,2.500000000000000052e-03,3.861249999999999665e-03,0.000000000000000000e+00
1.314079861111111247e-01,2.500000000000000052e-03,3.911666666666666591e-03,0.000000000000000000e+00
1.314605034722222399e-01,2.500000000000000052e-03,3.962083333333333082e-03,0.000000000000000000e+00
1.315130208333333550e-01,2.500000000000000052e-03,4.012499999999999574e-03,0.000000000000000000e+00
1.315655381944444424e-01,2.500000000000000052e-03,4.062916666666666066e-03,0.000000000000000000e+00
1.316180555555555576e-01,2.500000000000000052e-03,4.113333333333333425e-03,0.000000000000000000e+00
1.316705729166666727e-01,2.500000000000000052e-03,4.163749999999999916e-03,0.000000000000000000e+00
1.317230902777777879e-01,2.500000000000000052e-03,4.214166666666666408e-03,0.000000000000000000e+00
1.317756076388889031e-01,2.500000000000000052e-03,4.264583333333332900e-03,0.000000000000000000e+00
1.318281250000000182e-01,2.500000000000000052e-03,4.314999999999999392e-03,0.000000000000000000e+00
1.318806423611111334e-01,2.500000000000000052e-03,4.365416666666666751e-03,0.000000000000000000e+00
1.319331597222222208e-01,2.500000000000000052e-03,4.415833333333333242e-03,0.000000000000000000e+00
1.319856770833333359e-01,2.500000000000000052e-03,4.466249999999999734e-03,0.000000000000000000e+00
1.320381944444444511e-01,2.500000000000000052e-03,4.516666666666666226e-03,0.000000000000000000e+00
1.320907118055555662e-01,2.500000000000000052e-03,4.567083333333332718e-03,0.000000000000000000e+00
1.321432291666666814e-01,2.500000000000000052e-03,4.617500000000000077e-03,0.000000000000000000e+00
1.321957465277777966e-01,2.500000000000000052e-03,4.667916666666666568e-03,0.000000000000000000e+00
1.322482638888889117e-01,2.500000000000000052e-03,4.718333333333333060e-03,0.000000000000000000e+00
1.323007812499999991e-01,2.500000000000000052e-03,4.768749999999999552e-03,0.000000000000000000e+00
1.323532986111111143e-01,2.500000000000000052e-03,4.819166666666666043e-03,0.000000000000000000e+00
1.324058159722222294e-01,2.500000000000000052e-03,4.869583333333333403e-03,0.000000000000000000e+00
1.324583333333333446e-01,2.500000000000000052e-03,4.919999999999999894e-03,0.000000000000000000e+00
1.332083333333333452e-01,2.609999999999999907e-03,4.919999999999999894e-03,0.000000000000000000e+00
1.332608506944444604e-01,2.609999999999999907e-03,4.869583333333333403e-03,0.000000000000000000e+00
1.333133680555555756e-01,2.609999999999999907e-03,4.819166666666666911e-03,0.000000000000000000e+00
1.333658854166666907e-01,2.609999999999999907e-03,4.768749999999999552e-03,0.000000000000000000e+00
1.334184027777777781e-01,2.609999999999999907e-03,4.718333333333333060e-03,0.000000000000000000e+00
1.334709201388888933e-01,2.609999999999999907e-03,4.667916666666666568e-03,0.000000000000000000e+00
1.335234375000000084e-01,2.609999999999999907e-03,4.617500000000000077e-03,0.000000000000000000e+00
1.335759548611111236e-01,2.609999999999999907e-03,4.567083333333333585e-03,0.000000000000000000e+00
1.336284722222222388e-01,2.609999999999999907e-03,4.516666666666666226e-03,0.000000000000000000e+00
1.336809895833333539e-01,2.609999999999999907e-03,4.466249999999999734e-03,0.000000000000000000e+00
1.337335069444444691e-01,2.609999999999999907e-03,4.415833333333333242e-03,0.000000000000000000e+00
1.337860243055555565e-01,2.609999999999999907e-03,4.365416666666666751e-03,0.000000000000000000e+00
1.338385416666666716e-01,2.609999999999999907e-03,4.315000000000000259e-03,0.000000000000000000e+00
1.338910590277777868e-01,2.609999999999999907e-03,4.264583333333333767e-03,0.000000000000000000e+00
1.339435763888889019e-01,2.609999999999999907e-03,4.214166666666666408e-03,0.000000000000000000e+00
1.339960937500000171e-01,2.609999999999999907e-03,4.163749999999999916e-03,0.000000000000000000e+00
1.340486111111111323e-01,2.609999999999999907e-03,4.113333333333333425e-03,0.000000000000000000e+00
1.341011284722222474e-01,2.609999999999999907e-03,4.062916666666666933e-03,0.000000000000000000e+00
1.341536458333333348e-01,2.609999999999999907e-03,4.012500000000000441e-03,0.000000000000000000e+00
1.342061631944444500e-01,2.609999999999999907e-03,3.962083333333333082e-03,0.000000000000000000e+00
1.342586805555555651e-01,2.609999999999999907e-03,3.911666666666666591e-03,0.000000000000000000e+00
1.343111979166666803e-01,2.609999999999999907e-03,3.861250000000000099e-03,0.000000000000000000e+00
1.343637152777777954e-01,2.609999999999999907e-03,3.810833333333333607e-03,0.000000000000000000e+00
1.344162326388889106e-01,2.609999999999999907e-03,3.760416666666666682e-03,0.000000000000000000e+00
1.344687500000000258e-01,2.609999999999999907e-03,3.709999999999999756e-03,0.000000000000000000e+00
1.345212673611111132e-01,2.609999999999999907e-03,3.659583333333333265e-03,0.000000000000000000e+00
1.345737847222222283e-01,2.609999999999999907e-03,3.609166666666666773e-03,0.000000000000000000e+00
1.346263020833333435e-01,2.609999999999999907e-03,3.558750000000000281e-03,0.000000000000000000e+00
1.346788194444444586e-01,2.609999999999999907e-03,3.508333333333333356e-03,0.000000000000000000e+00
1.347313368055555738e-01,2.609999999999999907e-03,3.457916666666666430e-03,0.000000000000000000e+00
1.347838541666666889e-01,2.609999999999999907e-03,3.407499999999999939e-03,0.000000000000000000e+00
1.348363715277777763e-01,2.609999999999999907e-03,3.357083333333333447e-03,0.000000000000000000e+00
1.348888888888888915e-01,2.609999999999999907e-03,3.306666666666666955e-03,0.000000000000000000e+00
1.349414062500000067e-01,2.609999999999999907e-03,3.256250000000000030e-03,0.000000000000000000e+00
1.349939236111111218e-01,2.609999999999999907e-03,3.205833333333333104e-03,0.000000000000000000e+00
1.350464409722222370e-01,2.609999999999999907e-03,3.155416666666666613e-03,0.000000000000000000e+00
1.350989583333333521e-01,2.609999999999999907e-03,3.105000000000000121e-03,0.000000000000000000e+00
1.351514756944444673e-01,2.609999999999999907e-03,3.054583333333333629e-03,0.000000000000000000e+00
1.352039930555555547e-01,2.609999999999999907e-03,3.004166666666666704e-03,0.000000000000000000e+00
1.352565104166666698e-01,2.609999999999999907e-03,2.953750000000000212e-03,0.000000000000000000e+00
1.353090277777777850e-01,2.609999999999999907e-03,2.903333333333333287e-03,0.000000000000000000e+00
1.353615451388889002e-01,2.609999999999999907e-03,2.852916666666666795e-03,0.000000000000000000e+00
1.354140625000000153e-01,2.609999999999999907e-03,2.802500000000000303e-03,0.000000000000000000e+00
1.354665798611111305e-01,2.609999999999999907e-03,2.752083333333333378e-03,0.000000000000000000e+00
1.355190972222222456e-01,2.609999999999999907e-03,2.701666666666666886e-03,0.000000000000000000e+00
1.355716145833333330e-01,2.609999999999999907e-03,2.651249999999999961e-03,0.000000000000000000e+00
1.356241319444444482e-01,2.609999999999999907e-03,2.600833333333333469e-03,0.000000000000000000e+00
1.356766493055555634e-01,2.609999999999999907e-03,2.550416666666666977e-03,0.000000000000000000e+00
1.357291666666666785e-01,2.609999999999999907e-03,2.500000000000000052e-03,0.000000000000000000e+00
1.357816840277777937e-01,2.609999999999999907e-03,2.449583333333333560e-03,0.000000000000000000e+00
1.358342013888889088e-01,2.609999999999999907e-03,2.399166666666666635e-03,0.000000000000000000e+00
1.358867187500000240e-01,2.609999999999999907e-03,2.348750000000000143e-03,0.000000000000000000e+00
1.359392361111111114e-01,2.609999999999999907e-03,2.298333333333333652e-03,0.000000000000000000e+00
1.359917534722222265e-01,2.609999999999999907e-03,2.247916666666666726e-03,0.000000000000000000e+00
1.360442708333333417e-01,2.609999999999999907e-03,2.197500000000000234e-03,0.000000000000000000e+00
1.360967881944444569e-01,2.609999999999999907e-03,2.147083333333333743e-03,0.000000000000000000e+00
1.361493055555555720e-01,2.609999999999999907e-03,2.096666666666666817e-03,0.000000000000000000e+00
1.362018229166666872e-01,2.609999999999999907e-03,2.046250000000000326e-03,0.000000000000000000e+00
1.362543402777778023e-01,2.609999999999999907e-03,1.995833333333333400e-03,0.000000000000000000e+00
1.363068576388888897e-01,2.609999999999999907e-03,1.945416666666666908e-03,0.000000000000000000e+00
1.363593750000000049e-01,2.609999999999999907e-03,1.895000000000000417e-03,0.000000000000000000e+00
1.364118923611111200e-01,2.609999999999999907e-03,1.844583333333333491e-03,0.000000000000000000e+00
1.364644097222222352e-01,2.609999999999999907e-03,1.794166666666667000e-03,0.000000000000000000e+00
1.365169270833333504e-01,2.609999999999999907e-03,1.743750000000000074e-03,0.000000000000000000e+00
1.365694444444444655e-01,2.609999999999999907e-03,1.693333333333333583e-03,0.000000000000000000e+00
1.366219618055555807e-01,2.609999999999999907e-03,1.642916666666667091e-03,0.000000000000000000e+00
1.366744791666666681e-01,2.609999999999999907e-03,1.592500000000000165e-03,0.000000000000000000e+00
1.367269965277777832e-01,2.609999999999999907e-03,1.542083333333333674e-03,0.000000000000000000e+00
1.367795138888888984e-01,2.609999999999999907e-03,1.491666666666666748e-03,0.000000000000000000e+00
1.368320312500000135e-01,2.609999999999999907e-03,1.441250000000000257e-03,0.000000000000000000e+00
1.368845486111111287e-01,2.609999999999999907e-03,1.390833333333333765e-03,0.000000000000000000e+00
1.369370659722222439e-01,2.609999999999999907e-03,1.340416666666666839e-03,0.000000000000000000e+00
1.369895833333333313e-01,2.609999999999999907e-03,1.290000000000000348e-03,0.000000000000000000e+00
1.370421006944444464e-01,2.609999999999999907e-03,1.239583333333333422e-03,0.000000000000000000e+00
1.370946180555555616e-01,2.609999999999999907e-03,1.189166666666666931e-03,0.000000000000000000e+00
1.371471354166666767e-01,2.609999999999999907e-03,1.138750000000000439e-03,0.000000000000000000e+00
1.371996527777777919e-01,2.609999999999999907e-03,1.088333333333333514e-03,0.000000000000000000e+00
1.372521701388889070e-01,2.609999999999999907e-03,1.037916666666667022e-03,0.000000000000000000e+00
1.373046875000000222e-01,2.609999999999999907e-03,9.875000000000005301e-04,0.000000000000000000e+00
1.373572048611111374e-01,2.609999999999999907e-03,9.370833333333340384e-04,0.000000000000000000e+00
1.374097222222222248e-01,2.609999999999999907e-03,8.866666666666666793e-04,0.000000000000000000e+00
1.374622395833333399e-01,2.609999999999999907e-03,8.362500000000001876e-04,0.000000000000000000e+00
1.375147569444444551e-01,2.609999999999999907e-03,7.858333333333336959e-04,0.000000000000000000e+00
1.375672743055555702e-01,2.609999999999999907e-03,7.354166666666672042e-04,0.000000000000000000e+00
1.376197916666666854e-01,2.609999999999999907e-03,6.850000000000007125e-04,0.000000000000000000e+00
1.376723090277778005e-01,2.609999999999999907e-03,6.345833333333333534e-04,0.000000000000000000e+00
1.377248263888888880e-01,2.609999999999999907e-03,5.841666666666668617e-04,0.000000000000000000e+00
1.377773437500000031e-01,2.609999999999999907e-03,5.337500000000003700e-04,0.000000000000000000e+00
1.378298611111111183e-01,2.609999999999999907e-03,4.833333333333338783e-04,0.000000000000000000e+00
1.378823784722222334e-01,2.609999999999999907e-03,4.329166666666673866e-04,0.000000000000000000e+00
1.379348958333333486e-01,2.609999999999999907e-03,3.825000000000000275e-04,0.000000000000000000e+00
1.379874131944444637e-01,2.609999999999999907e-03,3.320833333333335358e-04,0.000000000000000000e+00
1.380399305555555789e-01,2.609999999999999907e-03,2.816666666666670440e-04,0.000000000000000000e+00
1.380924479166666663e-01,2.609999999999999907e-03,2.312500000000005523e-04,0.000000000000000000e+00
1.381449652777777815e-01,2.609999999999999907e-03,1.808333333333340606e-04,0.000000000000000000e+00
1.381974826388888966e-01,2.609999999999999907e-03,1.304166666666667015e-04,0.000000000000000000e+00
1.382500000000000118e-01,2.609999999999999907e-03,8.000000000000000654e-05,0.000000000000000000e+00
1.390000000000000124e-01,2.720000000000000195e-03,8.000000000000000654e-05,0.000000000000000000e+00
1.390525173611111276e-01,2.720000000000000195e-03,1.304166666666666744e-04,0.000000000000000000e+00
1.391050347222222427e-01,2.720000000000000195e-03,1.808333333333333288e-04,0.000000000000000000e+00
1.391575520833333579e-01,2.720000000000000195e-03,2.312500000000000102e-04,0.000000000000000000e+00
1.392100694444444453e-01,2.720000000000000195e-03,2.816666666666666646e-04,0.000000000000000000e+00
1.392625868055555605e-01,2.720000000000000195e-03,3.320833333333333189e-04,0.000000000000000000e+00
1.393151041666666756e-01,2.720000000000000195e-03,3.824999999999999733e-04,0.000000000000000000e+00
1.393676215277777908e-01,2.720000000000000195e-03,4.329166666666666276e-04,0.000000000000000000e+00
1.394201388888889059e-01,2.720000000000000195e-03,4.833333333333332820e-04,0.000000000000000000e+00
1.394726562500000211e-01,2.720000000000000195e-03,5.337499999999999363e-04,0.000000000000000000e+00
1.395251736111111363e-01,2.720000000000000195e-03,5.841666666666666449e-04,0.000000000000000000e+00
1.395776909722222237e-01,2.720000000000000195e-03,6.345833333333332450e-04,0.000000000000000000e+00
1.396302083333333388e-01,2.720000000000000195e-03,6.849999999999999535e-04,0.000000000000000000e+00
1.396827256944444540e-01,2.720000000000000195e-03,7.354166666666665537e-04,0.000000000000000000e+00
1.397352430555555691e-01,2.720000000000000195e-03,7.858333333333332622e-04,0.000000000000000000e+00
1.397877604166666843e-01,2.720000000000000195e-03,8.362499999999998624e-04,0.000000000000000000e+00
1.398402777777777994e-01,2.720000000000000195e-03,8.866666666666665709e-04,0.000000000000000000e+00
1.398927951388889146e-01,2.720000000000000195e-03,9.370833333333332795e-04,0.000000000000000000e+00
1.399453125000000020e-01,2.720000000000000195e-03,9.874999999999998796e-04,0.000000000000000000e+00
1.399978298611111172e-01,2.720000000000000195e-03,1.037916666666666588e-03,0.000000000000000000e+00
1.400503472222222323e-01,2.720000000000000195e-03,1.088333333333333297e-03,0.000000000000000000e+00
1.401028645833333475e-01,2.720000000000000195e-03,1.138749999999999788e-03,0.000000000000000000e+00
1.401553819444444626e-01,2.720000000000000195e-03,1.189166666666666497e-03,0.000000000000000000e+00
1.402078993055555778e-01,2.720000000000000195e-03,1.239583333333333206e-03,0.000000000000000000e+00
1.402604166666666652e-01,2.720000000000000195e-03,1.289999999999999914e-03,0.000000000000000000e+00
1.403129340277777803e-01,2.720000000000000195e-03,1.340416666666666623e-03,0.000000000000000000e+00
1.403654513888888955e-01,2.720000000000000195e-03,1.390833333333333114e-03,0.000000000000000000e+00
1.404179687500000107e-01,2.720000000000000195e-03,1.441249999999999823e-03,0.000000000000000000e+00
1.404704861111111258e-01,2.720000000000000195e-03,1.491666666666666531e-03,0.000000000000000000e+00
1.405230034722222410e-01,2.720000000000000195e-03,1.542083333333333240e-03,0.000000000000000000e+00
1.405755208333333561e-01,2.720000000000000195e-03,1.592499999999999732e-03,0.000000000000000000e+00
1.406280381944444435e-01,2.720000000000000195e-03,1.642916666666666440e-03,0.000000000000000000e+00
1.406805555555555587e-01,2.720000000000000195e-03,1.693333333333333149e-03,0.000000000000000000e+00
1.407330729166666738e-01,2.720000000000000195e-03,1.743749999999999857e-03,0.000000000000000000e+00
1.407855902777777890e-01,2.720000000000000195e-03,1.794166666666666566e-03,0.000000000000000000e+00
1.408381076388889042e-01,2.720000000000000195e-03,1.844583333333333058e-03,0.000000000000000000e+00
1.408906250000000193e-01,2.720000000000000195e-03,1.894999999999999766e-03,0.000000000000000000e+00
1.409431423611111345e-01,2.720000000000000195e-03,1.945416666666666475e-03,0.000000000000000000e+00
1.409956597222222219e-01,2.720000000000000195e-03,1.995833333333333400e-03,0.000000000000000000e+00
1.410481770833333370e-01,2.720000000000000195e-03,2.046249999999999892e-03,0.000000000000000000e+00
1.411006944444444522e-01,2.720000000000000195e-03,2.096666666666666817e-03,0.000000000000000000e+00
1.411532118055555673e-01,2.720000000000000195e-03,2.147083333333333309e-03,0.000000000000000000e+00
1.412057291666666825e-01,2.720000000000000195e-03,2.197499999999999801e-03,0.000000000000000000e+00
1.412582465277777977e-01,2.720000000000000195e-03,2.247916666666666726e-03,0.000000000000000000e+00
1.413107638888889128e-01,2.720000000000000195e-03,2.298333333333333218e-03,0.000000000000000000e+00
1.413632812500000002e-01,2.720000000000000195e-03,2.348750000000000143e-03,0.000000000000000000e+00
1.414157986111111154e-01,2.720000000000000195e-03,2.399166666666666635e-03,0.000000000000000000e+00
1.414683159722222305e-01,2.720000000000000195e-03,2.449583333333333127e-03,0.000000000000000000e+00
1.415208333333333457e-01,2.720000000000000195e-03,2.500000000000000052e-03,0.000000000000000000e+00
1.415733506944444609e-01,2.720000000000000195e-03,2.550416666666666544e-03,0.000000000000000000e+00
1.416258680555555760e-01,2.720000000000000195e-03,2.600833333333333469e-03,0.000000000000000000e+00
1.416783854166666912e-01,2.720000000000000195e-03,2.651249999999999961e-03,0.000000000000000000e+00
1.417309027777777786e-01,2.720000000000000195e-03,2.701666666666666453e-03,0.000000000000000000e+00
1.417834201388888937e-01,2.720000000000000195e-03,2.752083333333333378e-03,0.000000000000000000e+00
1.418359375000000089e-01,2.720000000000000195e-03,2.802499999999999870e-03,0.000000000000000000e+00
1.418884548611111240e-01,2.720000000000000195e-03,2.852916666666666361e-03,0.000000000000000000e+00
1.419409722222222392e-01,2.720000000000000195e-03,2.903333333333333287e-03,0.000000000000000000e+00
1.419934895833333544e-01,2.720000000000000195e-03,2.953749999999999779e-03,0.000000000000000000e+00
1.420460069444444695e-01,2.720000000000000195e-03,3.004166666666666704e-03,0.000000000000000000e+00
1.420985243055555569e-01,2.720000000000000195e-03,3.054583333333333196e-03,0.000000000000000000e+00
1.421510416666666721e-01,2.720000000000000195e-03,3.104999999999999687e-03,0.000000000000000000e+00
1.422035590277777872e-01,2.720000000000000195e-03,3.155416666666666613e-03,0.000000000000000000e+00
1.422560763888889024e-01,2.720000000000000195e-03,3.205833333333333104e-03,0.000000000000000000e+00
1.423085937500000175e-01,2.720000000000000195e-03,3.256250000000000030e-03,0.000000000000000000e+00
1.423611111111111327e-01,2.720000000000000195e-03,3.306666666666666522e-03,0.000000000000000000e+00
1.424136284722222479e-01,2.720000000000000195e-03,3.357083333333333013e-03,0.000000000000000000e+00
1.424661458333333353e-01,2.720000000000000195e-03,3.407499999999999939e-03,0.000000000000000000e+00
1.425186631944444504e-01,2.720000000000000195e-03,3.457916666666666430e-03,0.000000000000000000e+00
1.425711805555555656e-01,2.720000000000000195e-03,3.508333333333333356e-03,0.000000000000000000e+00
1.426236979166666807e-01,2.720000000000000195e-03,3.558749999999999847e-03,0.000000000000000000e+00
1.426762152777777959e-01,2.720000000000000195e-03,3.609166666666666339e-03,0.000000000000000000e+00
1.427287326388889110e-01,2.720000000000000195e-03,3.659583333333333265e-03,0.000000000000000000e+00
1.427812500000000262e-01,2.720000000000000195e-03,3.709999999999999756e-03,0.000000000000000000e+00
1.428337673611111136e-01,2.720000000000000195e-03,3.760416666666666682e-03,0.000000000000000000e+00
1.428862847222222288e-01,2.720000000000000195e-03,3.810833333333333173e-03,0.000000000000000000e+00
1.429388020833333439e-01,2.720000000000000195e-03,3.861249999999999665e-03,0.000000000000000000e+00
1.429913194444444591e-01,2.720000000000000195e-03,3.911666666666666591e-03,0.000000000000000000e+00
1.430438368055555742e-01,2.720000000000000195e-03,3.962083333333333082e-03,0.000000000000000000e+00
1.430963541666666894e-01,2.720000000000000195e-03,4.012499999999999574e-03,0.000000000000000000e+00
1.431488715277777768e-01,2.720000000000000195e-03,4.062916666666666066e-03,0.000000000000000000e+00
1.432013888888888919e-01,2.720000000000000195e-03,4.113333333333333425e-03,0.000000000000000000e+00
1.432539062500000071e-01,2.720000000000000195e-03,4.163749999999999916e-03,0.000000000000000000e+00
1.433064236111111223e-01,2.720000000000000195e-03,4.214166666666666408e-03,0.000000000000000000e+00
1.433589409722222374e-01,2.720000000000000195e-03,4.264583333333332900e-03,0.000000000000000000e+00
1.434114583333333526e-01,2.720000000000000195e-03,4.314999999999999392e-03,0.000000000000000000e+00
1.434639756944444677e-01,2.720000000000000195e-03,4.365416666666666751e-03,0.000000000000000000e+00
1.435164930555555551e-01,2.720000000000000195e-03,4.415833333333333242e-03,0.000000000000000000e+00
1.435690104166666703e-01,2.720000000000000195e-03,4.466249999999999734e-03,0.000000000000000000e+00
1.436215277777777855e-01,2.720000000000000195e-03,4.516666666666666226e-03,0.000000000000000000e+00
1.436740451388889006e-01,2.720000000000000195e-03,4.567083333333332718e-03,0.000000000000000000e+00
1.437265625000000158e-01,2.720000000000000195e-03,4.617500000000000077e-03,0.000000000000000000e+00
1.437790798611111309e-01,2.720000000000000195e-03,4.667916666666666568e-03,0.000000000000000000e+00
1.438315972222222461e-01,2.720000000000000195e-03,4.718333333333333060e-03,0.000000000000000000e+00
1.438841145833333335e-01,2.720000000000000195e-03,4.768749999999999552e-03,0.000000000000000000e+00
1.439366319444444486e-01,2.720000000000000195e-03,4.819166666666666043e-03,0.000000000000000000e+00
1.439891493055555638e-01,2.720000000000000195e-03,4.869583333333333403e-03,0.000000000000000000e+00
1.440416666666666790e-01,2.720000000000000195e-03,4.919999999999999894e-03,0.000000000000000000e+00
1.447916666666666796e-01,2.830000000000000050e-03,4.919999999999999894e-03,0.000000000000000000e+00
1.448441840277777948e-01,2.830000000000000050e-03,4.869583333333333403e-03,0.000000000000000000e+00
1.448967013888889099e-01,2.830000000000000050e-03,4.819166666666666911e-03,0.000000000000000000e+00
1.449492187500000251e-01,2.830000000000000050e-03,4.768749999999999552e-03,0.000000000000000000e+00
1.450017361111111125e-01,2.830000000000000050e-03,4.718333333333333060e-03,0.000000000000000000e+00
1.450542534722222276e-01,2.830000000000000050e-03,4.667916666666666568e-03,0.000000000000000000e+00
1.451067708333333428e-01,2.830000000000000050e-03,4.617500000000000077e-03,0.000000000000000000e+00
1.451592881944444580e-01,2.830000000000000050e-03,4.567083333333333585e-03,0.000000000000000000e+00
1.452118055555555731e-01,2.830000000000000050e-03,4.516666666666666226e-03,0.000000000000000000e+00
1.452643229166666883e-01,2.830000000000000050e-03,4.466249999999999734e-03,0.000000000000000000e+00
1.453168402777778034e-01,2.830000000000000050e-03,4.415833333333333242e-03,0.000000000000000000e+00
1.453693576388888908e-01,2.830000000000000050e-03,4.365416666666666751e-03,0.000000000000000000e+00
1.454218750000000060e-01,2.830000000000000050e-03,4.315000000000000259e-03,0.000000000000000000e+00
1.454743923611111212e-01,2.830000000000000050e-03,4.264583333333333767e-03,0.000000000000000000e+00
1.455269097222222363e-01,2.830000000000000050e-03,4.214166666666666408e-03,0.000000000000000000e+00
1.455794270833333515e-01,2.830000000000000050e-03,4.163749999999999916e-03,0.000000000000000000e+00
1.456319444444444666e-01,2.830000000000000050e-03,4.113333333333333425e-03,0.000000000000000000e+00
1.456844618055555818e-01,2.830000000000000050e-03,4.062916666666666933e-03,0.000000000000000000e+00
1.457369791666666692e-01,2.830000000000000050e-03,4.012500000000000441e-03,0.000000000000000000e+00
1.457894965277777843e-01,2.830000000000000050e-03,3.962083333333333082e-03,0.000000000000000000e+00
1.458420138888888995e-01,2.830000000000000050e-03,3.911666666666666591e-03,0.000000000000000000e+00
1.458945312500000147e-01,2.830000000000000050e-03,3.861250000000000099e-03,0.000000000000000000e+00
1.459470486111111298e-01,2.830000000000000050e-03,3.810833333333333607e-03,0.000000000000000000e+00
1.459995659722222450e-01,2.830000000000000050e-03,3.760416666666666682e-03,0.000000000000000000e+00
1.460520833333333601e-01,2.830000000000000050e-03,3.709999999999999756e-03,0.000000000000000000e+00
1.461046006944444475e-01,2.830000000000000050e-03,3.659583333333333265e-03,0.000000000000000000e+00
1.461571180555555627e-01,2.830000000000000050e-03,3.609166666666666773e-03,0.000000000000000000e+00
1.462096354166666778e-01,2.830000000000000050e-03,3.558750000000000281e-03,0.000000000000000000e+00
1.462621527777777930e-01,2.830000000000000050e-03,3.508333333333333356e-03,0.000000000000000000e+00
1.463146701388889082e-01,2.830000000000000050e-03,3.457916666666666430e-03,0.000000000000000000e+00
1.463671875000000233e-01,2.830000000000000050e-03,3.407499999999999939e-03,0.000000000000000000e+00
1.464197048611111107e-01,2.830000000000000050e-03,3.357083333333333447e-03,0.000000000000000000e+00
1.464722222222222259e-01,2.830000000000000050e-03,3.306666666666666955e-03,0.000000000000000000e+00
1.465247395833333410e-01,2.830000000000000050e-03,3.256250000000000030e-03,0.000000000000000000e+00
1.465772569444444562e-01,2.830000000000000050e-03,3.205833333333333104e-03,0.000000000000000000e+00
1.466297743055555713e-01,2.830000000000000050e-03,3.155416666666666613e-03,0.000000000000000000e+00
1.466822916666666865e-01,2.830000000000000050e-03,3.105000000000000121e-03,0.000000000000000000e+00
1.467348090277778017e-01,2.830000000000000050e-03,3.054583333333333629e-03,0.000000000000000000e+00
1.467873263888888891e-01,2.830000000000000050e-03,3.004166666666666704e-03,0.000000000000000000e+00
1.468398437500000042e-01,2.830000000000000050e-03,2.953750000000000212e-03,0.000000000000000000e+00
1.468923611111111194e-01,2.830000000000000050e-03,2.903333333333333287e-03,0.000000000000000000e+00
1.469448784722222345e-01,2.830000000000000050e-03,2.852916666666666795e-03,0.000000000000000000e+00
1.469973958333333497e-01,2.830000000000000050e-03,2.802500000000000303e-03,0.000000000000000000e+00
1.470499131944444648e-01,2.830000000000000050e-03,2.752083333333333378e-03,0.000000000000000000e+00
1.471024305555555800e-01,2.830000000000000050e-03,2.701666666666666886e-03,0.000000000000000000e+00
1.471549479166666674e-01,2.830000000000000050e-03,2.651249999999999961e-03,0.000000000000000000e+00
1.472074652777777826e-01,2.830000000000000050e-03,2.600833333333333469e-03,0.000000000000000000e+00
1.472599826388888977e-01,2.830000000000000050e-03,2.550416666666666977e-03,0.000000000000000000e+00
1.473125000000000129e-01,2.830000000000000050e-03,2.500000000000000052e-03,0.000000000000000000e+00
1.473650173611111280e-01,2.830000000000000050e-03,2.449583333333333560e-03,0.000000000000000000e+00
1.474175347222222432e-01,2.830000000000000050e-03,2.399166666666666635e-03,0.000000000000000000e+00
1.474700520833333584e-01,2.830000000000000050e-03,2.348750000000000143e-03,0.000000000000000000e+00
1.475225694444444458e-01,2.830000000000000050e-03,2.298333333333333652e-03,0.000000000000000000e+00
1.475750868055555609e-01,2.830000000000000050e-03,2.247916666666666726e-03,0.000000000000000000e+00
1.476276041666666761e-01,2.830000000000000050e-03,2.197500000000000234e-03,0.000000000000000000e+00
1.476801215277777912e-01,2.830000000000000050e-03,2.147083333333333743e-03,0.000000000000000000e+00
1.477326388888889064e-01,2.830000000000000050e-03,2.096666666666666817e-03,0.000000000000000000e+00
1.477851562500000215e-01,2.830000000000000050e-03,2.046250000000000326e-03,0.000000000000000000e+00
1.478376736111111367e-01,2.830000000000000050e-03,1.995833333333333400e-03,0.000000000000000000e+00
1.478901909722222241e-01,2.830000000000000050e-03,1.945416666666666908e-03,0.000000000000000000e+00
1.479427083333333393e-01,2.830000000000000050e-03,1.895000000000000417e-03,0.000000000000000000e+00
1.479952256944444544e-01,2.830000000000000050e-03,1.844583333333333491e-03,0.000000000000000000e+00
1.480477430555555696e-01,2.830000000000000050e-03,1.794166666666667000e-03,0.000000000000000000e+00
1.481002604166666847e-01,2.830000000000000050e-03,1.743750000000000074e-03,0.000000000000000000e+00
1.481527777777777999e-01,2.830000000000000050e-03,1.693333333333333583e-03,0.000000000000000000e+00
1.482052951388889150e-01,2.830000000000000050e-03,1.642916666666667091e-03,0.000000000000000000e+00
1.482578125000000024e-01,2.830000000000000050e-03,1.592500000000000165e-03,0.000000000000000000e+00
1.483103298611111176e-01,2.830000000000000050e-03,1.542083333333333674e-03,0.000000000000000000e+00
1.483628472222222328e-01,2.830000000000000050e-03,1.491666666666666748e-03,0.000000000000000000e+00
1.484153645833333479e-01,2.830000000000000050e-03,1.441250000000000257e-03,0.000000000000000000e+00
1.484678819444444631e-01,2.830000000000000050e-03,1.390833333333333765e-03,0.000000000000000000e+00
1.485203993055555782e-01,2.830000000000000050e-03,1.340416666666666839e-03,0.000000000000000000e+00
1.485729166666666656e-01,2.830000000000000050e-03,1.290000000000000348e-03,0.000000000000000000e+00
1.486254340277777808e-01,2.830000000000000050e-03,1.239583333333333422e-03,0.000000000000000000e+00
1.486779513888888959e-01,2.830000000000000050e-03,1.189166666666666931e-03,0.000000000000000000e+00
1.487304687500000111e-01,2.830000000000000050e-03,1.138750000000000439e-03,0.000000000000000000e+00
1.487829861111111263e-01,2.830000000000000050e-03,1.088333333333333514e-03,0.000000000000000000e+00
1.488355034722222414e-01,2.830000000000000050e-03,1.037916666666667022e-03,0.000000000000000000e+00
1.488880208333333566e-01,2.830000000000000050e-03,9.875000000000005301e-04,0.000000000000000000e+00
1.489405381944444717e-01,2.830000000000000050e-03,9.370833333333340384e-04,0.000000000000000000e+00
1.489930555555555591e-01,2.830000000000000050e-03,8.866666666666666793e-04,0.000000000000000000e+00
1.490455729166666743e-01,2.830000000000000050e-03,8.362500000000001876e-04,0.000000000000000000e+00
1.490980902777777894e-01,2.830000000000000050e-03,7.858333333333336959e-04,0.000000000000000000e+00
1.491506076388889046e-01,2.830000000000000050e-03,7.354166666666672042e-04,0.000000000000000000e+00
1.492031250000000198e-01,2.830000000000000050e-03,6.850000000000007125e-04,0.000000000000000000e+00
1.492556423611111349e-01,2.830000000000000050e-03,6.345833333333333534e-04,0.000000000000000000e+00
1.493081597222222223e-01,2.830000000000000050e-03,5.841666666666668617e-04,0.000000000000000000e+00
1.493606770833333375e-01,2.830000000000000050e-03,5.337500000000003700e-04,0.000000000000000000e+00
1.494131944444444526e-01,2.830000000000000050e-03,4.833333333333338783e-04,0.000000000000000000e+00
1.494657118055555678e-01,2.830000000000000050e-03,4.329166666666673866e-04,0.000000000000000000e+00
1.495182291666666829e-01,2.830000000000000050e-03,3.825000000000000275e-04,0.000000000000000000e+00
1.495707465277777981e-01,2.830000000000000050e-03,3.320833333333335358e-04,0.000000000000000000e+00
1.496232638888889133e-01,2.830000000000000050e-03,2.816666666666670440e-04,0.000000000000000000e+00
1.496757812500000007e-01,2.830000000000000050e-03,2.312500000000005523e-04,0.000000000000000000e+00
1.497282986111111158e-01,2.830000000000000050e-03,1.808333333333340606e-04,0.000000000000000000e+00
1.497808159722222310e-01,2.830000000000000050e-03,1.304166666666667015e-04,0.000000000000000000e+00
1.498333333333333461e-01,2.830000000000000050e-03,8.000000000000000654e-05,0.000000000000000000e+00
1.505833333333333468e-01,2.939999999999999905e-03,8.000000000000000654e-05,0.000000000000000000e+00
1.506358506944444620e-01,2.939999999999999905e-03,1.304166666666666744e-04,0.000000000000000000e+00
1.506883680555555771e-01,2.939999999999999905e-03,1.808333333333333288e-04,0.000000000000000000e+00
1.507408854166666923e-01,2.939999999999999905e-03,2.312500000000000102e-04,0.000000000000000000e+00
1.507934027777777797e-01,2.939999999999999905e-03,2.816666666666666646e-04,0.000000000000000000e+00
1.508459201388888948e-01,2.939999999999999905e-03,3.320833333333333189e-04,0.000000000000000000e+00
1.508984375000000100e-01,2.939999999999999905e-03,3.824999999999999733e-04,0.000000000000000000e+00
1.509509548611111251e-01,2.939999999999999905e-03,4.329166666666666276e-04,0.000000000000000000e+00
1.510034722222222403e-01,2.939999999999999905e-03,4.833333333333332820e-04,0.000000000000000000e+00
1.510559895833333555e-01,2.939999999999999905e-03,5.337499999999999363e-04,0.000000000000000000e+00
1.511085069444444706e-01,2.939999999999999905e-03,5.841666666666666449e-04,0.000000000000000000e+00
1.511610243055555580e-01,2.939999999999999905e-03,6.345833333333332450e-04,0.000000000000000000e+00
1.512135416666666732e-01,2.939999999999999905e-03,6.849999999999999535e-04,0.000000000000000000e+00
1.512660590277777883e-01,2.939999999999999905e-03,7.354166666666665537e-04,0.000000000000000000e+00
1.513185763888889035e-01,2.939999999999999905e-03,7.858333333333332622e-04,0.000000000000000000e+00
1.513710937500000187e-01,2.939999999999999905e-03,8.362499999999998624e-04,0.000000000000000000e+00
1.514236111111111338e-01,2.939999999999999905e-03,8.866666666666665709e-04,0.000000000000000000e+00
1.514761284722222490e-01,2.939999999999999905e-03,9.370833333333332795e-04,0.000000000000000000e+00
1.515286458333333364e-01,2.939999999999999905e-03,9.874999999999998796e-04,0.000000000000000000e+00
1.515811631944444515e-01,2.939999999999999905e-03,1.037916666666666588e-03,0.000000000000000000e+00
1.516336805555555667e-01,2.939999999999999905e-03,1.088333333333333297e-03,0.000000000000000000e+00
1.516861979166666818e-01,2.939999999999999905e-03,1.138749999999999788e-03,0.000000000000000000e+00
1.517387152777777970e-01,2.939999999999999905e-03,1.189166666666666497e-03,0.000000000000000000e+00
1.517912326388889122e-01,2.939999999999999905e-03,1.239583333333333206e-03,0.000000000000000000e+00
1.518437499999999996e-01,2.939999999999999905e-03,1.289999999999999914e-03,0.000000000000000000e+00
1.518962673611111147e-01,2.939999999999999905e-03,1.340416666666666623e-03,0.000000000000000000e+00
1.519487847222222299e-01,2.939999999999999905e-03,1.390833333333333114e-03,0.000000000000000000e+00
1.520013020833333450e-01,2.939999999999999905e-03,1.441249999999999823e-03,0.000000000000000000e+00
1.520538194444444602e-01,2.939999999999999905e-03,1.491666666666666531e-03,0.000000000000000000e+00
1.521063368055555753e-01,2.939999999999999905e-03,1.542083333333333240e-03,0.000000000000000000e+00
1.521588541666666905e-01,2.939999999999999905e-03,1.592499999999999732e-03,0.000000000000000000e+00
1.522113715277777779e-01,2.939999999999999905e-03,1.642916666666666440e-03,0.000000000000000000e+00
1.522638888888888931e-01,2.939999999999999905e-03,1.693333333333333149e-03,0.000000000000000000e+00
1.523164062500000082e-01,2.939999999999999905e-03,1.743749999999999857e-03,0.000000000000000000e+00
1.523689236111111234e-01,2.939999999999999905e-03,1.794166666666666566e-03,0.000000000000000000e+00
1.524214409722222385e-01,2.939999999999999905e-03,1.844583333333333058e-03,0.000000000000000000e+00
1.524739583333333537e-01,2.939999999999999905e-03,1.894999999999999766e-03,0.000000000000000000e+00
1.525264756944444688e-01,2.939999999999999905e-03,1.945416666666666475e-03,0.000000000000000000e+00
1.525789930555555562e-01,2.939999999999999905e-03,1.995833333333333400e-03,0.000000000000000000e+00
1.526315104166666714e-01,2.939999999999999905e-03,2.046249999999999892e-03,0.000000000000000000e+00
1.526840277777777866e-01,2.939999999999999905e-03,2.096666666666666817e-03,0.000000000000000000e+00
1.527365451388889017e-01,2.939999999999999905e-03,2.147083333333333309e-03,0.000000000000000000e+00
1.527890625000000169e-01,2.939999999999999905e-03,2.197499999999999801e-03,0.000000000000000000e+00
1.528415798611111320e-01,2.939999999999999905e-03,2.247916666666666726e-03,0.000000000000000000e+00
1.528940972222222472e-01,2.939999999999999905e-03,2.298333333333333218e-03,0.000000000000000000e+00
1.529466145833333346e-01,2.939999999999999905e-03,2.348750000000000143e-03,0.000000000000000000e+00
1.529991319444444497e-01,2.939999999999999905e-03,2.399166666666666635e-03,0.000000000000000000e+00
1.530516493055555649e-01,2.939999999999999905e-03,2.449583333333333127e-03,0.000000000000000000e+00
1.531041666666666801e-01,2.939999999999999905e-03,2.500000000000000052e-03,0.000000000000000000e+00
1.531566840277777952e-01,2.939999999999999905e-03,2.550416666666666544e-03,0.000000000000000000e+00
1.532092013888889104e-01,2.939999999999999905e-03,2.600833333333333469e-03,0.000000000000000000e+00
1.532617187500000255e-01,2.939999999999999905e-03,2.651249999999999961e-03,0.000000000000000000e+00
1.533142361111111129e-01,2.939999999999999905e-03,2.701666666666666453e-03,0.000000000000000000e+00
1.533667534722222281e-01,2.939999999999999905e-03,2.752083333333333378e-03,0.000000000000000000e+00
1.534192708333333433e-01,2.939999999999999905e-03,2.802499999999999870e-03,0.000000000000000000e+00
1.534717881944444584e-01,2.939999999999999905e-03,2.852916666666666361e-03,0.000000000000000000e+00
1.535243055555555736e-01,2.939999999999999905e-03,2.903333333333333287e-03,0.000000000000000000e+00
1.535768229166666887e-01,2.939999999999999905e-03,2.953749999999999779e-03,0.000000000000000000e+00
1.536293402777778039e-01,2.939999999999999905e-03,3.004166666666666704e-03,0.000000000000000000e+00
1.536818576388888913e-01,2.939999999999999905e-03,3.054583333333333196e-03,0.000000000000000000e+00
1.537343750000000064e-01,2.939999999999999905e-03,3.104999999999999687e-03,0.000000000000000000e+00
1.537868923611111216e-01,2.939999999999999905e-03,3.155416666666666613e-03,0.000000000000000000e+00
1.538394097222222368e-01,2.939999999999999905e-03,3.205833333333333104e-03,0.000000000000000000e+00
1.538919270833333519e-01,2.939999999999999905e-03,3.256250000000000030e-03,0.000000000000000000e+00
1.539444444444444671e-01,2.939999999999999905e-03,3.306666666666666522e-03,0.000000000000000000e+00
1.539969618055555822e-01,2.939999999999999905e-03,3.357083333333333013e-03,0.000000000000000000e+00
1.540494791666666696e-01,2.939999999999999905e-03,3.407499999999999939e-03,0.000000000000000000e+00
1.541019965277777848e-01,2.939999999999999905e-03,3.457916666666666430e-03,0.000000000000000000e+00
1.541545138888888999e-01,2.939999999999999905e-03,3.508333333333333356e-03,0.000000000000000000e+00
1.542070312500000151e-01,2.939999999999999905e-03,3.558749999999999847e-03,0.000000000000000000e+00
1.542595486111111303e-01,2.939999999999999905e-03,3.609166666666666339e-03,0.000000000000000000e+00
1.543120659722222454e-01,2.939999999999999905e-03,3.659583333333333265e-03,0.000000000000000000e+00
1.543645833333333606e-01,2.939999999999999905e-03,3.709999999999999756e-03,0.000000000000000000e+00
1.544171006944444480e-01,2.939999999999999905e-03,3.760416666666666682e-03,0.000000000000000000e+00
1.544696180555555631e-01,2.939999999999999905e-03,3.810833333333333173e-03,0.000000000000000000e+00
1.545221354166666783e-01,2.939999999999999905e-03,3.861249999999999665e-03,0.000000000000000000e+00
1.545746527777777934e-01,2.939999999999999905e-03,3.911666666666666591e-03,0.000000000000000000e+00
1.546271701388889086e-01,2.939999999999999905e-03,3.962083333333333082e-03,0.000000000000000000e+00
1.546796875000000238e-01,2.939999999999999905e-03,4.012499999999999574e-03,0.000000000000000000e+00
1.547322048611111112e-01,2.939999999999999905e-03,4.062916666666666066e-03,0.000000000000000000e+00
1.547847222222222263e-01,2.939999999999999905e-03,4.113333333333333425e-03,0.000000000000000000e+00
1.548372395833333415e-01,2.939999999999999905e-03,4.163749999999999916e-03,0.000000000000000000e+00
1.548897569444444566e-01,2.939999999999999905e-03,4.214166666666666408e-03,0.000000000000000000e+00
1.549422743055555718e-01,2.939999999999999905e-03,4.264583333333332900e-03,0.000000000000000000e+00
1.549947916666666869e-01,2.939999999999999905e-03,4.314999999999999392e-03,0.000000000000000000e+00
1.550473090277778021e-01,2.939999999999999905e-03,4.365416666666666751e-03,0.000000000000000000e+00
1.550998263888888895e-01,2.939999999999999905e-03,4.415833333333333242e-03,0.000000000000000000e+00
1.551523437500000047e-01,2.939999999999999905e-03,4.466249999999999734e-03,0.000000000000000000e+00
1.552048611111111198e-01,2.939999999999999905e-03,4.516666666666666226e-03,0.000000000000000000e+00
1.552573784722222350e-01,2.939999999999999905e-03,4.567083333333332718e-03,0.000000000000000000e+00
1.553098958333333501e-01,2.939999999999999905e-03,4.617500000000000077e-03,0.000000000000000000e+00
1.553624131944444653e-01,2.939999999999999905e-03,4.667916666666666568e-03,0.000000000000000000e+00
1.554149305555555804e-01,2.939999999999999905e-03,4.718333333333333060e-03,0.000000000000000000e+00
1.554674479166666679e-01,2.939999999999999905e-03,4.768749999999999552e-03,0.000000000000000000e+00
1.555199652777777830e-01,2.939999999999999905e-03,4.819166666666666043e-03,0.000000000000000000e+00
1.555724826388888982e-01,2.939999999999999905e-03,4.869583333333333403e-03,0.000000000000000000e+00
1.556250000000000133e-01,2.939999999999999905e-03,4.919999999999999894e-03,0.000000000000000000e+00
1.563750000000000140e-01,3.049999999999999760e-03,4.919999999999999894e-03,0.000000000000000000e+00
1.564275173611111291e-01,3.049999999999999760e-03,4.869583333333333403e-03,0.000000000000000000e+00
1.564800347222222443e-01,3.049999999999999760e-03,4.819166666666666911e-03,0.000000000000000000e+00
1.565325520833333595e-01,3.049999999999999760e-03,4.768749999999999552e-03,0.000000000000000000e+00
1.565850694444444469e-01,3.049999999999999760e-03,4.718333333333333060e-03,0.000000000000000000e+00
1.566375868055555620e-01,3.049999999999999760e-03,4.667916666666666568e-03,0.000000000000000000e+00
1.566901041666666772e-01,3.049999999999999760e-03,4.617500000000000077e-03,0.000000000000000000e+00
1.567426215277777923e-01,3.049999999999999760e-03,4.567083333333333585e-03,0.000000000000000000e+00
1.567951388888889075e-01,3.049999999999999760e-03,4.516666666666666226e-03,0.000000000000000000e+00
1.568476562500000226e-01,3.049999999999999760e-03,4.466249999999999734e-03,0.000000000000000000e+00
1.569001736111111378e-01,3.049999999999999760e-03,4.415833333333333242e-03,0.000000000000000000e+00
1.569526909722222252e-01,3.049999999999999760e-03,4.365416666666666751e-03,0.000000000000000000e+00
1.570052083333333404e-01,3.049999999999999760e-03,4.315000000000000259e-03,0.000000000000000000e+00
1.570577256944444555e-01,3.049999999999999760e-03,4.264583333333333767e-03,0.000000000000000000e+00
1.571102430555555707e-01,3.049999999999999760e-03,4.214166666666666408e-03,0.000000000000000000e+00
1.571627604166666858e-01,3.049999999999999760e-03,4.163749999999999916e-03,0.000000000000000000e+00
1.572152777777778010e-01,3.049999999999999760e-03,4.113333333333333425e-03,0.000000000000000000e+00
1.572677951388889162e-01,3.049999999999999760e-03,4.062916666666666933e-03,0.000000000000000000e+00
1.573203125000000036e-01,3.049999999999999760e-03,4.012500000000000441e-03,0.000000000000000000e+00
1.573728298611111187e-01,3.049999999999999760e-03,3.962083333333333082e-03,0.000000000000000000e+00
1.574253472222222339e-01,3.049999999999999760e-03,3.911666666666666591e-03,0.000000000000000000e+00
1.574778645833333490e-01,3.049999999999999760e-03,3.861250000000000099e-03,0.000000000000000000e+00
1.575303819444444642e-01,3.049999999999999760e-03,3.810833333333333607e-03,0.000000000000000000e+00
1.575828993055555793e-01,3.049999999999999760e-03,3.760416666666666682e-03,0.000000000000000000e+00
1.576354166666666945e-01,3.049999999999999760e-03,3.709999999999999756e-03,0.000000000000000000e+00
1.576879340277777819e-01,3.049999999999999760e-03,3.659583333333333265e-03,0.000000000000000000e+00
1.577404513888888971e-01,3.049999999999999760e-03,3.609166666666666773e-03,0.000000000000000000e+00
1.577929687500000122e-01,3.049999999999999760e-03,3.558750000000000281e-03,0.000000000000000000e+00
1.578454861111111274e-01,3.049999999999999760e-03,3.508333333333333356e-03,0.000000000000000000e+00
1.578980034722222425e-01,3.049999999999999760e-03,3.457916666666666430e-03,0.000000000000000000e+00
1.579505208333333577e-01,3.049999999999999760e-03,3.407499999999999939e-03,0.000000000000000000e+00
1.580030381944444451e-01,3.049999999999999760e-03,3.357083333333333447e-03,0.000000000000000000e+00
1.580555555555555602e-01,3.049999999999999760e-03,3.306666666666666955e-03,0.000000000000000000e+00
1.581080729166666754e-01,3.049999999999999760e-03,3.256250000000000030e-03,0.000000000000000000e+00
1.581605902777777906e-01,3.049999999999999760e-03,3.205833333333333104e-03,0.000000000000000000e+00
1.582131076388889057e-01,3.049999999999999760e-03,3.155416666666666613e-03,0.000000000000000000e+00
1.582656250000000209e-01,3.049999999999999760e-03,3.105000000000000121e-03,0.000000000000000000e+00
1.583181423611111360e-01,3.049999999999999760e-03,3.054583333333333629e-03,0.000000000000000000e+00
1.583706597222222234e-01,3.049999999999999760e-03,3.004166666666666704e-03,0.000000000000000000e+00
1.584231770833333386e-01,3.049999999999999760e-03,2.953750000000000212e-03,0.000000000000000000e+00
1.584756944444444537e-01,3.049999999999999760e-03,2.903333333333333287e-03,0.000000000000000000e+00
1.585282118055555689e-01,3.049999999999999760e-03,2.852916666666666795e-03,0.000000000000000000e+00
1.585807291666666841e-01,3.049999999999999760e-03,2.802500000000000303e-03,0.000000000000000000e+00
1.586332465277777992e-01,3.049999999999999760e-03,2.752083333333333378e-03,0.000000000000000000e+00
1.586857638888889144e-01,3.049999999999999760e-03,2.701666666666666886e-03,0.000000000000000000e+00
1.587382812500000018e-01,3.049999999999999760e-03,2.651249999999999961e-03,0.000000000000000000e+00
1.587907986111111169e-01,3.049999999999999760e-03,2.600833333333333469e-03,0.000000000000000000e+00
1.588433159722222321e-01,3.049999999999999760e-03,2.550416666666666977e-03,0.000000000000000000e+00
1.588958333333333472e-01,3.049999999999999760e-03,2.500000000000000052e-03,0.000000000000000000e+00
1.589483506944444624e-01,3.049999999999999760e-03,2.449583333333333560e-03,0.000000000000000000e+00
1.590008680555555776e-01,3.049999999999999760e-03,2.399166666666666635e-03,0.000000000000000000e+00
1.590533854166666927e-01,3.049999999999999760e-03,2.348750000000000143e-03,0.000000000000000000e+00
1.591059027777777801e-01,3.049999999999999760e-03,2.298333333333333652e-03,0.000000000000000000e+00
1.591584201388888953e-01,3.049999999999999760e-03,2.247916666666666726e-03,0.000000000000000000e+00
1.592109375000000104e-01,3.049999999999999760e-03,2.197500000000000234e-03,0.000000000000000000e+00
1.592634548611111256e-01,3.049999999999999760e-03,2.147083333333333743e-03,0.000000000000000000e+00
1.593159722222222408e-01,3.049999999999999760e-03,2.096666666666666817e-03,0.000000000000000000e+00
1.593684895833333559e-01,3.049999999999999760e-03,2.046250000000000326e-03,0.000000000000000000e+00
1.594210069444444711e-01,3.049999999999999760e-03,1.995833333333333400e-03,0.000000000000000000e+00
1.594735243055555585e-01,3.049999999999999760e-03,1.945416666666666908e-03,0.000000000000000000e+00
1.595260416666666736e-01,3.049999999999999760e-03,1.895000000000000417e-03,0.000000000000000000e+00
1.595785590277777888e-01,3.049999999999999760e-03,1.844583333333333491e-03,0.000000000000000000e+00
1.596310763888889039e-01,3.049999999999999760e-03,1.794166666666667000e-03,0.000000000000000000e+00
1.596835937500000191e-01,3.049999999999999760e-03,1.743750000000000074e-03,0.000000000000000000e+00
1.597361111111111343e-01,3.049999999999999760e-03,1.693333333333333583e-03,0.000000000000000000e+00
1.597886284722222494e-01,3.049999999999999760e-03,1.642916666666667091e-03,0.000000000000000000e+00
1.598411458333333368e-01,3.049999999999999760e-03,1.592500000000000165e-03,0.000000000000000000e+00
1.598936631944444520e-01,3.049999999999999760e-03,1.542083333333333674e-03,0.000000000000000000e+00
1.599461805555555671e-01,3.049999999999999760e-03,1.491666666666666748e-03,0.000000000000000000e+00
1.599986979166666823e-01,3.049999999999999760e-03,1.441250000000000257e-03,0.000000000000000000e+00
1.600512152777777974e-01,3.049999999999999760e-03,1.390833333333333765e-03,0.000000000000000000e+00
1.601037326388889126e-01,3.049999999999999760e-03,1.340416666666666839e-03,0.000000000000000000e+00
1.601562500000000000e-01,3.049999999999999760e-03,1.290000000000000348e-03,0.000000000000000000e+00
1.602087673611111152e-01,3.049999999999999760e-03,1.239583333333333422e-03,0.000000000000000000e+00
1.602612847222222303e-01,3.049999999999999760e-03,1.189166666666666931e-03,0.000000000000000000e+00
1.603138020833333455e-01,3.049999999999999760e-03,1.138750000000000439e-03,0.000000000000000000e+00
1.603663194444444606e-01,3.049999999999999760e-03,1.088333333333333514e-03,0.000000000000000000e+00
1.604188368055555758e-01,3.049999999999999760e-03,1.037916666666667022e-03,0.000000000000000000e+00
1.604713541666666909e-01,3.049999999999999760e-03,9.875000000000005301e-04,0.000000000000000000e+00
1.605238715277778061e-01,3.049999999999999760e-03,9.370833333333340384e-04,0.000000000000000000e+00
1.605763888888888935e-01,3.049999999999999760e-03,8.866666666666666793e-04,0.000000000000000000e+00
1.606289062500000087e-01,3.049999999999999760e-03,8.362500000000001876e-04,0.000000000000000000e+00
1.606814236111111238e-01,3.049999999999999760e-03,7.858333333333336959e-04,0.000000000000000000e+00
1.607339409722222390e-01,3.049999999999999760e-03,7.354166666666672042e-04,0.000000000000000000e+00
1.607864583333333541e-01,3.049999999999999760e-03,6.850000000000007125e-04,0.000000000000000000e+00
1.608389756944444693e-01,3.049999999999999760e-03,6.345833333333333534e-04,0.000000000000000000e+00
1.608914930555555567e-01,3.049999999999999760e-03,5.841666666666668617e-04,0.000000000000000000e+00
1.609440104166666718e-01,3.049999999999999760e-03,5.337500000000003700e-04,0.000000000000000000e+00
1.609965277777777870e-01,3.049999999999999760e-03,4.833333333333338783e-04,0.000000000000000000e+00
1.610490451388889022e-01,3.049999999999999760e-03,4.329166666666673866e-04,0.000000000000000000e+00
1.611015625000000173e-01,3.049999999999999760e-03,3.825000000000000275e-04,0.000000000000000000e+00
1.611540798611111325e-01,3.049999999999999760e-03,3.320833333333335358e-04,0.000000000000000000e+00
1.612065972222222476e-01,3.049999999999999760e-03,2.816666666666670440e-04,0.000000000000000000e+00
1.612591145833333350e-01,3.049999999999999760e-03,2.312500000000005523e-04,0.000000000000000000e+00
1.613116319444444502e-01,3.049999999999999760e-03,1.808333333333340606e-04,0.000000000000000000e+00
1.613641493055555654e-01,3.049999999999999760e-03,1.304166666666667015e-04,0.000000000000000000e+00
1.614166666666666805e-01,3.049999999999999760e-03,8.000000000000000654e-05,0.000000000000000000e+00
1.621666666666666812e-01,3.160000000000000048e-03,8.000000000000000654e-05,0.000000000000000000e+00
1.622191840277777963e-01,3.160000000000000048e-03,1.304166666666666744e-04,0.000000000000000000e+00
1.622717013888889115e-01,3.160000000000000048e-03,1.808333333333333288e-04,0.000000000000000000e+00
1.623242187500000266e-01,3.160000000000000048e-03,2.312500000000000102e-04,0.000000000000000000e+00
1.623767361111111140e-01,3.160000000000000048e-03,2.816666666666666646e-04,0.000000000000000000e+00
1.624292534722222292e-01,3.160000000000000048e-03,3.320833333333333189e-04,0.000000000000000000e+00
1.624817708333333444e-01,3.160000000000000048e-03,3.824999999999999733e-04,0.000000000000000000e+00
1.625342881944444595e-01,3.160000000000000048e-03,4.329166666666666276e-04,0.000000000000000000e+00
1.625868055555555747e-01,3.160000000000000048e-03,4.833333333333332820e-04,0.000000000000000000e+00
1.626393229166666898e-01,3.160000000000000048e-03,5.337499999999999363e-04,0.000000000000000000e+00
1.626918402777778050e-01,3.160000000000000048e-03,5.841666666666666449e-04,0.000000000000000000e+00
1.627443576388888924e-01,3.160000000000000048e-03,6.345833333333332450e-04,0.000000000000000000e+00
1.627968750000000075e-01,3.160000000000000048e-03,6.849999999999999535e-04,0.000000000000000000e+00
1.628493923611111227e-01,3.160000000000000048e-03,7.354166666666665537e-04,0.000000000000000000e+00
1.629019097222222379e-01,3.160000000000000048e-03,7.858333333333332622e-04,0.000000000000000000e+00
1.629544270833333530e-01,3.160000000000000048e-03,8.362499999999998624e-04,0.000000000000000000e+00
1.630069444444444682e-01,3.160000000000000048e-03,8.866666666666665709e-04,0.000000000000000000e+00
1.630594618055555833e-01,3.160000000000000048e-03,9.370833333333332795e-04,0.000000000000000000e+00
1.631119791666666707e-01,3.160000000000000048e-03,9.874999999999998796e-04,0.000000000000000000e+00
1.631644965277777859e-01,3.160000000000000048e-03,1.037916666666666588e-03,0.000000000000000000e+00
1.632170138888889011e-01,3.160000000000000048e-03,1.088333333333333297e-03,0.000000000000000000e+00
1.632695312500000162e-01,3.160000000000000048e-03,1.138749999999999788e-03,0.000000000000000000e+00
1.633220486111111314e-01,3.160000000000000048e-03,1.189166666666666497e-03,0.000000000000000000e+00
1.633745659722222465e-01,3.160000000000000048e-03,1.239583333333333206e-03,0.000000000000000000e+00
1.634270833333333339e-01,3.160000000000000048e-03,1.289999999999999914e-03,0.000000000000000000e+00
1.634796006944444491e-01,3.160000000000000048e-03,1.340416666666666623e-03,0.000000000000000000e+00
1.635321180555555642e-01,3.160000000000000048e-03,1.390833333333333114e-03,0.000000000000000000e+00
1.635846354166666794e-01,3.160000000000000048e-03,1.441249999999999823e-03,0.000000000000000000e+00
1.636371527777777946e-01,3.160000000000000048e-03,1.491666666666666531e-03,0.000000000000000000e+00
1.636896701388889097e-01,3.160000000000000048e-03,1.542083333333333240e-03,0.000000000000000000e+00
1.637421875000000249e-01,3.160000000000000048e-03,1.592499999999999732e-03,0.000000000000000000e+00
1.637947048611111123e-01,3.160000000000000048e-03,1.642916666666666440e-03,0.000000000000000000e+00
1.638472222222222274e-01,3.160000000000000048e-03,1.693333333333333149e-03,0.000000000000000000e+00
1.638997395833333426e-01,3.160000000000000048e-03,1.743749999999999857e-03,0.000000000000000000e+00
1.639522569444444577e-01,3.160000000000000048e-03,1.794166666666666566e-03,0.000000000000000000e+00
1.640047743055555729e-01,3.160000000000000048e-03,1.844583333333333058e-03,0.000000000000000000e+00
1.640572916666666881e-01,3.160000000000000048e-03,1.894999999999999766e-03,0.000000000000000000e+00
1.641098090277778032e-01,3.160000000000000048e-03,1.945416666666666475e-03,0.000000000000000000e+00
1.641623263888888906e-01,3.160000000000000048e-03,1.995833333333333400e-03,0.000000000000000000e+00
1.642148437500000058e-01,3.160000000000000048e-03,2.046249999999999892e-03,0.000000000000000000e+00
1.642673611111111209e-01,3.160000000000000048e-03,2.096666666666666817e-03,0.000000000000000000e+00
1.643198784722222361e-01,3.160000000000000048e-03,2.147083333333333309e-03,0.000000000000000000e+00
1.643723958333333512e-01,3.160000000000000048e-03,2.197499999999999801e-03,0.000000000000000000e+00
1.644249131944444664e-01,3.160000000000000048e-03,2.247916666666666726e-03,0.000000000000000000e+00
1.644774305555555816e-01,3.160000000000000048e-03,2.298333333333333218e-03,0.000000000000000000e+00
1.645299479166666690e-01,3.160000000000000048e-03,2.348750000000000143e-03,0.000000000000000000e+00
1.645824652777777841e-01,3.160000000000000048e-03,2.399166666666666635e-03,0.000000000000000000e+00
1.646349826388888993e-01,3.160000000000000048e-03,2.449583333333333127e-03,0.000000000000000000e+00
1.646875000000000144e-01,3.160000000000000048e-03,2.500000000000000052e-03,0.000000000000000000e+00
1.647400173611111296e-01,3.160000000000000048e-03,2.550416666666666544e-03,0.000000000000000000e+00
1.647925347222222447e-01,3.160000000000000048e-03,2.600833333333333469e-03,0.000000000000000000e+00
1.648450520833333599e-01,3.160000000000000048e-03,2.651249999999999961e-03,0.000000000000000000e+00
1.648975694444444473e-01,3.160000000000000048e-03,2.701666666666666453e-03,0.000000000000000000e+00
1.649500868055555625e-01,3.160000000000000048e-03,2.752083333333333378e-03,0.000000000000000000e+00
1.650026041666666776e-01,3.160000000000000048e-03,2.802499999999999870e-03,0.000000000000000000e+00
1.650551215277777928e-01,3.160000000000000048e-03,2.852916666666666361e-03,0.000000000000000000e+00
1.651076388888889079e-01,3.160000000000000048e-03,2.903333333333333287e-03,0.000000000000000000e+00
1.651601562500000231e-01,3.160000000000000048e-03,2.953749999999999779e-03,0.000000000000000000e+00
1.652126736111111382e-01,3.160000000000000048e-03,3.004166666666666704e-03,0.000000000000000000e+00
1.652651909722222257e-01,3.160000000000000048e-03,3.054583333333333196e-03,0.000000000000000000e+00
1.653177083333333408e-01,3.160000000000000048e-03,3.104999999999999687e-03,0.000000000000000000e+00
1.653702256944444560e-01,3.160000000000000048e-03,3.155416666666666613e-03,0.000000000000000000e+00
1.654227430555555711e-01,3.160000000000000048e-03,3.205833333333333104e-03,0.000000000000000000e+00
1.654752604166666863e-01,3.160000000000000048e-03,3.256250000000000030e-03,0.000000000000000000e+00
1.655277777777778014e-01,3.160000000000000048e-03,3.306666666666666522e-03,0.000000000000000000e+00
1.655802951388889166e-01,3.160000000000000048e-03,3.357083333333333013e-03,0.000000000000000000e+00
1.656328125000000040e-01,3.160000000000000048e-03,3.407499999999999939e-03,0.000000000000000000e+00
1.656853298611111192e-01,3.160000000000000048e-03,3.457916666666666430e-03,0.000000000000000000e+00
1.657378472222222343e-01,3.160000000000000048e-03,3.508333333333333356e-03,0.000000000000000000e+00
1.657903645833333495e-01,3.160000000000000048e-03,3.558749999999999847e-03,0.000000000000000000e+00
1.658428819444444646e-01,3.160000000000000048e-03,3.609166666666666339e-03,0.000000000000000000e+00
1.658953993055555798e-01,3.160000000000000048e-03,3.659583333333333265e-03,0.000000000000000000e+00
1.659479166666666949e-01,3.160000000000000048e-03,3.709999999999999756e-03,0.000000000000000000e+00
1.660004340277777823e-01,3.160000000000000048e-03,3.760416666666666682e-03,0.000000000000000000e+00
1.660529513888888975e-01,3.160000000000000048e-03,3.810833333333333173e-03,0.000000000000000000e+00
1.661054687500000127e-01,3.160000000000000048e-03,3.861249999999999665e-03,0.000000000000000000e+00
1.661579861111111278e-01,3.160000000000000048e-03,3.911666666666666591e-03,0.000000000000000000e+00
1.662105034722222430e-01,3.160000000000000048e-03,3.962083333333333082e-03,0.000000000000000000e+00
1.662630208333333581e-01,3.160000000000000048e-03,4.012499999999999574e-03,0.000000000000000000e+00
1.663155381944444455e-01,3.160000000000000048e-03,4.062916666666666066e-03,0.000000000000000000e+00
1.663680555555555607e-01,3.160000000000000048e-03,4.113333333333333425e-03,0.000000000000000000e+00
1.664205729166666758e-01,3.160000000000000048e-03,4.163749999999999916e-03,0.000000000000000000e+00
1.664730902777777910e-01,3.160000000000000048e-03,4.214166666666666408e-03,0.000000000000000000e+00
1.665256076388889062e-01,3.160000000000000048e-03,4.264583333333332900e-03,0.000000000000000000e+00
1.665781250000000213e-01,3.160000000000000048e-03,4.314999999999999392e-03,0.000000000000000000e+00
1.666306423611111365e-01,3.160000000000000048e-03,4.365416666666666751e-03,0.000000000000000000e+00
1.666831597222222239e-01,3.160000000000000048e-03,4.415833333333333242e-03,0.000000000000000000e+00
1.667356770833333390e-01,3.160000000000000048e-03,4.466249999999999734e-03,0.000000000000000000e+00
1.667881944444444542e-01,3.160000000000000048e-03,4.516666666666666226e-03,0.000000000000000000e+00
1.668407118055555693e-01,3.160000000000000048e-03,4.567083333333332718e-03,0.000000000000000000e+00
1.668932291666666845e-01,3.160000000000000048e-03,4.617500000000000077e-03,0.000000000000000000e+00
1.669457465277777997e-01,3.160000000000000048e-03,4.667916666666666568e-03,0.000000000000000000e+00
1.669982638888889148e-01,3.160000000000000048e-03,4.718333333333333060e-03,0.000000000000000000e+00
1.670507812500000022e-01,3.160000000000000048e-03,4.768749999999999552e-03,0.000000000000000000e+00
1.671032986111111174e-01,3.160000000000000048e-03,4.819166666666666043e-03,0.000000000000000000e+00
1.671558159722222325e-01,3.160000000000000048e-03,4.869583333333333403e-03,0.000000000000000000e+00
1.672083333333333477e-01,3.160000000000000048e-03,4.919999999999999894e-03,0.000000000000000000e+00
1.679583333333333484e-01,3.269999999999999903e-03,4.919999999999999894e-03,0.000000000000000000e+00
1.680108506944444635e-01,3.269999999999999903e-03,4.869583333333333403e-03,0.000000000000000000e+00
1.680633680555555787e-01,3.269999999999999903e-03,4.819166666666666911e-03,0.000000000000000000e+00
1.681158854166666938e-01,3.269999999999999903e-03,4.768749999999999552e-03,0.000000000000000000e+00
1.681684027777777812e-01,3.269999999999999903e-03,4.718333333333333060e-03,0.000000000000000000e+00
1.682209201388888964e-01,3.269999999999999903e-03,4.667916666666666568e-03,0.000000000000000000e+00
1.682734375000000115e-01,3.269999999999999903e-03,4.617500000000000077e-03,0.000000000000000000e+00
1.683259548611111267e-01,3.269999999999999903e-03,4.567083333333333585e-03,0.000000000000000000e+00
1.683784722222222419e-01,3.269999999999999903e-03,4.516666666666666226e-03,0.000000000000000000e+00
1.684309895833333570e-01,3.269999999999999903e-03,4.466249999999999734e-03,0.000000000000000000e+00
1.684835069444444722e-01,3.269999999999999903e-03,4.415833333333333242e-03,0.000000000000000000e+00
1.685360243055555596e-01,3.269999999999999903e-03,4.365416666666666751e-03,0.000000000000000000e+00
1.685885416666666747e-01,3.269999999999999903e-03,4.315000000000000259e-03,0.000000000000000000e+00
1.686410590277777899e-01,3.269999999999999903e-03,4.264583333333333767e-03,0.000000000000000000e+00
1.686935763888889050e-01,3.269999999999999903e-03,4.214166666666666408e-03,0.000000000000000000e+00
1.687460937500000202e-01,3.269999999999999903e-03,4.163749999999999916e-03,0.000000000000000000e+00
1.687986111111111354e-01,3.269999999999999903e-03,4.113333333333333425e-03,0.000000000000000000e+00
1.688511284722222505e-01,3.269999999999999903e-03,4.062916666666666933e-03,0.000000000000000000e+00
1.689036458333333379e-01,3.269999999999999903e-03,4.012500000000000441e-03,0.000000000000000000e+00
1.689561631944444531e-01,3.269999999999999903e-03,3.962083333333333082e-03,0.000000000000000000e+00
1.690086805555555682e-01,3.269999999999999903e-03,3.911666666666666591e-03,0.000000000000000000e+00
1.690611979166666834e-01,3.269999999999999903e-03,3.861250000000000099e-03,0.000000000000000000e+00
1.691137152777777986e-01,3.269999999999999903e-03,3.810833333333333607e-03,0.000000000000000000e+00
1.691662326388889137e-01,3.269999999999999903e-03,3.760416666666666682e-03,0.000000000000000000e+00
1.692187500000000289e-01,3.269999999999999903e-03,3.709999999999999756e-03,0.000000000000000000e+00
1.692712673611111163e-01,3.269999999999999903e-03,3.659583333333333265e-03,0.000000000000000000e+00
1.693237847222222314e-01,3.269999999999999903e-03,3.609166666666666773e-03,0.000000000000000000e+00
1.693763020833333466e-01,3.269999999999999903e-03,3.558750000000000281e-03,0.000000000000000000e+00
1.694288194444444617e-01,3.269999999999999903e-03,3.508333333333333356e-03,0.000000000000000000e+00
1.694813368055555769e-01,3.269999999999999903e-03,3.457916666666666430e-03,0.000000000000000000e+00
1.695338541666666921e-01,3.269999999999999903e-03,3.407499999999999939e-03,0.000000000000000000e+00
1.695863715277777795e-01,3.269999999999999903e-03,3.357083333333333447e-03,0.000000000000000000e+00
1.696388888888888946e-01,3.269999999999999903e-03,3.306666666666666955e-03,0.000000000000000000e+00
1.696914062500000098e-01,3.269999999999999903e-03,3.256250000000000030e-03,0.000000000000000000e+00
1.697439236111111249e-01,3.269999999999999903e-03,3.205833333333333104e-03,0.000000000000000000e+00
1.697964409722222401e-01,3.269999999999999903e-03,3.155416666666666613e-03,0.000000000000000000e+00
1.698489583333333552e-01,3.269999999999999903e-03,3.105000000000000121e-03,0.000000000000000000e+00
1.699014756944444704e-01,3.269999999999999903e-03,3.054583333333333629e-03,0.000000000000000000e+00
1.699539930555555578e-01,3.269999999999999903e-03,3.004166666666666704e-03,0.000000000000000000e+00
1.700065104166666730e-01,3.269999999999999903e-03,2.953750000000000212e-03,0.000000000000000000e+00
1.700590277777777881e-01,3.269999999999999903e-03,2.903333333333333287e-03,0.000000000000000000e+00
1.701115451388889033e-01,3.269999999999999903e-03,2.852916666666666795e-03,0.000000000000000000e+00
1.701640625000000184e-01,3.269999999999999903e-03,2.802500000000000303e-03,0.000000000000000000e+00
1.702165798611111336e-01,3.269999999999999903e-03,2.752083333333333378e-03,0.000000000000000000e+00
1.702690972222222487e-01,3.269999999999999903e-03,2.701666666666666886e-03,0.000000000000000000e+00
1.703216145833333361e-01,3.269999999999999903e-03,2.651249999999999961e-03,0.000000000000000000e+00
1.703741319444444513e-01,3.269999999999999903e-03,2.600833333333333469e-03,0.000000000000000000e+00
1.704266493055555665e-01,3.269999999999999903e-03,2.550416666666666977e-03,0.000000000000000000e+00
1.704791666666666816e-01,3.269999999999999903e-03,2.500000000000000052e-03,0.000000000000000000e+00
1.705316840277777968e-01,3.269999999999999903e-03,2.449583333333333560e-03,0.000000000000000000e+00
1.705842013888889119e-01,3.269999999999999903e-03,2.399166666666666635e-03,0.000000000000000000e+00
1.706367187500000271e-01,3.269999999999999903e-03,2.348750000000000143e-03,0.000000000000000000e+00
1.706892361111111145e-01,3.269999999999999903e-03,2.298333333333333652e-03,0.000000000000000000e+00
1.707417534722222296e-01,3.269999999999999903e-03,2.247916666666666726e-03,0.000000000000000000e+00
1.707942708333333448e-01,3.269999999999999903e-03,2.197500000000000234e-03,0.000000000000000000e+00
1.708467881944444600e-01,3.269999999999999903e-03,2.147083333333333743e-03,0.000000000000000000e+00
1.708993055555555751e-01,3.269999999999999903e-03,2.096666666666666817e-03,0.000000000000000000e+00
1.709518229166666903e-01,3.269999999999999903e-03,2.046250000000000326e-03,0.000000000000000000e+00
1.710043402777778054e-01,3.269999999999999903e-03,1.995833333333333400e-03,0.000000000000000000e+00
1.710568576388888928e-01,3.269999999999999903e-03,1.945416666666666908e-03,0.000000000000000000e+00
1.711093750000000080e-01,3.269999999999999903e-03,1.895000000000000417e-03,0.000000000000000000e+00
1.711618923611111232e-01,3.269999999999999903e-03,1.844583333333333491e-03,0.000000000000000000e+00
1.712144097222222383e-01,3.269999999999999903e-03,1.794166666666667000e-03,0.000000000000000000e+00
1.712669270833333535e-01,3.269999999999999903e-03,1.743750000000000074e-03,0.000000000000000000e+00
1.713194444444444686e-01,3.269999999999999903e-03,1.693333333333333583e-03,0.000000000000000000e+00
1.713719618055555838e-01,3.269999999999999903e-03,1.642916666666667091e-03,0.000000000000000000e+00
1.714244791666666712e-01,3.269999999999999903e-03,1.592500000000000165e-03,0.000000000000000000e+00
1.714769965277777863e-01,3.269999999999999903e-03,1.542083333333333674e-03,0.000000000000000000e+00
1.715295138888889015e-01,3.269999999999999903e-03,1.491666666666666748e-03,0.000000000000000000e+00
1.715820312500000167e-01,3.269999999999999903e-03,1.441250000000000257e-03,0.000000000000000000e+00
1.716345486111111318e-01,3.269999999999999903e-03,1.390833333333333765e-03,0.000000000000000000e+00
1.716870659722222470e-01,3.269999999999999903e-03,1.340416666666666839e-03,0.000000000000000000e+00
1.717395833333333344e-01,3.269999999999999903e-03,1.290000000000000348e-03,0.000000000000000000e+00
1.717921006944444495e-01,3.269999999999999903e-03,1.239583333333333422e-03,0.000000000000000000e+00
1.718446180555555647e-01,3.269999999999999903e-03,1.189166666666666931e-03,0.000000000000000000e+00
1.718971354166666798e-01,3.269999999999999903e-03,1.138750000000000439e-03,0.000000000000000000e+00
1.719496527777777950e-01,3.269999999999999903e-03,1.088333333333333514e-03,0.000000000000000000e+00
1.720021701388889102e-01,3.269999999999999903e-03,1.037916666666667022e-03,0.000000000000000000e+00
1.720546875000000253e-01,3.269999999999999903e-03,9.875000000000005301e-04,0.000000000000000000e+00
1.721072048611111405e-01,3.269999999999999903e-03,9.370833333333340384e-04,0.000000000000000000e+00
1.721597222222222279e-01,3.269999999999999903e-03,8.866666666666666793e-04,0.000000000000000000e+00
1.722122395833333430e-01,3.269999999999999903e-03,8.362500000000001876e-04,0.000000000000000000e+00
1.722647569444444582e-01,3.269999999999999903e-03,7.858333333333336959e-04,0.000000000000000000e+00
1.723172743055555733e-01,3.269999999999999903e-03,7.354166666666672042e-04,0.000000000000000000e+00
1.723697916666666885e-01,3.269999999999999903e-03,6.850000000000007125e-04,0.000000000000000000e+00
1.724223090277778037e-01,3.269999999999999903e-03,6.345833333333333534e-04,0.000000000000000000e+00
1.724748263888888911e-01,3.269999999999999903e-03,5.841666666666668617e-04,0.000000000000000000e+00
1.725273437500000062e-01,3.269999999999999903e-03,5.337500000000003700e-04,0.000000000000000000e+00
1.725798611111111214e-01,3.269999999999999903e-03,4.833333333333338783e-04,0.000000000000000000e+00
1.726323784722222365e-01,3.269999999999999903e-03,4.329166666666673866e-04,0.000000000000000000e+00
1.726848958333333517e-01,3.269999999999999903e-03,3.825000000000000275e-04,0.000000000000000000e+00
1.727374131944444668e-01,3.269999999999999903e-03,3.320833333333335358e-04,0.000000000000000000e+00
1.727899305555555820e-01,3.269999999999999903e-03,2.816666666666670440e-04,0.000000000000000000e+00
1.728424479166666694e-01,3.269999999999999903e-03,2.312500000000005523e-04,0.000000000000000000e+00
1.728949652777777846e-01,3.269999999999999903e-03,1.808333333333340606e-04,0.000000000000000000e+00
1.729474826388888997e-01,3.269999999999999903e-03,1.304166666666667015e-04,0.000000000000000000e+00
1.730000000000000149e-01,3.269999999999999903e-03,8.000000000000000654e-05,0.000000000000000000e+00
1.737500000000000155e-01,3.379999999999999758e-03,8.000000000000000654e-05,0.000000000000000000e+00
1.738025173611111307e-01,3.379999999999999758e-03,1.304166666666666744e-04,0.000000000000000000e+00
1.738550347222222459e-01,3.379999999999999758e-03,1.808333333333333288e-04,0.000000000000000000e+00
1.739075520833333610e-01,3.379999999999999758e-03,2.312500000000000102e-04,0.000000000000000000e+00
1.739600694444444484e-01,3.379999999999999758e-03,2.816666666666666646e-04,0.000000000000000000e+00
1.740125868055555636e-01,3.379999999999999758e-03,3.320833333333333189e-04,0.000000000000000000e+00
1.740651041666666787e-01,3.379999999999999758e-03,3.824999999999999733e-04,0.000000000000000000e+00
1.741176215277777939e-01,3.379999999999999758e-03,4.329166666666666276e-04,0.000000000000000000e+00
1.741701388888889090e-01,3.379999999999999758e-03,4.833333333333332820e-04,0.000000000000000000e+00
1.742226562500000242e-01,3.379999999999999758e-03,5.337499999999999363e-04,0.000000000000000000e+00
1.742751736111111394e-01,3.379999999999999758e-03,5.841666666666666449e-04,0.000000000000000000e+00
1.743276909722222268e-01,3.379999999999999758e-03,6.345833333333332450e-04,0.000000000000000000e+00
1.743802083333333419e-01,3.379999999999999758e-03,6.849999999999999535e-04,0.000000000000000000e+00
1.744327256944444571e-01,3.379999999999999758e-03,7.354166666666665537e-04,0.000000000000000000e+00
1.744852430555555722e-01,3.379999999999999758e-03,7.858333333333332622e-04,0.000000000000000000e+00
1.745377604166666874e-01,3.379999999999999758e-03,8.362499999999998624e-04,0.000000000000000000e+00
1.745902777777778025e-01,3.379999999999999758e-03,8.866666666666665709e-04,0.000000000000000000e+00
1.746427951388889177e-01,3.379999999999999758e-03,9.370833333333332795e-04,0.000000000000000000e+00
1.746953125000000051e-01,3.379999999999999758e-03,9.874999999999998796e-04,0.000000000000000000e+00
1.747478298611111203e-01,3.379999999999999758e-03,1.037916666666666588e-03,0.000000000000000000e+00
1.748003472222222354e-01,3.379999999999999758e-03,1.088333333333333297e-03,0.000000000000000000e+00
1.748528645833333506e-01,3.379999999999999758e-03,1.138749999999999788e-03,0.000000000000000000e+00
1.749053819444444657e-01,3.379999999999999758e-03,1.189166666666666497e-03,0.000000000000000000e+00
1.749578993055555809e-01,3.379999999999999758e-03,1.239583333333333206e-03,0.000000000000000000e+00
1.750104166666666683e-01,3.379999999999999758e-03,1.289999999999999914e-03,0.000000000000000000e+00
1.750629340277777835e-01,3.379999999999999758e-03,1.340416666666666623e-03,0.000000000000000000e+00
1.751154513888888986e-01,3.379999999999999758e-03,1.390833333333333114e-03,0.000000000000000000e+00
1.751679687500000138e-01,3.379999999999999758e-03,1.441249999999999823e-03,0.000000000000000000e+00
1.752204861111111289e-01,3.379999999999999758e-03,1.491666666666666531e-03,0.000000000000000000e+00
1.752730034722222441e-01,3.379999999999999758e-03,1.542083333333333240e-03,0.000000000000000000e+00
1.753255208333333592e-01,3.379999999999999758e-03,1.592499999999999732e-03,0.000000000000000000e+00
1.753780381944444466e-01,3.379999999999999758e-03,1.642916666666666440e-03,0.000000000000000000e+00
1.754305555555555618e-01,3.379999999999999758e-03,1.693333333333333149e-03,0.000000000000000000e+00
1.754830729166666770e-01,3.379999999999999758e-03,1.743749999999999857e-03,0.000000000000000000e+00
1.755355902777777921e-01,3.379999999999999758e-03,1.794166666666666566e-03,0.000000000000000000e+00
1.755881076388889073e-01,3.379999999999999758e-03,1.844583333333333058e-03,0.000000000000000000e+00
1.756406250000000224e-01,3.379999999999999758e-03,1.894999999999999766e-03,0.000000000000000000e+00
1.756931423611111376e-01,3.379999999999999758e-03,1.945416666666666475e-03,0.000000000000000000e+00
1.757456597222222250e-01,3.379999999999999758e-03,1.995833333333333400e-03,0.000000000000000000e+00
1.757981770833333401e-01,3.379999999999999758e-03,2.046249999999999892e-03,0.000000000000000000e+00
1.758506944444444553e-01,3.379999999999999758e-03,2.096666666666666817e-03,0.000000000000000000e+00
1.759032118055555705e-01,3.379999999999999758e-03,2.147083333333333309e-03,0.000000000000000000e+00
1.759557291666666856e-01,3.379999999999999758e-03,2.197499999999999801e-03,0.000000000000000000e+00
1.760082465277778008e-01,3.379999999999999758e-03,2.247916666666666726e-03,0.000000000000000000e+00
1.760607638888889159e-01,3.379999999999999758e-03,2.298333333333333218e-03,0.000000000000000000e+00
1.761132812500000033e-01,3.379999999999999758e-03,2.348750000000000143e-03,0.000000000000000000e+00
1.761657986111111185e-01,3.379999999999999758e-03,2.399166666666666635e-03,0.000000000000000000e+00
1.762183159722222336e-01,3.379999999999999758e-03,2.449583333333333127e-03,0.000000000000000000e+00
1.762708333333333488e-01,3.379999999999999758e-03,2.500000000000000052e-03,0.000000000000000000e+00
1.763233506944444640e-01,3.379999999999999758e-03,2.550416666666666544e-03,0.000000000000000000e+00
1.763758680555555791e-01,3.379999999999999758e-03,2.600833333333333469e-03,0.000000000000000000e+00
1.764283854166666943e-01,3.379999999999999758e-03,2.651249999999999961e-03,0.000000000000000000e+00
1.764809027777777817e-01,3.379999999999999758e-03,2.701666666666666453e-03,0.000000000000000000e+00
1.765334201388888968e-01,3.379999999999999758e-03,2.752083333333333378e-03,0.000000000000000000e+00
1.765859375000000120e-01,3.379999999999999758e-03,2.802499999999999870e-03,0.000000000000000000e+00
1.766384548611111271e-01,3.379999999999999758e-03,2.852916666666666361e-03,0.000000000000000000e+00
1.766909722222222423e-01,3.379999999999999758e-03,2.903333333333333287e-03,0.000000000000000000e+00
1.767434895833333575e-01,3.379999999999999758e-03,2.953749999999999779e-03,0.000000000000000000e+00
1.767960069444444726e-01,3.379999999999999758e-03,3.004166666666666704e-03,0.000000000000000000e+00
1.768485243055555600e-01,3.379999999999999758e-03,3.054583333333333196e-03,0.000000000000000000e+00
1.769010416666666752e-01,3.379999999999999758e-03,3.104999999999999687e-03,0.000000000000000000e+00
1.769535590277777903e-01,3.379999999999999758e-03,3.155416666666666613e-03,0.000000000000000000e+00
1.770060763888889055e-01,3.379999999999999758e-03,3.205833333333333104e-03,0.000000000000000000e+00
1.770585937500000207e-01,3.379999999999999758e-03,3.256250000000000030e-03,0.000000000000000000e+00
1.771111111111111358e-01,3.379999999999999758e-03,3.306666666666666522e-03,0.000000000000000000e+00
1.771636284722222510e-01,3.379999999999999758e-03,3.357083333333333013e-03,0.000000000000000000e+00
1.772161458333333384e-01,3.379999999999999758e-03,3.407499999999999939e-03,0.000000000000000000e+00
1.772686631944444535e-01,3.379999999999999758e-03,3.457916666666666430e-03,0.000000000000000000e+00
1.773211805555555687e-01,3.379999999999999758e-03,3.508333333333333356e-03,0.000000000000000000e+00
1.773736979166666838e-01,3.379999999999999758e-03,3.558749999999999847e-03,0.000000000000000000e+00
1.774262152777777990e-01,3.379999999999999758e-03,3.609166666666666339e-03,0.000000000000000000e+00
1.774787326388889142e-01,3.379999999999999758e-03,3.659583333333333265e-03,0.000000000000000000e+00
1.775312500000000293e-01,3.379999999999999758e-03,3.709999999999999756e-03,0.000000000000000000e+00
1.775837673611111167e-01,3.379999999999999758e-03,3.760416666666666682e-03,0.000000000000000000e+00
1.776362847222222319e-01,3.379999999999999758e-03,3.810833333333333173e-03,0.000000000000000000e+00
1.776888020833333470e-01,3.379999999999999758e-03,3.861249999999999665e-03,0.000000000000000000e+00
1.777413194444444622e-01,3.379999999999999758e-03,3.911666666666666591e-03,0.000000000000000000e+00
1.777938368055555773e-01,3.379999999999999758e-03,3.962083333333333082e-03,0.000000000000000000e+00
1.778463541666666925e-01,3.379999999999999758e-03,4.012499999999999574e-03,0.000000000000000000e+00
1.778988715277777799e-01,3.379999999999999758e-03,4.062916666666666066e-03,0.000000000000000000e+00
1.779513888888888951e-01,3.379999999999999758e-03,4.113333333333333425e-03,0.000000000000000000e+00
1.780039062500000102e-01,3.379999999999999758e-03,4.163749999999999916e-03,0.000000000000000000e+00
1.780564236111111254e-01,3.379999999999999758e-03,4.214166666666666408e-03,0.000000000000000000e+00
1.781089409722222405e-01,3.379999999999999758e-03,4.264583333333332900e-03,0.000000000000000000e+00
1.781614583333333557e-01,3.379999999999999758e-03,4.314999999999999392e-03,0.000000000000000000e+00
1.782139756944444708e-01,3.379999999999999758e-03,4.365416666666666751e-03,0.000000000000000000e+00
1.782664930555555582e-01,3.379999999999999758e-03,4.415833333333333242e-03,0.000000000000000000e+00
1.783190104166666734e-01,3.379999999999999758e-03,4.466249999999999734e-03,0.000000000000000000e+00
1.783715277777777886e-01,3.379999999999999758e-03,4.516666666666666226e-03,0.000000000000000000e+00
1.784240451388889037e-01,3.379999999999999758e-03,4.567083333333332718e-03,0.000000000000000000e+00
1.784765625000000189e-01,3.379999999999999758e-03,4.617500000000000077e-03,0.000000000000000000e+00
1.785290798611111340e-01,3.379999999999999758e-03,4.667916666666666568e-03,0.000000000000000000e+00
1.785815972222222492e-01,3.379999999999999758e-03,4.718333333333333060e-03,0.000000000000000000e+00
1.786341145833333366e-01,3.379999999999999758e-03,4.768749999999999552e-03,0.000000000000000000e+00
1.786866319444444517e-01,3.379999999999999758e-03,4.819166666666666043e-03,0.000000000000000000e+00
1.787391493055555669e-01,3.379999999999999758e-03,4.869583333333333403e-03,0.000000000000000000e+00
1.787916666666666821e-01,3.379999999999999758e-03,4.919999999999999894e-03,0.000000000000000000e+00
1.795416666666666827e-01,3.490000000000000047e-03,4.919999999999999894e-03,0.000000000000000000e+00
1.795941840277777979e-01,3.490000000000000047e-03,4.869583333333333403e-03,0.000000000000000000e+00
1.796467013888889130e-01,3.490000000000000047e-03,4.819166666666666911e-03,0.000000000000000000e+00
1.796992187500000282e-01,3.490000000000000047e-03,4.768749999999999552e-03,0.000000000000000000e+00
1.797517361111111156e-01,3.490000000000000047e-03,4.718333333333333060e-03,0.000000000000000000e+00
1.798042534722222308e-01,3.490000000000000047e-03,4.667916666666666568e-03,0.000000000000000000e+00
1.798567708333333459e-01,3.490000000000000047e-03,4.617500000000000077e-03,0.000000000000000000e+00
1.799092881944444611e-01,3.490000000000000047e-03,4.567083333333333585e-03,0.000000000000000000e+00
1.799618055555555762e-01,3.490000000000000047e-03,4.516666666666666226e-03,0.000000000000000000e+00
1.800143229166666914e-01,3.490000000000000047e-03,4.466249999999999734e-03,0.000000000000000000e+00
1.800668402777778065e-01,3.490000000000000047e-03,4.415833333333333242e-03,0.000000000000000000e+00
1.801193576388888939e-01,3.490000000000000047e-03,4.365416666666666751e-03,0.000000000000000000e+00
1.801718750000000091e-01,3.490000000000000047e-03,4.315000000000000259e-03,0.000000000000000000e+00
1.802243923611111243e-01,3.490000000000000047e-03,4.264583333333333767e-03,0.000000000000000000e+00
1.802769097222222394e-01,3.490000000000000047e-03,4.214166666666666408e-03,0.000000000000000000e+00
1.803294270833333546e-01,3.490000000000000047e-03,4.163749999999999916e-03,0.000000000000000000e+00
1.803819444444444697e-01,3.490000000000000047e-03,4.113333333333333425e-03,0.000000000000000000e+00
1.804344618055555849e-01,3.490000000000000047e-03,4.062916666666666933e-03,0.000000000000000000e+00
1.804869791666666723e-01,3.490000000000000047e-03,4.012500000000000441e-03,0.000000000000000000e+00
1.805394965277777874e-01,3.490000000000000047e-03,3.962083333333333082e-03,0.000000000000000000e+00
1.805920138888889026e-01,3.490000000000000047e-03,3.911666666666666591e-03,0.000000000000000000e+00
1.806445312500000178e-01,3.490000000000000047e-03,3.861250000000000099e-03,0.000000000000000000e+00
1.806970486111111329e-01,3.490000000000000047e-03,3.810833333333333607e-03,0.000000000000000000e+00
1.807495659722222481e-01,3.490000000000000047e-03,3.760416666666666682e-03,0.000000000000000000e+00
1.808020833333333632e-01,3.490000000000000047e-03,3.709999999999999756e-03,0.000000000000000000e+00
1.808546006944444506e-01,3.490000000000000047e-03,3.659583333333333265e-03,0.000000000000000000e+00
1.809071180555555658e-01,3.490000000000000047e-03,3.609166666666666773e-03,0.000000000000000000e+00
1.809596354166666810e-01,3.490000000000000047e-03,3.558750000000000281e-03,0.000000000000000000e+00
1.810121527777777961e-01,3.490000000000000047e-03,3.508333333333333356e-03,0.000000000000000000e+00
1.810646701388889113e-01,3.490000000000000047e-03,3.457916666666666430e-03,0.000000000000000000e+00
1.811171875000000264e-01,3.490000000000000047e-03,3.407499999999999939e-03,0.000000000000000000e+00
1.811697048611111138e-01,3.490000000000000047e-03,3.357083333333333447e-03,0.000000000000000000e+00
1.812222222222222290e-01,3.490000000000000047e-03,3.306666666666666955e-03,0.000000000000000000e+00
1.812747395833333441e-01,3.490000000000000047e-03,3.256250000000000030e-03,0.000000000000000000e+00
1.813272569444444593e-01,3.490000000000000047e-03,3.205833333333333104e-03,0.000000000000000000e+00
1.813797743055555745e-01,3.490000000000000047e-03,3.155416666666666613e-03,0.000000000000000000e+00
1.814322916666666896e-01,3.490000000000000047e-03,3.105000000000000121e-03,0.000000000000000000e+00
1.814848090277778048e-01,3.490000000000000047e-03,3.054583333333333629e-03,0.000000000000000000e+00
1.815373263888888922e-01,3.490000000000000047e-03,3.004166666666666704e-03,0.000000000000000000e+00
1.815898437500000073e-01,3.490000000000000047e-03,2.953750000000000212e-03,0.000000000000000000e+00
1.816423611111111225e-01,3.490000000000000047e-03,2.903333333333333287e-03,0.000000000000000000e+00
1.816948784722222376e-01,3.490000000000000047e-03,2.852916666666666795e-03,0.000000000000000000e+00
1.817473958333333528e-01,3.490000000000000047e-03,2.802500000000000303e-03,0.000000000000000000e+00
1.817999131944444680e-01,3.490000000000000047e-03,2.752083333333333378e-03,0.000000000000000000e+00
1.818524305555555831e-01,3.490000000000000047e-03,2.701666666666666886e-03,0.000000000000000000e+00
1.819049479166666705e-01,3.490000000000000047e-03,2.651249999999999961e-03,0.000000000000000000e+00
1.819574652777777857e-01,3.490000000000000047e-03,2.600833333333333469e-03,0.000000000000000000e+00
1.820099826388889008e-01,3.490000000000000047e-03,2.550416666666666977e-03,0.000000000000000000e+00
1.820625000000000160e-01,3.490000000000000047e-03,2.500000000000000052e-03,0.000000000000000000e+00
1.821150173611111311e-01,3.490000000000000047e-03,2.449583333333333560e-03,0.000000000000000000e+00
1.821675347222222463e-01,3.490000000000000047e-03,2.399166666666666635e-03,0.000000000000000000e+00
1.822200520833333615e-01,3.490000000000000047e-03,2.348750000000000143e-03,0.000000000000000000e+00
1.822725694444444489e-01,3.490000000000000047e-03,2.298333333333333652e-03,0.000000000000000000e+00
1.823250868055555640e-01,3.490000000000000047e-03,2.247916666666666726e-03,0.000000000000000000e+00
1.823776041666666792e-01,3.490000000000000047e-03,2.197500000000000234e-03,0.000000000000000000e+00
1.824301215277777943e-01,3.490000000000000047e-03,2.147083333333333743e-03,0.000000000000000000e+00
1.824826388888889095e-01,3.490000000000000047e-03,2.096666666666666817e-03,0.000000000000000000e+00
1.825351562500000246e-01,3.490000000000000047e-03,2.046250000000000326e-03,0.000000000000000000e+00
1.825876736111111398e-01,3.490000000000000047e-03,1.995833333333333400e-03,0.000000000000000000e+00
1.826401909722222272e-01,3.490000000000000047e-03,1.945416666666666908e-03,0.000000000000000000e+00
1.826927083333333424e-01,3.490000000000000047e-03,1.895000000000000417e-03,0.000000000000000000e+00
1.827452256944444575e-01,3.490000000000000047e-03,1.844583333333333491e-03,0.000000000000000000e+00
1.827977430555555727e-01,3.490000000000000047e-03,1.794166666666667000e-03,0.000000000000000000e+00
1.828502604166666878e-01,3.490000000000000047e-03,1.743750000000000074e-03,0.000000000000000000e+00
1.829027777777778030e-01,3.490000000000000047e-03,1.693333333333333583e-03,0.000000000000000000e+00
1.829552951388889181e-01,3.490000000000000047e-03,1.642916666666667091e-03,0.000000000000000000e+00
1.830078125000000056e-01,3.490000000000000047e-03,1.592500000000000165e-03,0.000000000000000000e+00
1.830603298611111207e-01,3.490000000000000047e-03,1.542083333333333674e-03,0.000000000000000000e+00
1.831128472222222359e-01,3.490000000000000047e-03,1.491666666666666748e-03,0.000000000000000000e+00
1.831653645833333510e-01,3.490000000000000047e-03,1.441250000000000257e-03,0.000000000000000000e+00
1.832178819444444662e-01,3.490000000000000047e-03,1.390833333333333765e-03,0.000000000000000000e+00
1.832703993055555813e-01,3.490000000000000047e-03,1.340416666666666839e-03,0.000000000000000000e+00
1.833229166666666687e-01,3.490000000000000047e-03,1.290000000000000348e-03,0.000000000000000000e+00
1.833754340277777839e-01,3.490000000000000047e-03,1.239583333333333422e-03,0.000000000000000000e+00
1.834279513888888991e-01,3.490000000000000047e-03,1.189166666666666931e-03,0.000000000000000000e+00
1.834804687500000142e-01,3.490000000000000047e-03,1.138750000000000439e-03,0.000000000000000000e+00
1.835329861111111294e-01,3.490000000000000047e-03,1.088333333333333514e-03,0.000000000000000000e+00
1.835855034722222445e-01,3.490000000000000047e-03,1.037916666666667022e-03,0.000000000000000000e+00
1.836380208333333597e-01,3.490000000000000047e-03,9.875000000000005301e-04,0.000000000000000000e+00
1.836905381944444748e-01,3.490000000000000047e-03,9.370833333333340384e-04,0.000000000000000000e+00
1.837430555555555622e-01,3.490000000000000047e-03,8.866666666666666793e-04,0.000000000000000000e+00
1.837955729166666774e-01,3.490000000000000047e-03,8.362500000000001876e-04,0.000000000000000000e+00
1.838480902777777926e-01,3.490000000000000047e-03,7.858333333333336959e-04,0.000000000000000000e+00
1.839006076388889077e-01,3.490000000000000047e-03,7.354166666666672042e-04,0.000000000000000000e+00
1.839531250000000229e-01,3.490000000000000047e-03,6.850000000000007125e-04,0.000000000000000000e+00
1.840056423611111380e-01,3.490000000000000047e-03,6.345833333333333534e-04,0.000000000000000000e+00
1.840581597222222254e-01,3.490000000000000047e-03,5.841666666666668617e-04,0.000000000000000000e+00
1.841106770833333406e-01,3.490000000000000047e-03,5.337500000000003700e-04,0.000000000000000000e+00
1.841631944444444557e-01,3.490000000000000047e-03,4.833333333333338783e-04,0.000000000000000000e+00
1.842157118055555709e-01,3.490000000000000047e-03,4.329166666666673866e-04,0.000000000000000000e+00
1.842682291666666861e-01,3.490000000000000047e-03,3.825000000000000275e-04,0.000000000000000000e+00
1.843207465277778012e-01,3.490000000000000047e-03,3.320833333333335358e-04,0.000000000000000000e+00
1.843732638888889164e-01,3.490000000000000047e-03,2.816666666666670440e-04,0.000000000000000000e+00
1.844257812500000038e-01,3.490000000000000047e-03,2.312500000000005523e-04,0.000000000000000000e+00
1.844782986111111189e-01,3.490000000000000047e-03,1.808333333333340606e-04,0.000000000000000000e+00
1.845308159722222341e-01,3.490000000000000047e-03,1.304166666666667015e-04,0.000000000000000000e+00
1.845833333333333492e-01,3.490000000000000047e-03,8.000000000000000654e-05,0.000000000000000000e+00
1.853333333333333499e-01,3.599999999999999901e-03,8.000000000000000654e-05,0.000000000000000000e+00
1.853858506944444651e-01,3.599999999999999901e-03,1.304166666666666744e-04,0.000000000000000000e+00
1.854383680555555802e-01,3.599999999999999901e-03,1.808333333333333288e-04,0.000000000000000000e+00
1.854908854166666954e-01,3.599999999999999901e-03,2.312500000000000102e-04,0.000000000000000000e+00
1.855434027777777828e-01,3.599999999999999901e-03,2.816666666666666646e-04,0.000000000000000000e+00
1.855959201388888979e-01,3.599999999999999901e-03,3.320833333333333189e-04,0.000000000000000000e+00
1.856484375000000131e-01,3.599999999999999901e-03,3.824999999999999733e-04,0.000000000000000000e+00
1.857009548611111283e-01,3.599999999999999901e-03,4.329166666666666276e-04,0.000000000000000000e+00
1.857534722222222434e-01,3.599999999999999901e-03,4.833333333333332820e-04,0.000000000000000000e+00
1.858059895833333586e-01,3.599999999999999901e-03,5.337499999999999363e-04,0.000000000000000000e+00
1.858585069444444737e-01,3.599999999999999901e-03,5.841666666666666449e-04,0.000000000000000000e+00
1.859110243055555611e-01,3.599999999999999901e-03,6.345833333333332450e-04,0.000000000000000000e+00
1.859635416666666763e-01,3.599999999999999901e-03,6.849999999999999535e-04,0.000000000000000000e+00
1.860160590277777914e-01,3.599999999999999901e-03,7.354166666666665537e-04,0.000000000000000000e+00
1.860685763888889066e-01,3.599999999999999901e-03,7.858333333333332622e-04,0.000000000000000000e+00
1.861210937500000218e-01,3.599999999999999901e-03,8.362499999999998624e-04,0.000000000000000000e+00
1.861736111111111369e-01,3.599999999999999901e-03,8.866666666666665709e-04,0.000000000000000000e+00
1.862261284722222521e-01,3.599999999999999901e-03,9.370833333333332795e-04,0.000000000000000000e+00
1.862786458333333395e-01,3.599999999999999901e-03,9.874999999999998796e-04,0.000000000000000000e+00
1.863311631944444546e-01,3.599999999999999901e-03,1.037916666666666588e-03,0.000000000000000000e+00
1.863836805555555698e-01,3.599999999999999901e-03,1.088333333333333297e-03,0.000000000000000000e+00
1.864361979166666849e-01,3.599999999999999901e-03,1.138749999999999788e-03,0.000000000000000000e+00
1.864887152777778001e-01,3.599999999999999901e-03,1.189166666666666497e-03,0.000000000000000000e+00
1.865412326388889153e-01,3.599999999999999901e-03,1.239583333333333206e-03,0.000000000000000000e+00
1.865937500000000027e-01,3.599999999999999901e-03,1.289999999999999914e-03,0.000000000000000000e+00
1.866462673611111178e-01,3.599999999999999901e-03,1.340416666666666623e-03,0.000000000000000000e+00
1.866987847222222330e-01,3.599999999999999901e-03,1.390833333333333114e-03,0.000000000000000000e+00
1.867513020833333481e-01,3.599999999999999901e-03,1.441249999999999823e-03,0.000000000000000000e+00
1.868038194444444633e-01,3.599999999999999901e-03,1.491666666666666531e-03,0.000000000000000000e+00
1.868563368055555785e-01,3.599999999999999901e-03,1.542083333333333240e-03,0.000000000000000000e+00
1.869088541666666936e-01,3.599999999999999901e-03,1.592499999999999732e-03,0.000000000000000000e+00
1.869613715277777810e-01,3.599999999999999901e-03,1.642916666666666440e-03,0.000000000000000000e+00
1.870138888888888962e-01,3.599999999999999901e-03,1.693333333333333149e-03,0.000000000000000000e+00
1.870664062500000113e-01,3.599999999999999901e-03,1.743749999999999857e-03,0.000000000000000000e+00
1.871189236111111265e-01,3.599999999999999901e-03,1.794166666666666566e-03,0.000000000000000000e+00
1.871714409722222416e-01,3.599999999999999901e-03,1.844583333333333058e-03,0.000000000000000000e+00
1.872239583333333568e-01,3.599999999999999901e-03,1.894999999999999766e-03,0.000000000000000000e+00
1.872764756944444720e-01,3.599999999999999901e-03,1.945416666666666475e-03,0.000000000000000000e+00
1.873289930555555594e-01,3.599999999999999901e-03,1.995833333333333400e-03,0.000000000000000000e+00
1.873815104166666745e-01,3.599999999999999901e-03,2.046249999999999892e-03,0.000000000000000000e+00
1.874340277777777897e-01,3.599999999999999901e-03,2.096666666666666817e-03,0.000000000000000000e+00
1.874865451388889048e-01,3.599999999999999901e-03,2.147083333333333309e-03,0.000000000000000000e+00
1.875390625000000200e-01,3.599999999999999901e-03,2.197499999999999801e-03,0.000000000000000000e+00
1.875915798611111351e-01,3.599999999999999901e-03,2.247916666666666726e-03,0.000000000000000000e+00
1.876440972222222503e-01,3.599999999999999901e-03,2.298333333333333218e-03,0.000000000000000000e+00
1.876966145833333377e-01,3.599999999999999901e-03,2.348750000000000143e-03,0.000000000000000000e+00
1.877491319444444529e-01,3.599999999999999901e-03,2.399166666666666635e-03,0.000000000000000000e+00
1.878016493055555680e-01,3.599999999999999901e-03,2.449583333333333127e-03,0.000000000000000000e+00
1.878541666666666832e-01,3.599999999999999901e-03,2.500000000000000052e-03,0.000000000000000000e+00
1.879066840277777983e-01,3.599999999999999901e-03,2.550416666666666544e-03,0.000000000000000000e+00
1.879592013888889135e-01,3.599999999999999901e-03,2.600833333333333469e-03,0.000000000000000000e+00
1.880117187500000286e-01,3.599999999999999901e-03,2.651249999999999961e-03,0.000000000000000000e+00
1.880642361111111160e-01,3.599999999999999901e-03,2.701666666666666453e-03,0.000000000000000000e+00
1.881167534722222312e-01,3.599999999999999901e-03,2.752083333333333378e-03,0.000000000000000000e+00
1.881692708333333464e-01,3.599999999999999901e-03,2.802499999999999870e-03,0.000000000000000000e+00
1.882217881944444615e-01,3.599999999999999901e-03,2.852916666666666361e-03,0.000000000000000000e+00
1.882743055555555767e-01,3.599999999999999901e-03,2.903333333333333287e-03,0.000000000000000000e+00
1.883268229166666918e-01,3.599999999999999901e-03,2.953749999999999779e-03,0.000000000000000000e+00
1.883793402777778070e-01,3.599999999999999901e-03,3.004166666666666704e-03,0.000000000000000000e+00
1.884318576388888944e-01,3.599999999999999901e-03,3.054583333333333196e-03,0.000000000000000000e+00
1.884843750000000095e-01,3.599999999999999901e-03,3.104999999999999687e-03,0.000000000000000000e+00
1.885368923611111247e-01,3.599999999999999901e-03,3.155416666666666613e-03,0.000000000000000000e+00
1.885894097222222399e-01,3.599999999999999901e-03,3.205833333333333104e-03,0.000000000000000000e+00
1.886419270833333550e-01,3.599999999999999901e-03,3.256250000000000030e-03,0.000000000000000000e+00
1.886944444444444702e-01,3.599999999999999901e-03,3.306666666666666522e-03,0.000000000000000000e+00
1.887469618055555853e-01,3.599999999999999901e-03,3.357083333333333013e-03,0.000000000000000000e+00
1.887994791666666727e-01,3.599999999999999901e-03,3.407499999999999939e-03,0.000000000000000000e+00
1.888519965277777879e-01,3.599999999999999901e-03,3.457916666666666430e-03,0.000000000000000000e+00
1.889045138888889031e-01,3.599999999999999901e-03,3.508333333333333356e-03,0.000000000000000000e+00
1.889570312500000182e-01,3.599999999999999901e-03,3.558749999999999847e-03,0.000000000000000000e+00
1.890095486111111334e-01,3.599999999999999901e-03,3.609166666666666339e-03,0.000000000000000000e+00
1.890620659722222485e-01,3.599999999999999901e-03,3.659583333333333265e-03,0.000000000000000000e+00
1.891145833333333637e-01,3.599999999999999901e-03,3.709999999999999756e-03,0.000000000000000000e+00
1.891671006944444511e-01,3.599999999999999901e-03,3.760416666666666682e-03,0.000000000000000000e+00
1.892196180555555662e-01,3.599999999999999901e-03,3.810833333333333173e-03,0.000000000000000000e+00
1.892721354166666814e-01,3.599999999999999901e-03,3.861249999999999665e-03,0.000000000000000000e+00
1.893246527777777966e-01,3.599999999999999901e-03,3.911666666666666591e-03,0.000000000000000000e+00
1.893771701388889117e-01,3.599999999999999901e-03,3.962083333333333082e-03,0.000000000000000000e+00
1.894296875000000269e-01,3.599999999999999901e-03,4.012499999999999574e-03,0.000000000000000000e+00
1.894822048611111143e-01,3.599999999999999901e-03,4.062916666666666066e-03,0.000000000000000000e+00
1.895347222222222294e-01,3.599999999999999901e-03,4.113333333333333425e-03,0.000000000000000000e+00
1.895872395833333446e-01,3.599999999999999901e-03,4.163749999999999916e-03,0.000000000000000000e+00
1.896397569444444597e-01,3.599999999999999901e-03,4.214166666666666408e-03,0.000000000000000000e+00
1.896922743055555749e-01,3.599999999999999901e-03,4.264583333333332900e-03,0.000000000000000000e+00
1.897447916666666901e-01,3.599999999999999901e-03,4.314999999999999392e-03,0.000000000000000000e+00
1.897973090277778052e-01,3.599999999999999901e-03,4.365416666666666751e-03,0.000000000000000000e+00
1.898498263888888926e-01,3.599999999999999901e-03,4.415833333333333242e-03,0.000000000000000000e+00
1.899023437500000078e-01,3.599999999999999901e-03,4.466249999999999734e-03,0.000000000000000000e+00
1.899548611111111229e-01,3.599999999999999901e-03,4.516666666666666226e-03,0.000000000000000000e+00
1.900073784722222381e-01,3.599999999999999901e-03,4.567083333333332718e-03,0.000000000000000000e+00
1.900598958333333532e-01,3.599999999999999901e-03,4.617500000000000077e-03,0.000000000000000000e+00
1.901124131944444684e-01,3.599999999999999901e-03,4.667916666666666568e-03,0.000000000000000000e+00
1.901649305555555836e-01,3.599999999999999901e-03,4.718333333333333060e-03,0.000000000000000000e+00
1.902174479166666710e-01,3.599999999999999901e-03,4.768749999999999552e-03,0.000000000000000000e+00
1.902699652777777861e-01,3.599999999999999901e-03,4.819166666666666043e-03,0.000000000000000000e+00
1.903224826388889013e-01,3.599999999999999901e-03,4.869583333333333403e-03,0.000000000000000000e+00
1.903750000000000164e-01,3.599999999999999901e-03,4.919999999999999894e-03,0.000000000000000000e+00
1.911250000000000171e-01,3.709999999999999756e-03,4.919999999999999894e-03,0.000000000000000000e+00
1.911775173611111323e-01,3.709999999999999756e-03,4.869583333333333403e-03,0.000000000000000000e+00
1.912300347222222474e-01,3.709999999999999756e-03,4.819166666666666911e-03,0.000000000000000000e+00
1.912825520833333626e-01,3.709999999999999756e-03,4.768749999999999552e-03,0.000000000000000000e+00
1.913350694444444500e-01,3.709999999999999756e-03,4.718333333333333060e-03,0.000000000000000000e+00
1.913875868055555651e-01,3.709999999999999756e-03,4.667916666666666568e-03,0.000000000000000000e+00
1.914401041666666803e-01,3.709999999999999756e-03,4.617500000000000077e-03,0.000000000000000000e+00
1.914926215277777954e-01,3.709999999999999756e-03,4.567083333333333585e-03,0.000000000000000000e+00
1.915451388888889106e-01,3.709999999999999756e-03,4.516666666666666226e-03,0.000000000000000000e+00
1.915976562500000258e-01,3.709999999999999756e-03,4.466249999999999734e-03,0.000000000000000000e+00
1.916501736111111409e-01,3.709999999999999756e-03,4.415833333333333242e-03,0.000000000000000000e+00
1.917026909722222283e-01,3.709999999999999756e-03,4.365416666666666751e-03,0.000000000000000000e+00
1.917552083333333435e-01,3.709999999999999756e-03,4.315000000000000259e-03,0.000000000000000000e+00
1.918077256944444586e-01,3.709999999999999756e-03,4.264583333333333767e-03,0.000000000000000000e+00
1.918602430555555738e-01,3.709999999999999756e-03,4.214166666666666408e-03,0.000000000000000000e+00
1.919127604166666889e-01,3.709999999999999756e-03,4.163749999999999916e-03,0.000000000000000000e+00
1.919652777777778041e-01,3.709999999999999756e-03,4.113333333333333425e-03,0.000000000000000000e+00
1.920177951388889193e-01,3.709999999999999756e-03,4.062916666666666933e-03,0.000000000000000000e+00
1.920703125000000067e-01,3.709999999999999756e-03,4.012500000000000441e-03,0.000000000000000000e+00
1.921228298611111218e-01,3.709999999999999756e-03,3.962083333333333082e-03,0.000000000000000000e+00
1.921753472222222370e-01,3.709999999999999756e-03,3.911666666666666591e-03,0.000000000000000000e+00
1.922278645833333521e-01,3.709999999999999756e-03,3.861250000000000099e-03,0.000000000000000000e+00
1.922803819444444673e-01,3.709999999999999756e-03,3.810833333333333607e-03,0.000000000000000000e+00
1.923328993055555824e-01,3.709999999999999756e-03,3.760416666666666682e-03,0.000000000000000000e+00
1.923854166666666976e-01,3.709999999999999756e-03,3.709999999999999756e-03,0.000000000000000000e+00
1.924379340277777850e-01,3.709999999999999756e-03,3.659583333333333265e-03,0.000000000000000000e+00
1.924904513888889002e-01,3.709999999999999756e-03,3.609166666666666773e-03,0.000000000000000000e+00
1.925429687500000153e-01,3.709999999999999756e-03,3.558750000000000281e-03,0.000000000000000000e+00
1.925954861111111305e-01,3.709999999999999756e-03,3.508333333333333356e-03,0.000000000000000000e+00
1.926480034722222456e-01,3.709999999999999756e-03,3.457916666666666430e-03,0.000000000000000000e+00
1.927005208333333608e-01,3.709999999999999756e-03,3.407499999999999939e-03,0.000000000000000000e+00
1.927530381944444482e-01,3.709999999999999756e-03,3.357083333333333447e-03,0.000000000000000000e+00
1.928055555555555634e-01,3.709999999999999756e-03,3.306666666666666955e-03,0.000000000000000000e+00
1.928580729166666785e-01,3.709999999999999756e-03,3.256250000000000030e-03,0.000000000000000000e+00
1.929105902777777937e-01,3.709999999999999756e-03,3.205833333333333104e-03,0.000000000000000000e+00
1.929631076388889088e-01,3.709999999999999756e-03,3.155416666666666613e-03,0.000000000000000000e+00
1.930156250000000240e-01,3.709999999999999756e-03,3.105000000000000121e-03,0.000000000000000000e+00
1.930681423611111391e-01,3.709999999999999756e-03,3.054583333333333629e-03,0.000000000000000000e+00
1.931206597222222265e-01,3.709999999999999756e-03,3.004166666666666704e-03,0.000000000000000000e+00
1.931731770833333417e-01,3.709999999999999756e-03,2.953750000000000212e-03,0.000000000000000000e+00
1.932256944444444569e-01,3.709999999999999756e-03,2.903333333333333287e-03,0.000000000000000000e+00
1.932782118055555720e-01,3.709999999999999756e-03,2.852916666666666795e-03,0.000000000000000000e+00
1.933307291666666872e-01,3.709999999999999756e-03,2.802500000000000303e-03,0.000000000000000000e+00
1.933832465277778023e-01,3.709999999999999756e-03,2.752083333333333378e-03,0.000000000000000000e+00
1.934357638888889175e-01,3.709999999999999756e-03,2.701666666666666886e-03,0.000000000000000000e+00
1.934882812500000049e-01,3.709999999999999756e-03,2.651249999999999961e-03,0.000000000000000000e+00
1.935407986111111200e-01,3.709999999999999756e-03,2.600833333333333469e-03,0.000000000000000000e+00
1.935933159722222352e-01,3.709999999999999756e-03,2.550416666666666977e-03,0.000000000000000000e+00
1.936458333333333504e-01,3.709999999999999756e-03,2.500000000000000052e-03,0.000000000000000000e+00
1.936983506944444655e-01,3.709999999999999756e-03,2.449583333333333560e-03,0.000000000000000000e+00
1.937508680555555807e-01,3.709999999999999756e-03,2.399166666666666635e-03,0.000000000000000000e+00
1.938033854166666958e-01,3.709999999999999756e-03,2.348750000000000143e-03,0.000000000000000000e+00
1.938559027777777832e-01,3.709999999999999756e-03,2.298333333333333652e-03,0.000000000000000000e+00
1.939084201388888984e-01,3.709999999999999756e-03,2.247916666666666726e-03,0.000000000000000000e+00
1.939609375000000135e-01,3.709999999999999756e-03,2.197500000000000234e-03,0.000000000000000000e+00
1.940134548611111287e-01,3.709999999999999756e-03,2.147083333333333743e-03,0.000000000000000000e+00
1.940659722222222439e-01,3.709999999999999756e-03,2.096666666666666817e-03,0.000000000000000000e+00
1.941184895833333590e-01,3.709999999999999756e-03,2.046250000000000326e-03,0.000000000000000000e+00
1.941710069444444742e-01,3.709999999999999756e-03,1.995833333333333400e-03,0.000000000000000000e+00
1.942235243055555616e-01,3.709999999999999756e-03,1.945416666666666908e-03,0.000000000000000000e+00
1.942760416666666767e-01,3.709999999999999756e-03,1.895000000000000417e-03,0.000000000000000000e+00
1.943285590277777919e-01,3.709999999999999756e-03,1.844583333333333491e-03,0.000000000000000000e+00
1.943810763888889070e-01,3.709999999999999756e-03,1.794166666666667000e-03,0.000000000000000000e+00
1.944335937500000222e-01,3.709999999999999756e-03,1.743750000000000074e-03,0.000000000000000000e+00
1.944861111111111374e-01,3.709999999999999756e-03,1.693333333333333583e-03,0.000000000000000000e+00
1.945386284722222525e-01,3.709999999999999756e-03,1.642916666666667091e-03,0.000000000000000000e+00
1.945911458333333399e-01,3.709999999999999756e-03,1.592500000000000165e-03,0.000000000000000000e+00
1.946436631944444551e-01,3.709999999999999756e-03,1.542083333333333674e-03,0.000000000000000000e+00
1.946961805555555702e-01,3.709999999999999756e-03,1.491666666666666748e-03,0.000000000000000000e+00
1.947486979166666854e-01,3.709999999999999756e-03,1.441250000000000257e-03,0.000000000000000000e+00
1.948012152777778005e-01,3.709999999999999756e-03,1.390833333333333765e-03,0.000000000000000000e+00
1.948537326388889157e-01,3.709999999999999756e-03,1.340416666666666839e-03,0.000000000000000000e+00
1.949062500000000031e-01,3.709999999999999756e-03,1.290000000000000348e-03,0.000000000000000000e+00
1.949587673611111183e-01,3.709999999999999756e-03,1.239583333333333422e-03,0.000000000000000000e+00
1.950112847222222334e-01,3.709999999999999756e-03,1.189166666666666931e-03,0.000000000000000000e+00
1.950638020833333486e-01,3.709999999999999756e-03,1.138750000000000439e-03,0.000000000000000000e+00
1.951163194444444637e-01,3.709999999999999756e-03,1.088333333333333514e-03,0.000000000000000000e+00
1.951688368055555789e-01,3.709999999999999756e-03,1.037916666666667022e-03,0.000000000000000000e+00
1.952213541666666941e-01,3.709999999999999756e-03,9.875000000000005301e-04,0.000000000000000000e+00
1.952738715277778092e-01,3.709999999999999756e-03,9.370833333333340384e-04,0.000000000000000000e+00
1.953263888888888966e-01,3.709999999999999756e-03,8.866666666666666793e-04,0.000000000000000000e+00
1.953789062500000118e-01,3.709999999999999756e-03,8.362500000000001876e-04,0.000000000000000000e+00
1.954314236111111269e-01,3.709999999999999756e-03,7.858333333333336959e-04,0.000000000000000000e+00
1.954839409722222421e-01,3.709999999999999756e-03,7.354166666666672042e-04,0.000000000000000000e+00
1.955364583333333572e-01,3.709999999999999756e-03,6.850000000000007125e-04,0.000000000000000000e+00
1.955889756944444724e-01,3.709999999999999756e-03,6.345833333333333534e-04,0.000000000000000000e+00
1.956414930555555598e-01,3.709999999999999756e-03,5.841666666666668617e-04,0.000000000000000000e+00
1.956940104166666750e-01,3.709999999999999756e-03,5.337500000000003700e-04,0.000000000000000000e+00
1.957465277777777901e-01,3.709999999999999756e-03,4.833333333333338783e-04,0.000000000000000000e+00
1.957990451388889053e-01,3.709999999999999756e-03,4.329166666666673866e-04,0.000000000000000000e+00
1.958515625000000204e-01,3.709999999999999756e-03,3.825000000000000275e-04,0.000000000000000000e+00
1.959040798611111356e-01,3.709999999999999756e-03,3.320833333333335358e-04,0.000000000000000000e+00
1.959565972222222507e-01,3.709999999999999756e-03,2.816666666666670440e-04,0.000000000000000000e+00
1.960091145833333381e-01,3.709999999999999756e-03,2.312500000000005523e-04,0.000000000000000000e+00
1.960616319444444533e-01,3.709999999999999756e-03,1.808333333333340606e-04,0.000000000000000000e+00
1.961141493055555685e-01,3.709999999999999756e-03,1.304166666666667015e-04,0.000000000000000000e+00
1.961666666666666836e-01,3.709999999999999756e-03,8.000000000000000654e-05,0.000000000000000000e+00
1.969166666666666843e-01,3.820000000000000045e-03,8.000000000000000654e-05,0.000000000000000000e+00
1.969691840277777994e-01,3.820000000000000045e-03,1.304166666666666744e-04,0.000000000000000000e+00
1.970217013888889146e-01,3.820000000000000045e-03,1.808333333333333288e-04,0.000000000000000000e+00
1.970742187500000298e-01,3.820000000000000045e-03,2.312500000000000102e-04,0.000000000000000000e+00
1.971267361111111172e-01,3.820000000000000045e-03,2.816666666666666646e-04,0.000000000000000000e+00
1.971792534722222323e-01,3.820000000000000045e-03,3.320833333333333189e-04,0.000000000000000000e+00
1.972317708333333475e-01,3.820000000000000045e-03,3.824999999999999733e-04,0.000000000000000000e+00
1.972842881944444626e-01,3.820000000000000045e-03,4.329166666666666276e-04,0.000000000000000000e+00
1.973368055555555778e-01,3.820000000000000045e-03,4.833333333333332820e-04,0.000000000000000000e+00
1.973893229166666929e-01,3.820000000000000045e-03,5.337499999999999363e-04,0.000000000000000000e+00
1.974418402777778081e-01,3.820000000000000045e-03,5.841666666666666449e-04,0.000000000000000000e+00
1.974943576388888955e-01,3.820000000000000045e-03,6.345833333333332450e-04,0.000000000000000000e+00
1.975468750000000107e-01,3.820000000000000045e-03,6.849999999999999535e-04,0.000000000000000000e+00
1.975993923611111258e-01,3.820000000000000045e-03,7.354166666666665537e-04,0.000000000000000000e+00
1.976519097222222410e-01,3.820000000000000045e-03,7.858333333333332622e-04,0.000000000000000000e+00
1.977044270833333561e-01,3.820000000000000045e-03,8.362499999999998624e-04,0.000000000000000000e+00
1.977569444444444713e-01,3.820000000000000045e-03,8.866666666666665709e-04,0.000000000000000000e+00
1.978094618055555864e-01,3.820000000000000045e-03,9.370833333333332795e-04,0.000000000000000000e+00
1.978619791666666738e-01,3.820000000000000045e-03,9.874999999999998796e-04,0.000000000000000000e+00
1.979144965277777890e-01,3.820000000000000045e-03,1.037916666666666588e-03,0.000000000000000000e+00
1.979670138888889042e-01,3.820000000000000045e-03,1.088333333333333297e-03,0.000000000000000000e+00
1.980195312500000193e-01,3.820000000000000045e-03,1.138749999999999788e-03,0.000000000000000000e+00
1.980720486111111345e-01,3.820000000000000045e-03,1.189166666666666497e-03,0.000000000000000000e+00
1.981245659722222496e-01,3.820000000000000045e-03,1.239583333333333206e-03,0.000000000000000000e+00
1.981770833333333370e-01,3.820000000000000045e-03,1.289999999999999914e-03,0.000000000000000000e+00
1.982296006944444522e-01,3.820000000000000045e-03,1.340416666666666623e-03,0.000000000000000000e+00
1.982821180555555673e-01,3.820000000000000045e-03,1.390833333333333114e-03,0.000000000000000000e+00
1.983346354166666825e-01,3.820000000000000045e-03,1.441249999999999823e-03,0.000000000000000000e+00
1.983871527777777977e-01,3.820000000000000045e-03,1.491666666666666531e-03,0.000000000000000000e+00
1.984396701388889128e-01,3.820000000000000045e-03,1.542083333333333240e-03,0.000000000000000000e+00
1.984921875000000280e-01,3.820000000000000045e-03,1.592499999999999732e-03,0.000000000000000000e+00
1.985447048611111154e-01,3.820000000000000045e-03,1.642916666666666440e-03,0.000000000000000000e+00
1.985972222222222305e-01,3.820000000000000045e-03,1.693333333333333149e-03,0.000000000000000000e+00
1.986497395833333457e-01,3.820000000000000045e-03,1.743749999999999857e-03,0.000000000000000000e+00
1.987022569444444609e-01,3.820000000000000045e-03,1.794166666666666566e-03,0.000000000000000000e+00
1.987547743055555760e-01,3.820000000000000045e-03,1.844583333333333058e-03,0.000000000000000000e+00
1.988072916666666912e-01,3.820000000000000045e-03,1.894999999999999766e-03,0.000000000000000000e+00
1.988598090277778063e-01,3.820000000000000045e-03,1.945416666666666475e-03,0.000000000000000000e+00
1.989123263888888937e-01,3.820000000000000045e-03,1.995833333333333400e-03,0.000000000000000000e+00
1.989648437500000089e-01,3.820000000000000045e-03,2.046249999999999892e-03,0.000000000000000000e+00
1.990173611111111240e-01,3.820000000000000045e-03,2.096666666666666817e-03,0.000000000000000000e+00
1.990698784722222392e-01,3.820000000000000045e-03,2.147083333333333309e-03,0.000000000000000000e+00
1.991223958333333544e-01,3.820000000000000045e-03,2.197499999999999801e-03,0.000000000000000000e+00
1.991749131944444695e-01,3.820000000000000045e-03,2.247916666666666726e-03,0.000000000000000000e+00
1.992274305555555847e-01,3.820000000000000045e-03,2.298333333333333218e-03,0.000000000000000000e+00
1.992799479166666721e-01,3.820000000000000045e-03,2.348750000000000143e-03,0.000000000000000000e+00
1.993324652777777872e-01,3.820000000000000045e-03,2.399166666666666635e-03,0.000000000000000000e+00
1.993849826388889024e-01,3.820000000000000045e-03,2.449583333333333127e-03,0.000000000000000000e+00
1.994375000000000175e-01,3.820000000000000045e-03,2.500000000000000052e-03,0.000000000000000000e+00
1.994900173611111327e-01,3.820000000000000045e-03,2.550416666666666544e-03,0.000000000000000000e+00
1.995425347222222479e-01,3.820000000000000045e-03,2.600833333333333469e-03,0.000000000000000000e+00
1.995950520833333630e-01,3.820000000000000045e-03,2.651249999999999961e-03,0.000000000000000000e+00
1.996475694444444504e-01,3.820000000000000045e-03,2.701666666666666453e-03,0.000000000000000000e+00
1.997000868055555656e-01,3.820000000000000045e-03,2.752083333333333378e-03,0.000000000000000000e+00
1.997526041666666807e-01,3.820000000000000045e-03,2.802499999999999870e-03,0.000000000000000000e+00
1.998051215277777959e-01,3.820000000000000045e-03,2.852916666666666361e-03,0.000000000000000000e+00
1.998576388888889110e-01,3.820000000000000045e-03,2.903333333333333287e-03,0.000000000000000000e+00
1.999101562500000262e-01,3.820000000000000045e-03,2.953749999999999779e-03,0.000000000000000000e+00
1.999626736111111414e-01,3.820000000000000045e-03,3.004166666666666704e-03,0.000000000000000000e+00
2.000151909722222288e-01,3.820000000000000045e-03,3.054583333333333196e-03,0.000000000000000000e+00
2.000677083333333439e-01,3.820000000000000045e-03,3.104999999999999687e-03,0.000000000000000000e+00
2.001202256944444591e-01,3.820000000000000045e-03,3.155416666666666613e-03,0.000000000000000000e+00
2.001727430555555742e-01,3.820000000000000045e-03,3.205833333333333104e-03,0.000000000000000000e+00
2.002252604166666894e-01,3.820000000000000045e-03,3.256250000000000030e-03,0.000000000000000000e+00
2.002777777777778045e-01,3.820000000000000045e-03,3.306666666666666522e-03,0.000000000000000000e+00
2.003302951388889197e-01,3.820000000000000045e-03,3.357083333333333013e-03,0.000000000000000000e+00
2.003828125000000071e-01,3.820000000000000045e-03,3.407499999999999939e-03,0.000000000000000000e+00
2.004353298611111223e-01,3.820000000000000045e-03,3.457916666666666430e-03,0.000000000000000000e+00
2.004878472222222374e-01,3.820000000000000045e-03,3.508333333333333356e-03,0.000000000000000000e+00
2.005403645833333526e-01,3.820000000000000045e-03,3.558749999999999847e-03,0.000000000000000000e+00
2.005928819444444677e-01,3.820000000000000045e-03,3.609166666666666339e-03,0.000000000000000000e+00
2.006453993055555829e-01,3.820000000000000045e-03,3.659583333333333265e-03,0.000000000000000000e+00
2.006979166666666980e-01,3.820000000000000045e-03,3.709999999999999756e-03,0.000000000000000000e+00
2.007504340277777855e-01,3.820000000000000045e-03,3.760416666666666682e-03,0.000000000000000000e+00
2.008029513888889006e-01,3.820000000000000045e-03,3.810833333333333173e-03,0.000000000000000000e+00
2.008554687500000158e-01,3.820000000000000045e-03,3.861249999999999665e-03,0.000000000000000000e+00
2.009079861111111309e-01,3.820000000000000045e-03,3.911666666666666591e-03,0.000000000000000000e+00
2.009605034722222461e-01,3.820000000000000045e-03,3.962083333333333082e-03,0.000000000000000000e+00
2.010130208333333612e-01,3.820000000000000045e-03,4.012499999999999574e-03,0.000000000000000000e+00
2.010655381944444486e-01,3.820000000000000045e-03,4.062916666666666066e-03,0.000000000000000000e+00
2.011180555555555638e-01,3.820000000000000045e-03,4.113333333333333425e-03,0.000000000000000000e+00
2.011705729166666790e-01,3.820000000000000045e-03,4.163749999999999916e-03,0.000000000000000000e+00
2.012230902777777941e-01,3.820000000000000045e-03,4.214166666666666408e-03,0.000000000000000000e+00
2.012756076388889093e-01,3.820000000000000045e-03,4.264583333333332900e-03,0.000000000000000000e+00
2.013281250000000244e-01,3.820000000000000045e-03,4.314999999999999392e-03,0.000000000000000000e+00
2.013806423611111396e-01,3.820000000000000045e-03,4.365416666666666751e-03,0.000000000000000000e+00
2.014331597222222270e-01,3.820000000000000045e-03,4.415833333333333242e-03,0.000000000000000000e+00
2.014856770833333421e-01,3.820000000000000045e-03,4.466249999999999734e-03,0.000000000000000000e+00
2.015381944444444573e-01,3.820000000000000045e-03,4.516666666666666226e-03,0.000000000000000000e+00
2.015907118055555725e-01,3.820000000000000045e-03,4.567083333333332718e-03,0.000000000000000000e+00
2.016432291666666876e-01,3.820000000000000045e-03,4.617500000000000077e-03,0.000000000000000000e+00
2.016957465277778028e-01,3.820000000000000045e-03,4.667916666666666568e-03,0.000000000000000000e+00
2.017482638888889179e-01,3.820000000000000045e-03,4.718333333333333060e-03,0.000000000000000000e+00
2.018007812500000053e-01,3.820000000000000045e-03,4.768749999999999552e-03,0.000000000000000000e+00
2.018532986111111205e-01,3.820000000000000045e-03,4.819166666666666043e-03,0.000000000000000000e+00
2.019058159722222356e-01,3.820000000000000045e-03,4.869583333333333403e-03,0.000000000000000000e+00
2.019583333333333508e-01,3.820000000000000045e-03,4.919999999999999894e-03,0.000000000000000000e+00
2.027083333333333515e-01,3.929999999999999466e-03,4.919999999999999894e-03,0.000000000000000000e+00
2.027608506944444666e-01,3.929999999999999466e-03,4.869583333333333403e-03,0.000000000000000000e+00
2.028133680555555818e-01,3.929999999999999466e-03,4.819166666666666911e-03,0.000000000000000000e+00
2.028658854166666969e-01,3.929999999999999466e-03,4.768749999999999552e-03,0.000000000000000000e+00
2.029184027777777843e-01,3.929999999999999466e-03,4.718333333333333060e-03,0.000000000000000000e+00
2.029709201388888995e-01,3.929999999999999466e-03,4.667916666666666568e-03,0.000000000000000000e+00
2.030234375000000147e-01,3.929999999999999466e-03,4.617500000000000077e-03,0.000000000000000000e+00
2.030759548611111298e-01,3.929999999999999466e-03,4.567083333333333585e-03,0.000000000000000000e+00
2.031284722222222450e-01,3.929999999999999466e-03,4.516666666666666226e-03,0.000000000000000000e+00
2.031809895833333601e-01,3.929999999999999466e-03,4.466249999999999734e-03,0.000000000000000000e+00
2.032335069444444753e-01,3.929999999999999466e-03,4.415833333333333242e-03,0.000000000000000000e+00
2.032860243055555627e-01,3.929999999999999466e-03,4.365416666666666751e-03,0.000000000000000000e+00
2.033385416666666778e-01,3.929999999999999466e-03,4.315000000000000259e-03,0.000000000000000000e+00
2.033910590277777930e-01,3.929999999999999466e-03,4.264583333333333767e-03,0.000000000000000000e+00
2.034435763888889082e-01,3.929999999999999466e-03,4.214166666666666408e-03,0.000000000000000000e+00
2.034960937500000233e-01,3.929999999999999466e-03,4.163749999999999916e-03,0.000000000000000000e+00
2.035486111111111385e-01,3.929999999999999466e-03,4.113333333333333425e-03,0.000000000000000000e+00
2.036011284722222536e-01,3.929999999999999466e-03,4.062916666666666933e-03,0.000000000000000000e+00
2.036536458333333410e-01,3.929999999999999466e-03,4.012500000000000441e-03,0.000000000000000000e+00
2.037061631944444562e-01,3.929999999999999466e-03,3.962083333333333082e-03,0.000000000000000000e+00
2.037586805555555713e-01,3.929999999999999466e-03,3.911666666666666591e-03,0.000000000000000000e+00
2.038111979166666865e-01,3.929999999999999466e-03,3.861250000000000099e-03,0.000000000000000000e+00
2.038637152777778017e-01,3.929999999999999466e-03,3.810833333333333607e-03,0.000000000000000000e+00
2.039162326388889168e-01,3.929999999999999466e-03,3.760416666666666682e-03,0.000000000000000000e+00
2.039687500000000320e-01,3.929999999999999466e-03,3.709999999999999756e-03,0.000000000000000000e+00
2.040212673611111194e-01,3.929999999999999466e-03,3.659583333333333265e-03,0.000000000000000000e+00
2.040737847222222345e-01,3.929999999999999466e-03,3.609166666666666773e-03,0.000000000000000000e+00
2.041263020833333497e-01,3.929999999999999466e-03,3.558750000000000281e-03,0.000000000000000000e+00
2.041788194444444648e-01,3.929999999999999466e-03,3.508333333333333356e-03,0.000000000000000000e+00
2.042313368055555800e-01,3.929999999999999466e-03,3.457916666666666430e-03,0.000000000000000000e+00
2.042838541666666952e-01,3.929999999999999466e-03,3.407499999999999939e-03,0.000000000000000000e+00
2.043363715277777826e-01,3.929999999999999466e-03,3.357083333333333447e-03,0.000000000000000000e+00
2.043888888888888977e-01,3.929999999999999466e-03,3.306666666666666955e-03,0.000000000000000000e+00
2.044414062500000129e-01,3.929999999999999466e-03,3.256250000000000030e-03,0.000000000000000000e+00
2.044939236111111280e-01,3.929999999999999466e-03,3.205833333333333104e-03,0.000000000000000000e+00
2.045464409722222432e-01,3.929999999999999466e-03,3.155416666666666613e-03,0.000000000000000000e+00
2.045989583333333584e-01,3.929999999999999466e-03,3.105000000000000121e-03,0.000000000000000000e+00
2.046514756944444735e-01,3.929999999999999466e-03,3.054583333333333629e-03,0.000000000000000000e+00
2.047039930555555609e-01,3.929999999999999466e-03,3.004166666666666704e-03,0.000000000000000000e+00
2.047565104166666761e-01,3.929999999999999466e-03,2.953750000000000212e-03,0.000000000000000000e+00
2.048090277777777912e-01,3.929999999999999466e-03,2.903333333333333287e-03,0.000000000000000000e+00
2.048615451388889064e-01,3.929999999999999466e-03,2.852916666666666795e-03,0.000000000000000000e+00
2.049140625000000215e-01,3.929999999999999466e-03,2.802500000000000303e-03,0.000000000000000000e+00
2.049665798611111367e-01,3.929999999999999466e-03,2.752083333333333378e-03,0.000000000000000000e+00
2.050190972222222519e-01,3.929999999999999466e-03,2.701666666666666886e-03,0.000000000000000000e+00
2.050716145833333393e-01,3.929999999999999466e-03,2.651249999999999961e-03,0.000000000000000000e+00
2.051241319444444544e-01,3.929999999999999466e-03,2.600833333333333469e-03,0.000000000000000000e+00
2.051766493055555696e-01,3.929999999999999466e-03,2.550416666666666977e-03,0.000000000000000000e+00
2.052291666666666847e-01,3.929999999999999466e-03,2.500000000000000052e-03,0.000000000000000000e+00
2.052816840277777999e-01,3.929999999999999466e-03,2.449583333333333560e-03,0.000000000000000000e+00
2.053342013888889150e-01,3.929999999999999466e-03,2.399166666666666635e-03,0.000000000000000000e+00
2.053867187500000302e-01,3.929999999999999466e-03,2.348750000000000143e-03,0.000000000000000000e+00
2.054392361111111176e-01,3.929999999999999466e-03,2.298333333333333652e-03,0.000000000000000000e+00
2.054917534722222328e-01,3.929999999999999466e-03,2.247916666666666726e-03,0.000000000000000000e+00
2.055442708333333479e-01,3.929999999999999466e-03,2.197500000000000234e-03,0.000000000000000000e+00
2.055967881944444631e-01,3.929999999999999466e-03,2.147083333333333743e-03,0.000000000000000000e+00
2.056493055555555782e-01,3.929999999999999466e-03,2.096666666666666817e-03,0.000000000000000000e+00
2.057018229166666934e-01,3.929999999999999466e-03,2.046250000000000326e-03,0.000000000000000000e+00
2.057543402777778085e-01,3.929999999999999466e-03,1.995833333333333400e-03,0.000000000000000000e+00
2.058068576388888959e-01,3.929999999999999466e-03,1.945416666666666908e-03,0.000000000000000000e+00
2.058593750000000111e-01,3.929999999999999466e-03,1.895000000000000417e-03,0.000000000000000000e+00
2.059118923611111263e-01,3.929999999999999466e-03,1.844583333333333491e-03,0.000000000000000000e+00
2.059644097222222414e-01,3.929999999999999466e-03,1.794166666666667000e-03,0.000000000000000000e+00
2.060169270833333566e-01,3.929999999999999466e-03,1.743750000000000074e-03,0.000000000000000000e+00
2.060694444444444717e-01,3.929999999999999466e-03,1.693333333333333583e-03,0.000000000000000000e+00
2.061219618055555869e-01,3.929999999999999466e-03,1.642916666666667091e-03,0.000000000000000000e+00
2.061744791666666743e-01,3.929999999999999466e-03,1.592500000000000165e-03,0.000000000000000000e+00
2.062269965277777894e-01,3.929999999999999466e-03,1.542083333333333674e-03,0.000000000000000000e+00
2.062795138888889046e-01,3.929999999999999466e-03,1.491666666666666748e-03,0.000000000000000000e+00
2.063320312500000198e-01,3.929999999999999466e-03,1.441250000000000257e-03,0.000000000000000000e+00
2.063845486111111349e-01,3.929999999999999466e-03,1.390833333333333765e-03,0.000000000000000000e+00
2.064370659722222501e-01,3.929999999999999466e-03,1.340416666666666839e-03,0.000000000000000000e+00
2.064895833333333375e-01,3.929999999999999466e-03,1.290000000000000348e-03,0.000000000000000000e+00
2.065421006944444526e-01,3.929999999999999466e-03,1.239583333333333422e-03,0.000000000000000000e+00
2.065946180555555678e-01,3.929999999999999466e-03,1.189166666666666931e-03,0.000000000000000000e+00
2.066471354166666829e-01,3.929999999999999466e-03,1.138750000000000439e-03,0.000000000000000000e+00
2.066996527777777981e-01,3.929999999999999466e-03,1.088333333333333514e-03,0.000000000000000000e+00
2.067521701388889133e-01,3.929999999999999466e-03,1.037916666666667022e-03,0.000000000000000000e+00
2.068046875000000284e-01,3.929999999999999466e-03,9.875000000000005301e-04,0.000000000000000000e+00
2.068572048611111436e-01,3.929999999999999466e-03,9.370833333333340384e-04,0.000000000000000000e+00
2.069097222222222310e-01,3.929999999999999466e-03,8.866666666666666793e-04,0.000000000000000000e+00
2.069622395833333461e-01,3.929999999999999466e-03,8.362500000000001876e-04,0.000000000000000000e+00
2.070147569444444613e-01,3.929999999999999466e-03,7.858333333333336959e-04,0.000000000000000000e+00
2.070672743055555765e-01,3.929999999999999466e-03,7.354166666666672042e-04,0.000000000000000000e+00
2.071197916666666916e-01,3.929999999999999466e-03,6.850000000000007125e-04,0.000000000000000000e+00
2.071723090277778068e-01,3.929999999999999466e-03,6.345833333333333534e-04,0.000000000000000000e+00
2.072248263888888942e-01,3.929999999999999466e-03,5.841666666666668617e-04,0.000000000000000000e+00
2.072773437500000093e-01,3.929999999999999466e-03,5.337500000000003700e-04,0.000000000000000000e+00
2.073298611111111245e-01,3.929999999999999466e-03,4.833333333333338783e-04,0.000000000000000000e+00
2.073823784722222396e-01,3.929999999999999466e-03,4.329166666666673866e-04,0.000000000000000000e+00
2.074348958333333548e-01,3.929999999999999466e-03,3.825000000000000275e-04,0.000000000000000000e+00
2.074874131944444700e-01,3.929999999999999466e-03,3.320833333333335358e-04,0.000000000000000000e+00
2.075399305555555851e-01,3.929999999999999466e-03,2.816666666666670440e-04,0.000000000000000000e+00
2.075924479166666725e-01,3.929999999999999466e-03,2.312500000000005523e-04,0.000000000000000000e+00
2.076449652777777877e-01,3.929999999999999466e-03,1.808333333333340606e-04,0.000000000000000000e+00
2.076974826388889028e-01,3.929999999999999466e-03,1.304166666666667015e-04,0.000000000000000000e+00
2.077500000000000180e-01,3.929999999999999466e-03,8.000000000000000654e-05,0.000000000000000000e+00
2.085000000000000187e-01,4.040000000000000188e-03,8.000000000000000654e-05,0.000000000000000000e+00
2.085525173611111338e-01,4.040000000000000188e-03,1.304166666666666744e-04,0.000000000000000000e+00
2.086050347222222490e-01,4.040000000000000188e-03,1.808333333333333288e-04,0.000000000000000000e+00
2.086575520833333641e-01,4.040000000000000188e-03,2.312500000000000102e-04,0.000000000000000000e+00
2.087100694444444515e-01,4.040000000000000188e-03,2.816666666666666646e-04,0.000000000000000000e+00
2.087625868055555667e-01,4.040000000000000188e-03,3.320833333333333189e-04,0.000000000000000000e+00
2.088151041666666818e-01,4.040000000000000188e-03,3.824999999999999733e-04,0.000000000000000000e+00
2.088676215277777970e-01,4.040000000000000188e-03,4.329166666666666276e-04,0.000000000000000000e+00
2.089201388888889122e-01,4.040000000000000188e-03,4.833333333333332820e-04,0.000000000000000000e+00
2.089726562500000273e-01,4.040000000000000188e-03,5.337499999999999363e-04,0.000000000000000000e+00
2.090251736111111425e-01,4.040000000000000188e-03,5.841666666666666449e-04,0.000000000000000000e+00
2.090776909722222299e-01,4.040000000000000188e-03,6.345833333333332450e-04,0.000000000000000000e+00
2.091302083333333450e-01,4.040000000000000188e-03,6.849999999999999535e-04,0.000000000000000000e+00
2.091827256944444602e-01,4.040000000000000188e-03,7.354166666666665537e-04,0.000000000000000000e+00
2.092352430555555753e-01,4.040000000000000188e-03,7.858333333333332622e-04,0.000000000000000000e+00
2.092877604166666905e-01,4.040000000000000188e-03,8.362499999999998624e-04,0.000000000000000000e+00
2.093402777777778057e-01,4.040000000000000188e-03,8.866666666666665709e-04,0.000000000000000000e+00
2.093927951388889208e-01,4.040000000000000188e-03,9.370833333333332795e-04,0.000000000000000000e+00
2.094453125000000082e-01,4.040000000000000188e-03,9.874999999999998796e-04,0.000000000000000000e+00
2.094978298611111234e-01,4.040000000000000188e-03,1.037916666666666588e-03,0.000000000000000000e+00
2.095503472222222385e-01,4.040000000000000188e-03,1.088333333333333297e-03,0.000000000000000000e+00
2.096028645833333537e-01,4.040000000000000188e-03,1.138749999999999788e-03,0.000000000000000000e+00
2.096553819444444688e-01,4.040000000000000188e-03,1.189166666666666497e-03,0.000000000000000000e+00
2.097078993055555840e-01,4.040000000000000188e-03,1.239583333333333206e-03,0.000000000000000000e+00
2.097604166666666714e-01,4.040000000000000188e-03,1.289999999999999914e-03,0.000000000000000000e+00
2.098129340277777866e-01,4.040000000000000188e-03,1.340416666666666623e-03,0.000000000000000000e+00
2.098654513888889017e-01,4.040000000000000188e-03,1.390833333333333114e-03,0.000000000000000000e+00
2.099179687500000169e-01,4.040000000000000188e-03,1.441249999999999823e-03,0.000000000000000000e+00
2.099704861111111320e-01,4.040000000000000188e-03,1.491666666666666531e-03,0.000000000000000000e+00
2.100230034722222472e-01,4.040000000000000188e-03,1.542083333333333240e-03,0.000000000000000000e+00
2.100755208333333623e-01,4.040000000000000188e-03,1.592499999999999732e-03,0.000000000000000000e+00
2.101280381944444497e-01,4.040000000000000188e-03,1.642916666666666440e-03,0.000000000000000000e+00
2.101805555555555649e-01,4.040000000000000188e-03,1.693333333333333149e-03,0.000000000000000000e+00
2.102330729166666801e-01,4.040000000000000188e-03,1.743749999999999857e-03,0.000000000000000000e+00
2.102855902777777952e-01,4.040000000000000188e-03,1.794166666666666566e-03,0.000000000000000000e+00
2.103381076388889104e-01,4.040000000000000188e-03,1.844583333333333058e-03,0.000000000000000000e+00
2.103906250000000255e-01,4.040000000000000188e-03,1.894999999999999766e-03,0.000000000000000000e+00
2.104431423611111407e-01,4.040000000000000188e-03,1.945416666666666475e-03,0.000000000000000000e+00
2.104956597222222281e-01,4.040000000000000188e-03,1.995833333333333400e-03,0.000000000000000000e+00
2.105481770833333433e-01,4.040000000000000188e-03,2.046249999999999892e-03,0.000000000000000000e+00
2.106006944444444584e-01,4.040000000000000188e-03,2.096666666666666817e-03,0.000000000000000000e+00
2.106532118055555736e-01,4.040000000000000188e-03,2.147083333333333309e-03,0.000000000000000000e+00
2.107057291666666887e-01,4.040000000000000188e-03,2.197499999999999801e-03,0.000000000000000000e+00
2.107582465277778039e-01,4.040000000000000188e-03,2.247916666666666726e-03,0.000000000000000000e+00
2.108107638888889190e-01,4.040000000000000188e-03,2.298333333333333218e-03,0.000000000000000000e+00
2.108632812500000064e-01,4.040000000000000188e-03,2.348750000000000143e-03,0.000000000000000000e+00
2.109157986111111216e-01,4.040000000000000188e-03,2.399166666666666635e-03,0.000000000000000000e+00
2.109683159722222368e-01,4.040000000000000188e-03,2.449583333333333127e-03,0.000000000000000000e+00
2.110208333333333519e-01,4.040000000000000188e-03,2.500000000000000052e-03,0.000000000000000000e+00
2.110733506944444671e-01,4.040000000000000188e-03,2.550416666666666544e-03,0.000000000000000000e+00
2.111258680555555822e-01,4.040000000000000188e-03,2.600833333333333469e-03,0.000000000000000000e+00
2.111783854166666974e-01,4.040000000000000188e-03,2.651249999999999961e-03,0.000000000000000000e+00
2.112309027777777848e-01,4.040000000000000188e-03,2.701666666666666453e-03,0.000000000000000000e+00
2.112834201388888999e-01,4.040000000000000188e-03,2.752083333333333378e-03,0.000000000000000000e+00
2.113359375000000151e-01,4.040000000000000188e-03,2.802499999999999870e-03,0.000000000000000000e+00
2.113884548611111303e-01,4.040000000000000188e-03,2.852916666666666361e-03,0.000000000000000000e+00
2.114409722222222454e-01,4.040000000000000188e-03,2.903333333333333287e-03,0.000000000000000000e+00
2.114934895833333606e-01,4.040000000000000188e-03,2.953749999999999779e-03,0.000000000000000000e+00
2.115460069444444757e-01,4.040000000000000188e-03,3.004166666666666704e-03,0.000000000000000000e+00
2.115985243055555631e-01,4.040000000000000188e-03,3.054583333333333196e-03,0.000000000000000000e+00
2.116510416666666783e-01,4.040000000000000188e-03,3.104999999999999687e-03,0.000000000000000000e+00
2.117035590277777934e-01,4.040000000000000188e-03,3.155416666666666613e-03,0.000000000000000000e+00
2.117560763888889086e-01,4.040000000000000188e-03,3.205833333333333104e-03,0.000000000000000000e+00
2.118085937500000238e-01,4.040000000000000188e-03,3.256250000000000030e-03,0.000000000000000000e+00
2.118611111111111389e-01,4.040000000000000188e-03,3.306666666666666522e-03,0.000000000000000000e+00
2.119136284722222541e-01,4.040000000000000188e-03,3.357083333333333013e-03,0.000000000000000000e+00
2.119661458333333415e-01,4.040000000000000188e-03,3.407499999999999939e-03,0.000000000000000000e+00
2.120186631944444566e-01,4.040000000000000188e-03,3.457916666666666430e-03,0.000000000000000000e+00
2.120711805555555718e-01,4.040000000000000188e-03,3.508333333333333356e-03,0.000000000000000000e+00
2.121236979166666869e-01,4.040000000000000188e-03,3.558749999999999847e-03,0.000000000000000000e+00
2.121762152777778021e-01,4.040000000000000188e-03,3.609166666666666339e-03,0.000000000000000000e+00
2.122287326388889173e-01,4.040000000000000188e-03,3.659583333333333265e-03,0.000000000000000000e+00
2.122812500000000324e-01,4.040000000000000188e-03,3.709999999999999756e-03,0.000000000000000000e+00
2.123337673611111198e-01,4.040000000000000188e-03,3.760416666666666682e-03,0.000000000000000000e+00
2.123862847222222350e-01,4.040000000000000188e-03,3.810833333333333173e-03,0.000000000000000000e+00
2.124388020833333501e-01,4.040000000000000188e-03,3.861249999999999665e-03,0.000000000000000000e+00
2.124913194444444653e-01,4.040000000000000188e-03,3.911666666666666591e-03,0.000000000000000000e+00
2.125438368055555804e-01,4.040000000000000188e-03,3.962083333333333082e-03,0.000000000000000000e+00
2.125963541666666956e-01,4.040000000000000188e-03,4.012499999999999574e-03,0.000000000000000000e+00
2.126488715277777830e-01,4.040000000000000188e-03,4.062916666666666066e-03,0.000000000000000000e+00
2.127013888888888982e-01,4.040000000000000188e-03,4.113333333333333425e-03,0.000000000000000000e+00
2.127539062500000133e-01,4.040000000000000188e-03,4.163749999999999916e-03,0.000000000000000000e+00
2.128064236111111285e-01,4.040000000000000188e-03,4.214166666666666408e-03,0.000000000000000000e+00
2.128589409722222436e-01,4.040000000000000188e-03,4.264583333333332900e-03,0.000000000000000000e+00
2.129114583333333588e-01,4.040000000000000188e-03,4.314999999999999392e-03,0.000000000000000000e+00
2.129639756944444740e-01,4.040000000000000188e-03,4.365416666666666751e-03,0.000000000000000000e+00
2.130164930555555614e-01,4.040000000000000188e-03,4.415833333333333242e-03,0.000000000000000000e+00
2.130690104166666765e-01,4.040000000000000188e-03,4.466249999999999734e-03,0.000000000000000000e+00
2.131215277777777917e-01,4.040000000000000188e-03,4.516666666666666226e-03,0.000000000000000000e+00
2.131740451388889068e-01,4.040000000000000188e-03,4.567083333333332718e-03,0.000000000000000000e+00
2.132265625000000220e-01,4.040000000000000188e-03,4.617500000000000077e-03,0.000000000000000000e+00
2.132790798611111371e-01,4.040000000000000188e-03,4.667916666666666568e-03,0.000000000000000000e+00
2.133315972222222523e-01,4.040000000000000188e-03,4.718333333333333060e-03,0.000000000000000000e+00
2.133841145833333397e-01,4.040000000000000188e-03,4.768749999999999552e-03,0.000000000000000000e+00
2.134366319444444549e-01,4.040000000000000188e-03,4.819166666666666043e-03,0.000000000000000000e+00
2.134891493055555700e-01,4.040000000000000188e-03,4.869583333333333403e-03,0.000000000000000000e+00
2.135416666666666852e-01,4.040000000000000188e-03,4.919999999999999894e-03,0.000000000000000000e+00
2.142916666666666858e-01,4.150000000000000043e-03,4.919999999999999894e-03,0.000000000000000000e+00
2.143441840277778010e-01,4.150000000000000043e-03,4.869583333333333403e-03,0.000000000000000000e+00
2.143967013888889162e-01,4.150000000000000043e-03,4.819166666666666911e-03,0.000000000000000000e+00
2.144492187500000313e-01,4.150000000000000043e-03,4.768749999999999552e-03,0.000000000000000000e+00
2.145017361111111187e-01,4.150000000000000043e-03,4.718333333333333060e-03,0.000000000000000000e+00
2.145542534722222339e-01,4.150000000000000043e-03,4.667916666666666568e-03,0.000000000000000000e+00
2.146067708333333490e-01,4.150000000000000043e-03,4.617500000000000077e-03,0.000000000000000000e+00
2.146592881944444642e-01,4.150000000000000043e-03,4.567083333333333585e-03,0.000000000000000000e+00
2.147118055555555793e-01,4.150000000000000043e-03,4.516666666666666226e-03,0.000000000000000000e+00
2.147643229166666945e-01,4.150000000000000043e-03,4.466249999999999734e-03,0.000000000000000000e+00
2.148168402777778097e-01,4.150000000000000043e-03,4.415833333333333242e-03,0.000000000000000000e+00
2.148693576388888971e-01,4.150000000000000043e-03,4.365416666666666751e-03,0.000000000000000000e+00
2.149218750000000122e-01,4.150000000000000043e-03,4.315000000000000259e-03,0.000000000000000000e+00
2.149743923611111274e-01,4.150000000000000043e-03,4.264583333333333767e-03,0.000000000000000000e+00
2.150269097222222425e-01,4.150000000000000043e-03,4.214166666666666408e-03,0.000000000000000000e+00
2.150794270833333577e-01,4.150000000000000043e-03,4.163749999999999916e-03,0.000000000000000000e+00
2.151319444444444728e-01,4.150000000000000043e-03,4.113333333333333425e-03,0.000000000000000000e+00
2.151844618055555880e-01,4.150000000000000043e-03,4.062916666666666933e-03,0.000000000000000000e+00
2.152369791666666754e-01,4.150000000000000043e-03,4.012500000000000441e-03,0.000000000000000000e+00
2.152894965277777906e-01,4.150000000000000043e-03,3.962083333333333082e-03,0.000000000000000000e+00
2.153420138888889057e-01,4.150000000000000043e-03,3.911666666666666591e-03,0.000000000000000000e+00
2.153945312500000209e-01,4.150000000000000043e-03,3.861250000000000099e-03,0.000000000000000000e+00
2.154470486111111360e-01,4.150000000000000043e-03,3.810833333333333607e-03,0.000000000000000000e+00
2.154995659722222512e-01,4.150000000000000043e-03,3.760416666666666682e-03,0.000000000000000000e+00
2.155520833333333663e-01,4.150000000000000043e-03,3.709999999999999756e-03,0.000000000000000000e+00
2.156046006944444537e-01,4.150000000000000043e-03,3.659583333333333265e-03,0.000000000000000000e+00
2.156571180555555689e-01,4.150000000000000043e-03,3.609166666666666773e-03,0.000000000000000000e+00
2.157096354166666841e-01,4.150000000000000043e-03,3.558750000000000281e-03,0.000000000000000000e+00
2.157621527777777992e-01,4.150000000000000043e-03,3.508333333333333356e-03,0.000000000000000000e+00
2.158146701388889144e-01,4.150000000000000043e-03,3.457916666666666430e-03,0.000000000000000000e+00
2.158671875000000295e-01,4.150000000000000043e-03,3.407499999999999939e-03,0.000000000000000000e+00
2.159197048611111169e-01,4.150000000000000043e-03,3.357083333333333447e-03,0.000000000000000000e+00
2.159722222222222321e-01,4.150000000000000043e-03,3.306666666666666955e-03,0.000000000000000000e+00
2.160247395833333472e-01,4.150000000000000043e-03,3.256250000000000030e-03,0.000000000000000000e+00
2.160772569444444624e-01,4.150000000000000043e-03,3.205833333333333104e-03,0.000000000000000000e+00
2.161297743055555776e-01,4.150000000000000043e-03,3.155416666666666613e-03,0.000000000000000000e+00
2.161822916666666927e-01,4.150000000000000043e-03,3.105000000000000121e-03,0.000000000000000000e+00
2.162348090277778079e-01,4.150000000000000043e-03,3.054583333333333629e-03,0.000000000000000000e+00
2.162873263888888953e-01,4.150000000000000043e-03,3.004166666666666704e-03,0.000000000000000000e+00
2.163398437500000104e-01,4.150000000000000043e-03,2.953750000000000212e-03,0.000000000000000000e+00
2.163923611111111256e-01,4.150000000000000043e-03,2.903333333333333287e-03,0.000000000000000000e+00
2.164448784722222408e-01,4.150000000000000043e-03,2.852916666666666795e-03,0.000000000000000000e+00
2.164973958333333559e-01,4.150000000000000043e-03,2.802500000000000303e-03,0.000000000000000000e+00
2.165499131944444711e-01,4.150000000000000043e-03,2.752083333333333378e-03,0.000000000000000000e+00
2.166024305555555862e-01,4.150000000000000043e-03,2.701666666666666886e-03,0.000000000000000000e+00
2.166549479166666736e-01,4.150000000000000043e-03,2.651249999999999961e-03,0.000000000000000000e+00
2.167074652777777888e-01,4.150000000000000043e-03,2.600833333333333469e-03,0.000000000000000000e+00
2.167599826388889039e-01,4.150000000000000043e-03,2.550416666666666977e-03,0.000000000000000000e+00
2.168125000000000191e-01,4.150000000000000043e-03,2.500000000000000052e-03,0.000000000000000000e+00
2.168650173611111343e-01,4.150000000000000043e-03,2.449583333333333560e-03,0.000000000000000000e+00
2.169175347222222494e-01,4.150000000000000043e-03,2.399166666666666635e-03,0.000000000000000000e+00
2.169700520833333646e-01,4.150000000000000043e-03,2.348750000000000143e-03,0.000000000000000000e+00
2.170225694444444520e-01,4.150000000000000043e-03,2.298333333333333652e-03,0.000000000000000000e+00
2.170750868055555671e-01,4.150000000000000043e-03,2.247916666666666726e-03,0.000000000000000000e+00
2.171276041666666823e-01,4.150000000000000043e-03,2.197500000000000234e-03,0.000000000000000000e+00
2.171801215277777974e-01,4.150000000000000043e-03,2.147083333333333743e-03,0.000000000000000000e+00
2.172326388888889126e-01,4.150000000000000043e-03,2.096666666666666817e-03,0.000000000000000000e+00
2.172851562500000278e-01,4.150000000000000043e-03,2.046250000000000326e-03,0.000000000000000000e+00
2.173376736111111429e-01,4.150000000000000043e-03,1.995833333333333400e-03,0.000000000000000000e+00
2.173901909722222303e-01,4.150000000000000043e-03,1.945416666666666908e-03,0.000000000000000000e+00
2.174427083333333455e-01,4.150000000000000043e-03,1.895000000000000417e-03,0.000000000000000000e+00
2.174952256944444606e-01,4.150000000000000043e-03,1.844583333333333491e-03,0.000000000000000000e+00
2.175477430555555758e-01,4.150000000000000043e-03,1.794166666666667000e-03,0.000000000000000000e+00
2.176002604166666909e-01,4.150000000000000043e-03,1.743750000000000074e-03,0.000000000000000000e+00
2.176527777777778061e-01,4.150000000000000043e-03,1.693333333333333583e-03,0.000000000000000000e+00
2.177052951388889213e-01,4.150000000000000043e-03,1.642916666666667091e-03,0.000000000000000000e+00
2.177578125000000087e-01,4.150000000000000043e-03,1.592500000000000165e-03,0.000000000000000000e+00
2.178103298611111238e-01,4.150000000000000043e-03,1.542083333333333674e-03,0.000000000000000000e+00
2.178628472222222390e-01,4.150000000000000043e-03,1.491666666666666748e-03,0.000000000000000000e+00
2.179153645833333541e-01,4.150000000000000043e-03,1.441250000000000257e-03,0.000000000000000000e+00
2.179678819444444693e-01,4.150000000000000043e-03,1.390833333333333765e-03,0.000000000000000000e+00
2.180203993055555844e-01,4.150000000000000043e-03,1.340416666666666839e-03,0.000000000000000000e+00
2.180729166666666718e-01,4.150000000000000043e-03,1.290000000000000348e-03,0.000000000000000000e+00
2.181254340277777870e-01,4.150000000000000043e-03,1.239583333333333422e-03,0.000000000000000000e+00
2.181779513888889022e-01,4.150000000000000043e-03,1.189166666666666931e-03,0.000000000000000000e+00
2.182304687500000173e-01,4.150000000000000043e-03,1.138750000000000439e-03,0.000000000000000000e+00
2.182829861111111325e-01,4.150000000000000043e-03,1.088333333333333514e-03,0.000000000000000000e+00
2.183355034722222476e-01,4.150000000000000043e-03,1.037916666666667022e-03,0.000000000000000000e+00
2.183880208333333628e-01,4.150000000000000043e-03,9.875000000000005301e-04,0.000000000000000000e+00
2.184405381944444779e-01,4.150000000000000043e-03,9.370833333333340384e-04,0.000000000000000000e+00
2.184930555555555654e-01,4.150000000000000043e-03,8.866666666666666793e-04,0.000000000000000000e+00
2.185455729166666805e-01,4.150000000000000043e-03,8.362500000000001876e-04,0.000000000000000000e+00
2.185980902777777957e-01,4.150000000000000043e-03,7.858333333333336959e-04,0.000000000000000000e+00
2.186506076388889108e-01,4.150000000000000043e-03,7.354166666666672042e-04,0.000000000000000000e+00
2.187031250000000260e-01,4.150000000000000043e-03,6.850000000000007125e-04,0.000000000000000000e+00
2.187556423611111411e-01,4.150000000000000043e-03,6.345833333333333534e-04,0.000000000000000000e+00
2.188081597222222285e-01,4.150000000000000043e-03,5.841666666666668617e-04,0.000000000000000000e+00
2.188606770833333437e-01,4.150000000000000043e-03,5.337500000000003700e-04,0.000000000000000000e+00
2.189131944444444589e-01,4.150000000000000043e-03,4.833333333333338783e-04,0.000000000000000000e+00
2.189657118055555740e-01,4.150000000000000043e-03,4.329166666666673866e-04,0.000000000000000000e+00
2.190182291666666892e-01,4.150000000000000043e-03,3.825000000000000275e-04,0.000000000000000000e+00
2.190707465277778043e-01,4.150000000000000043e-03,3.320833333333335358e-04,0.000000000000000000e+00
2.191232638888889195e-01,4.150000000000000043e-03,2.816666666666670440e-04,0.000000000000000000e+00
2.191757812500000069e-01,4.150000000000000043e-03,2.312500000000005523e-04,0.000000000000000000e+00
2.192282986111111220e-01,4.150000000000000043e-03,1.808333333333340606e-04,0.000000000000000000e+00
2.192808159722222372e-01,4.150000000000000043e-03,1.304166666666667015e-04,0.000000000000000000e+00
2.193333333333333524e-01,4.150000000000000043e-03,8.000000000000000654e-05,0.000000000000000000e+00
2.200833333333333530e-01,4.259999999999999898e-03,8.000000000000000654e-05,0.000000000000000000e+00
2.201358506944444682e-01,4.259999999999999898e-03,1.304166666666666744e-04,0.000000000000000000e+00
2.201883680555555833e-01,4.259999999999999898e-03,1.808333333333333288e-04,0.000000000000000000e+00
2.202408854166666985e-01,4.259999999999999898e-03,2.312500000000000102e-04,0.000000000000000000e+00
2.202934027777777859e-01,4.259999999999999898e-03,2.816666666666666646e-04,0.000000000000000000e+00
2.203459201388889011e-01,4.259999999999999898e-03,3.320833333333333189e-04,0.000000000000000000e+00
2.203984375000000162e-01,4.259999999999999898e-03,3.824999999999999733e-04,0.000000000000000000e+00
2.204509548611111314e-01,4.259999999999999898e-03,4.329166666666666276e-04,0.000000000000000000e+00
2.205034722222222465e-01,4.259999999999999898e-03,4.833333333333332820e-04,0.000000000000000000e+00
2.205559895833333617e-01,4.259999999999999898e-03,5.337499999999999363e-04,0.000000000000000000e+00
2.206085069444444768e-01,4.259999999999999898e-03,5.841666666666666449e-04,0.000000000000000000e+00
2.206610243055555642e-01,4.259999999999999898e-03,6.345833333333332450e-04,0.000000000000000000e+00
2.207135416666666794e-01,4.259999999999999898e-03,6.849999999999999535e-04,0.000000000000000000e+00
2.207660590277777946e-01,4.259999999999999898e-03,7.354166666666665537e-04,0.000000000000000000e+00
2.208185763888889097e-01,4.259999999999999898e-03,7.858333333333332622e-04,0.000000000000000000e+00
2.208710937500000249e-01,4.259999999999999898e-03,8.362499999999998624e-04,0.000000000000000000e+00
2.209236111111111400e-01,4.259999999999999898e-03,8.866666666666665709e-04,0.000000000000000000e+00
2.209761284722222552e-01,4.259999999999999898e-03,9.370833333333332795e-04,0.000000000000000000e+00
2.210286458333333426e-01,4.259999999999999898e-03,9.874999999999998796e-04,0.000000000000000000e+00
2.210811631944444577e-01,4.259999999999999898e-03,1.037916666666666588e-03,0.000000000000000000e+00
2.211336805555555729e-01,4.259999999999999898e-03,1.088333333333333297e-03,0.000000000000000000e+00
2.211861979166666881e-01,4.259999999999999898e-03,1.138749999999999788e-03,0.000000000000000000e+00
2.212387152777778032e-01,4.259999999999999898e-03,1.189166666666666497e-03,0.000000000000000000e+00
2.212912326388889184e-01,4.259999999999999898e-03,1.239583333333333206e-03,0.000000000000000000e+00
2.213437500000000058e-01,4.259999999999999898e-03,1.289999999999999914e-03,0.000000000000000000e+00
2.213962673611111209e-01,4.259999999999999898e-03,1.340416666666666623e-03,0.000000000000000000e+00
2.214487847222222361e-01,4.259999999999999898e-03,1.390833333333333114e-03,0.000000000000000000e+00
2.215013020833333512e-01,4.259999999999999898e-03,1.441249999999999823e-03,0.000000000000000000e+00
2.215538194444444664e-01,4.259999999999999898e-03,1.491666666666666531e-03,0.000000000000000000e+00
2.216063368055555816e-01,4.259999999999999898e-03,1.542083333333333240e-03,0.000000000000000000e+00
2.216588541666666967e-01,4.259999999999999898e-03,1.592499999999999732e-03,0.000000000000000000e+00
2.217113715277777841e-01,4.259999999999999898e-03,1.642916666666666440e-03,0.000000000000000000e+00
2.217638888888888993e-01,4.259999999999999898e-03,1.693333333333333149e-03,0.000000000000000000e+00
2.218164062500000144e-01,4.259999999999999898e-03,1.743749999999999857e-03,0.000000000000000000e+00
2.218689236111111296e-01,4.259999999999999898e-03,1.794166666666666566e-03,0.000000000000000000e+00
2.219214409722222447e-01,4.259999999999999898e-03,1.844583333333333058e-03,0.000000000000000000e+00
2.219739583333333599e-01,4.259999999999999898e-03,1.894999999999999766e-03,0.000000000000000000e+00
2.220264756944444751e-01,4.259999999999999898e-03,1.945416666666666475e-03,0.000000000000000000e+00
2.220789930555555625e-01,4.259999999999999898e-03,1.995833333333333400e-03,0.000000000000000000e+00
2.221315104166666776e-01,4.259999999999999898e-03,2.046249999999999892e-03,0.000000000000000000e+00
2.221840277777777928e-01,4.259999999999999898e-03,2.096666666666666817e-03,0.000000000000000000e+00
2.222365451388889079e-01,4.259999999999999898e-03,2.147083333333333309e-03,0.000000000000000000e+00
2.222890625000000231e-01,4.259999999999999898e-03,2.197499999999999801e-03,0.000000000000000000e+00
2.223415798611111382e-01,4.259999999999999898e-03,2.247916666666666726e-03,0.000000000000000000e+00
2.223940972222222534e-01,4.259999999999999898e-03,2.298333333333333218e-03,0.000000000000000000e+00
2.224466145833333408e-01,4.259999999999999898e-03,2.348750000000000143e-03,0.000000000000000000e+00
2.224991319444444560e-01,4.259999999999999898e-03,2.399166666666666635e-03,0.000000000000000000e+00
2.225516493055555711e-01,4.259999999999999898e-03,2.449583333333333127e-03,0.000000000000000000e+00
2.226041666666666863e-01,4.259999999999999898e-03,2.500000000000000052e-03,0.000000000000000000e+00
2.226566840277778014e-01,4.259999999999999898e-03,2.550416666666666544e-03,0.000000000000000000e+00
2.227092013888889166e-01,4.259999999999999898e-03,2.600833333333333469e-03,0.000000000000000000e+00
2.227617187500000318e-01,4.259999999999999898e-03,2.651249999999999961e-03,0.000000000000000000e+00
2.228142361111111192e-01,4.259999999999999898e-03,2.701666666666666453e-03,0.000000000000000000e+00
2.228667534722222343e-01,4.259999999999999898e-03,2.752083333333333378e-03,0.000000000000000000e+00
2.229192708333333495e-01,4.259999999999999898e-03,2.802499999999999870e-03,0.000000000000000000e+00
2.229717881944444646e-01,4.259999999999999898e-03,2.852916666666666361e-03,0.000000000000000000e+00
2.230243055555555798e-01,4.259999999999999898e-03,2.903333333333333287e-03,0.000000000000000000e+00
2.230768229166666949e-01,4.259999999999999898e-03,2.953749999999999779e-03,0.000000000000000000e+00
2.231293402777778101e-01,4.259999999999999898e-03,3.004166666666666704e-03,0.000000000000000000e+00
2.231818576388888975e-01,4.259999999999999898e-03,3.054583333333333196e-03,0.000000000000000000e+00
2.232343750000000127e-01,4.259999999999999898e-03,3.104999999999999687e-03,0.000000000000000000e+00
2.232868923611111278e-01,4.259999999999999898e-03,3.155416666666666613e-03,0.000000000000000000e+00
2.233394097222222430e-01,4.259999999999999898e-03,3.205833333333333104e-03,0.000000000000000000e+00
2.233919270833333581e-01,4.259999999999999898e-03,3.256250000000000030e-03,0.000000000000000000e+00
2.234444444444444733e-01,4.259999999999999898e-03,3.306666666666666522e-03,0.000000000000000000e+00
2.234969618055555884e-01,4.259999999999999898e-03,3.357083333333333013e-03,0.000000000000000000e+00
2.235494791666666758e-01,4.259999999999999898e-03,3.407499999999999939e-03,0.000000000000000000e+00
2.236019965277777910e-01,4.259999999999999898e-03,3.457916666666666430e-03,0.000000000000000000e+00
2.236545138888889062e-01,4.259999999999999898e-03,3.508333333333333356e-03,0.000000000000000000e+00
2.237070312500000213e-01,4.259999999999999898e-03,3.558749999999999847e-03,0.000000000000000000e+00
2.237595486111111365e-01,4.259999999999999898e-03,3.609166666666666339e-03,0.000000000000000000e+00
2.238120659722222516e-01,4.259999999999999898e-03,3.659583333333333265e-03,0.000000000000000000e+00
2.238645833333333668e-01,4.259999999999999898e-03,3.709999999999999756e-03,0.000000000000000000e+00
2.239171006944444542e-01,4.259999999999999898e-03,3.760416666666666682e-03,0.000000000000000000e+00
2.239696180555555693e-01,4.259999999999999898e-03,3.810833333333333173e-03,0.000000000000000000e+00
2.240221354166666845e-01,4.259999999999999898e-03,3.861249999999999665e-03,0.000000000000000000e+00
2.240746527777777997e-01,4.259999999999999898e-03,3.911666666666666591e-03,0.000000000000000000e+00
2.241271701388889148e-01,4.259999999999999898e-03,3.962083333333333082e-03,0.000000000000000000e+00
2.241796875000000300e-01,4.259999999999999898e-03,4.012499999999999574e-03,0.000000000000000000e+00
2.242322048611111174e-01,4.259999999999999898e-03,4.062916666666666066e-03,0.000000000000000000e+00
2.242847222222222325e-01,4.259999999999999898e-03,4.113333333333333425e-03,0.000000000000000000e+00
2.243372395833333477e-01,4.259999999999999898e-03,4.163749999999999916e-03,0.000000000000000000e+00
2.243897569444444628e-01,4.259999999999999898e-03,4.214166666666666408e-03,0.000000000000000000e+00
2.244422743055555780e-01,4.259999999999999898e-03,4.264583333333332900e-03,0.000000000000000000e+00
2.244947916666666932e-01,4.259999999999999898e-03,4.314999999999999392e-03,0.000000000000000000e+00
2.245473090277778083e-01,4.259999999999999898e-03,4.365416666666666751e-03,0.000000000000000000e+00
2.245998263888888957e-01,4.259999999999999898e-03,4.415833333333333242e-03,0.000000000000000000e+00
2.246523437500000109e-01,4.259999999999999898e-03,4.466249999999999734e-03,0.000000000000000000e+00
2.247048611111111260e-01,4.259999999999999898e-03,4.516666666666666226e-03,0.000000000000000000e+00
2.247573784722222412e-01,4.259999999999999898e-03,4.567083333333332718e-03,0.000000000000000000e+00
2.248098958333333564e-01,4.259999999999999898e-03,4.617500000000000077e-03,0.000000000000000000e+00
2.248624131944444715e-01,4.259999999999999898e-03,4.667916666666666568e-03,0.000000000000000000e+00
2.249149305555555867e-01,4.259999999999999898e-03,4.718333333333333060e-03,0.000000000000000000e+00
2.249674479166666741e-01,4.259999999999999898e-03,4.768749999999999552e-03,0.000000000000000000e+00
2.250199652777777892e-01,4.259999999999999898e-03,4.819166666666666043e-03,0.000000000000000000e+00
2.250724826388889044e-01,4.259999999999999898e-03,4.869583333333333403e-03,0.000000000000000000e+00
2.251250000000000195e-01,4.259999999999999898e-03,4.919999999999999894e-03,0.000000000000000000e+00
2.258750000000000202e-01,4.369999999999999753e-03,4.919999999999999894e-03,0.000000000000000000e+00
2.259275173611111354e-01,4.369999999999999753e-03,4.869583333333333403e-03,0.000000000000000000e+00
2.259800347222222505e-01,4.369999999999999753e-03,4.819166666666666911e-03,0.000000000000000000e+00
2.260325520833333657e-01,4.369999999999999753e-03,4.768749999999999552e-03,0.000000000000000000e+00
2.260850694444444531e-01,4.369999999999999753e-03,4.718333333333333060e-03,0.000000000000000000e+00
2.261375868055555682e-01,4.369999999999999753e-03,4.667916666666666568e-03,0.000000000000000000e+00
2.261901041666666834e-01,4.369999999999999753e-03,4.617500000000000077e-03,0.000000000000000000e+00
2.262426215277777986e-01,4.369999999999999753e-03,4.567083333333333585e-03,0.000000000000000000e+00
2.262951388888889137e-01,4.369999999999999753e-03,4.516666666666666226e-03,0.000000000000000000e+00
2.263476562500000289e-01,4.369999999999999753e-03,4.466249999999999734e-03,0.000000000000000000e+00
2.264001736111111440e-01,4.369999999999999753e-03,4.415833333333333242e-03,0.000000000000000000e+00
2.264526909722222314e-01,4.369999999999999753e-03,4.365416666666666751e-03,0.000000000000000000e+00
2.265052083333333466e-01,4.369999999999999753e-03,4.315000000000000259e-03,0.000000000000000000e+00
2.265577256944444617e-01,4.369999999999999753e-03,4.264583333333333767e-03,0.000000000000000000e+00
2.266102430555555769e-01,4.369999999999999753e-03,4.214166666666666408e-03,0.000000000000000000e+00
2.266627604166666921e-01,4.369999999999999753e-03,4.163749999999999916e-03,0.000000000000000000e+00
2.267152777777778072e-01,4.369999999999999753e-03,4.113333333333333425e-03,0.000000000000000000e+00
2.267677951388889224e-01,4.369999999999999753e-03,4.062916666666666933e-03,0.000000000000000000e+00
2.268203125000000098e-01,4.369999999999999753e-03,4.012500000000000441e-03,0.000000000000000000e+00
2.268728298611111249e-01,4.369999999999999753e-03,3.962083333333333082e-03,0.000000000000000000e+00
2.269253472222222401e-01,4.369999999999999753e-03,3.911666666666666591e-03,0.000000000000000000e+00
2.269778645833333552e-01,4.369999999999999753e-03,3.861250000000000099e-03,0.000000000000000000e+00
2.270303819444444704e-01,4.369999999999999753e-03,3.810833333333333607e-03,0.000000000000000000e+00
2.270828993055555856e-01,4.369999999999999753e-03,3.760416666666666682e-03,0.000000000000000000e+00
2.271354166666667007e-01,4.369999999999999753e-03,3.709999999999999756e-03,0.000000000000000000e+00
2.271879340277777881e-01,4.369999999999999753e-03,3.659583333333333265e-03,0.000000000000000000e+00
2.272404513888889033e-01,4.369999999999999753e-03,3.609166666666666773e-03,0.000000000000000000e+00
2.272929687500000184e-01,4.369999999999999753e-03,3.558750000000000281e-03,0.000000000000000000e+00
2.273454861111111336e-01,4.369999999999999753e-03,3.508333333333333356e-03,0.000000000000000000e+00
2.273980034722222487e-01,4.369999999999999753e-03,3.457916666666666430e-03,0.000000000000000000e+00
2.274505208333333639e-01,4.369999999999999753e-03,3.407499999999999939e-03,0.000000000000000000e+00
2.275030381944444513e-01,4.369999999999999753e-03,3.357083333333333447e-03,0.000000000000000000e+00
2.275555555555555665e-01,4.369999999999999753e-03,3.306666666666666955e-03,0.000000000000000000e+00
2.276080729166666816e-01,4.369999999999999753e-03,3.256250000000000030e-03,0.000000000000000000e+00
2.276605902777777968e-01,4.369999999999999753e-03,3.205833333333333104e-03,0.000000000000000000e+00
2.277131076388889119e-01,4.369999999999999753e-03,3.155416666666666613e-03,0.000000000000000000e+00
2.277656250000000271e-01,4.369999999999999753e-03,3.105000000000000121e-03,0.000000000000000000e+00
2.278181423611111422e-01,4.369999999999999753e-03,3.054583333333333629e-03,0.000000000000000000e+00
2.278706597222222296e-01,4.369999999999999753e-03,3.004166666666666704e-03,0.000000000000000000e+00
2.279231770833333448e-01,4.369999999999999753e-03,2.953750000000000212e-03,0.000000000000000000e+00
2.279756944444444600e-01,4.369999999999999753e-03,2.903333333333333287e-03,0.000000000000000000e+00
2.280282118055555751e-01,4.369999999999999753e-03,2.852916666666666795e-03,0.000000000000000000e+00
2.280807291666666903e-01,4.369999999999999753e-03,2.802500000000000303e-03,0.000000000000000000e+00
2.281332465277778054e-01,4.369999999999999753e-03,2.752083333333333378e-03,0.000000000000000000e+00
2.281857638888889206e-01,4.369999999999999753e-03,2.701666666666666886e-03,0.000000000000000000e+00
2.282382812500000080e-01,4.369999999999999753e-03,2.651249999999999961e-03,0.000000000000000000e+00
2.282907986111111232e-01,4.369999999999999753e-03,2.600833333333333469e-03,0.000000000000000000e+00
2.283433159722222383e-01,4.369999999999999753e-03,2.550416666666666977e-03,0.000000000000000000e+00
2.283958333333333535e-01,4.369999999999999753e-03,2.500000000000000052e-03,0.000000000000000000e+00
2.284483506944444686e-01,4.369999999999999753e-03,2.449583333333333560e-03,0.000000000000000000e+00
2.285008680555555838e-01,4.369999999999999753e-03,2.399166666666666635e-03,0.000000000000000000e+00
2.285533854166666989e-01,4.369999999999999753e-03,2.348750000000000143e-03,0.000000000000000000e+00
2.286059027777777863e-01,4.369999999999999753e-03,2.298333333333333652e-03,0.000000000000000000e+00
2.286584201388889015e-01,4.369999999999999753e-03,2.247916666666666726e-03,0.000000000000000000e+00
2.287109375000000167e-01,4.369999999999999753e-03,2.197500000000000234e-03,0.000000000000000000e+00
2.287634548611111318e-01,4.369999999999999753e-03,2.147083333333333743e-03,0.000000000000000000e+00
2.288159722222222470e-01,4.369999999999999753e-03,2.096666666666666817e-03,0.000000000000000000e+00
2.288684895833333621e-01,4.369999999999999753e-03,2.046250000000000326e-03,0.000000000000000000e+00
2.289210069444444773e-01,4.369999999999999753e-03,1.995833333333333400e-03,0.000000000000000000e+00
2.289735243055555647e-01,4.369999999999999753e-03,1.945416666666666908e-03,0.000000000000000000e+00
2.290260416666666798e-01,4.369999999999999753e-03,1.895000000000000417e-03,0.000000000000000000e+00
2.290785590277777950e-01,4.369999999999999753e-03,1.844583333333333491e-03,0.000000000000000000e+00
2.291310763888889102e-01,4.369999999999999753e-03,1.794166666666667000e-03,0.000000000000000000e+00
2.291835937500000253e-01,4.369999999999999753e-03,1.743750000000000074e-03,0.000000000000000000e+00
2.292361111111111405e-01,4.369999999999999753e-03,1.693333333333333583e-03,0.000000000000000000e+00
2.292886284722222556e-01,4.369999999999999753e-03,1.642916666666667091e-03,0.000000000000000000e+00
2.293411458333333430e-01,4.369999999999999753e-03,1.592500000000000165e-03,0.000000000000000000e+00
2.293936631944444582e-01,4.369999999999999753e-03,1.542083333333333674e-03,0.000000000000000000e+00
2.294461805555555733e-01,4.369999999999999753e-03,1.491666666666666748e-03,0.000000000000000000e+00
2.294986979166666885e-01,4.369999999999999753e-03,1.441250000000000257e-03,0.000000000000000000e+00
2.295512152777778037e-01,4.369999999999999753e-03,1.390833333333333765e-03,0.000000000000000000e+00
2.296037326388889188e-01,4.369999999999999753e-03,1.340416666666666839e-03,0.000000000000000000e+00
2.296562500000000062e-01,4.369999999999999753e-03,1.290000000000000348e-03,0.000000000000000000e+00
2.297087673611111214e-01,4.369999999999999753e-03,1.239583333333333422e-03,0.000000000000000000e+00
2.297612847222222365e-01,4.369999999999999753e-03,1.189166666666666931e-03,0.000000000000000000e+00
2.298138020833333517e-01,4.369999999999999753e-03,1.138750000000000439e-03,0.000000000000000000e+00
2.298663194444444668e-01,4.369999999999999753e-03,1.088333333333333514e-03,0.000000000000000000e+00
2.299188368055555820e-01,4.369999999999999753e-03,1.037916666666667022e-03,0.000000000000000000e+00
2.299713541666666972e-01,4.369999999999999753e-03,9.875000000000005301e-04,0.000000000000000000e+00
2.300238715277778123e-01,4.369999999999999753e-03,9.370833333333340384e-04,0.000000000000000000e+00
2.300763888888888997e-01,4.369999999999999753e-03,8.866666666666666793e-04,0.000000000000000000e+00
2.301289062500000149e-01,4.369999999999999753e-03,8.362500000000001876e-04,0.000000000000000000e+00
2.301814236111111300e-01,4.369999999999999753e-03,7.858333333333336959e-04,0.000000000000000000e+00
2.302339409722222452e-01,4.369999999999999753e-03,7.354166666666672042e-04,0.000000000000000000e+00
2.302864583333333603e-01,4.369999999999999753e-03,6.850000000000007125e-04,0.000000000000000000e+00
2.303389756944444755e-01,4.369999999999999753e-03,6.345833333333333534e-04,0.000000000000000000e+00
2.303914930555555629e-01,4.369999999999999753e-03,5.841666666666668617e-04,0.000000000000000000e+00
2.304440104166666781e-01,4.369999999999999753e-03,5.337500000000003700e-04,0.000000000000000000e+00
2.304965277777777932e-01,4.369999999999999753e-03,4.833333333333338783e-04,0.000000000000000000e+00
2.305490451388889084e-01,4.369999999999999753e-03,4.329166666666673866e-04,0.000000000000000000e+00
2.306015625000000235e-01,4.369999999999999753e-03,3.825000000000000275e-04,0.000000000000000000e+00
2.306540798611111387e-01,4.369999999999999753e-03,3.320833333333335358e-04,0.000000000000000000e+00
2.307065972222222539e-01,4.369999999999999753e-03,2.816666666666670440e-04,0.000000000000000000e+00
2.307591145833333413e-01,4.369999999999999753e-03,2.312500000000005523e-04,0.000000000000000000e+00
2.308116319444444564e-01,4.369999999999999753e-03,1.808333333333340606e-04,0.000000000000000000e+00
2.308641493055555716e-01,4.369999999999999753e-03,1.304166666666667015e-04,0.000000000000000000e+00
2.309166666666666867e-01,4.369999999999999753e-03,8.000000000000000654e-05,0.000000000000000000e+00
2.316666666666666874e-01,4.479999999999999608e-03,8.000000000000000654e-05,0.000000000000000000e+00
2.317191840277778025e-01,4.479999999999999608e-03,1.304166666666666744e-04,0.000000000000000000e+00
2.317717013888889177e-01,4.479999999999999608e-03,1.808333333333333288e-04,0.000000000000000000e+00
2.318242187500000329e-01,4.479999999999999608e-03,2.312500000000000102e-04,0.000000000000000000e+00
2.318767361111111203e-01,4.479999999999999608e-03,2.816666666666666646e-04,0.000000000000000000e+00
2.319292534722222354e-01,4.479999999999999608e-03,3.320833333333333189e-04,0.000000000000000000e+00
2.319817708333333506e-01,4.479999999999999608e-03,3.824999999999999733e-04,0.000000000000000000e+00
2.320342881944444657e-01,4.479999999999999608e-03,4.329166666666666276e-04,0.000000000000000000e+00
2.320868055555555809e-01,4.479999999999999608e-03,4.833333333333332820e-04,0.000000000000000000e+00
2.321393229166666961e-01,4.479999999999999608e-03,5.337499999999999363e-04,0.000000000000000000e+00
2.321918402777778112e-01,4.479999999999999608e-03,5.841666666666666449e-04,0.000000000000000000e+00
2.322443576388888986e-01,4.479999999999999608e-03,6.345833333333332450e-04,0.000000000000000000e+00
2.322968750000000138e-01,4.479999999999999608e-03,6.849999999999999535e-04,0.000000000000000000e+00
2.323493923611111289e-01,4.479999999999999608e-03,7.354166666666665537e-04,0.000000000000000000e+00
2.324019097222222441e-01,4.479999999999999608e-03,7.858333333333332622e-04,0.000000000000000000e+00
2.324544270833333592e-01,4.479999999999999608e-03,8.362499999999998624e-04,0.000000000000000000e+00
2.325069444444444744e-01,4.479999999999999608e-03,8.866666666666665709e-04,0.000000000000000000e+00
2.325594618055555896e-01,4.479999999999999608e-03,9.370833333333332795e-04,0.000000000000000000e+00
2.326119791666666770e-01,4.479999999999999608e-03,9.874999999999998796e-04,0.000000000000000000e+00
2.326644965277777921e-01,4.479999999999999608e-03,1.037916666666666588e-03,0.000000000000000000e+00
2.327170138888889073e-01,4.479999999999999608e-03,1.088333333333333297e-03,0.000000000000000000e+00
2.327695312500000224e-01,4.479999999999999608e-03,1.138749999999999788e-03,0.000000000000000000e+00
2.328220486111111376e-01,4.479999999999999608e-03,1.189166666666666497e-03,0.000000000000000000e+00
2.328745659722222527e-01,4.479999999999999608e-03,1.239583333333333206e-03,0.000000000000000000e+00
2.329270833333333401e-01,4.479999999999999608e-03,1.289999999999999914e-03,0.000000000000000000e+00
2.329796006944444553e-01,4.479999999999999608e-03,1.340416666666666623e-03,0.000000000000000000e+00
2.330321180555555705e-01,4.479999999999999608e-03,1.390833333333333114e-03,0.000000000000000000e+00
2.330846354166666856e-01,4.479999999999999608e-03,1.441249999999999823e-03,0.000000000000000000e+00
2.331371527777778008e-01,4.479999999999999608e-03,1.491666666666666531e-03,0.000000000000000000e+00
2.331896701388889159e-01,4.479999999999999608e-03,1.542083333333333240e-03,0.000000000000000000e+00
2.332421875000000311e-01,4.479999999999999608e-03,1.592499999999999732e-03,0.000000000000000000e+00
2.332947048611111185e-01,4.479999999999999608e-03,1.642916666666666440e-03,0.000000000000000000e+00
2.333472222222222336e-01,4.479999999999999608e-03,1.693333333333333149e-03,0.000000000000000000e+00
2.333997395833333488e-01,4.479999999999999608e-03,1.743749999999999857e-03,0.000000000000000000e+00
2.334522569444444640e-01,4.479999999999999608e-03,1.794166666666666566e-03,0.000000000000000000e+00
2.335047743055555791e-01,4.479999999999999608e-03,1.844583333333333058e-03,0.000000000000000000e+00
2.335572916666666943e-01,4.479999999999999608e-03,1.894999999999999766e-03,0.000000000000000000e+00
2.336098090277778094e-01,4.479999999999999608e-03,1.945416666666666475e-03,0.000000000000000000e+00
2.336623263888888968e-01,4.479999999999999608e-03,1.995833333333333400e-03,0.000000000000000000e+00
2.337148437500000120e-01,4.479999999999999608e-03,2.046249999999999892e-03,0.000000000000000000e+00
2.337673611111111271e-01,4.479999999999999608e-03,2.096666666666666817e-03,0.000000000000000000e+00
2.338198784722222423e-01,4.479999999999999608e-03,2.147083333333333309e-03,0.000000000000000000e+00
2.338723958333333575e-01,4.479999999999999608e-03,2.197499999999999801e-03,0.000000000000000000e+00
2.339249131944444726e-01,4.479999999999999608e-03,2.247916666666666726e-03,0.000000000000000000e+00
2.339774305555555878e-01,4.479999999999999608e-03,2.298333333333333218e-03,0.000000000000000000e+00
2.340299479166666752e-01,4.479999999999999608e-03,2.348750000000000143e-03,0.000000000000000000e+00
2.340824652777777903e-01,4.479999999999999608e-03,2.399166666666666635e-03,0.000000000000000000e+00
2.341349826388889055e-01,4.479999999999999608e-03,2.449583333333333127e-03,0.000000000000000000e+00
2.341875000000000207e-01,4.479999999999999608e-03,2.500000000000000052e-03,0.000000000000000000e+00
2.342400173611111358e-01,4.479999999999999608e-03,2.550416666666666544e-03,0.000000000000000000e+00
2.342925347222222510e-01,4.479999999999999608e-03,2.600833333333333469e-03,0.000000000000000000e+00
2.343450520833333661e-01,4.479999999999999608e-03,2.651249999999999961e-03,0.000000000000000000e+00
2.343975694444444535e-01,4.479999999999999608e-03,2.701666666666666453e-03,0.000000000000000000e+00
2.344500868055555687e-01,4.479999999999999608e-03,2.752083333333333378e-03,0.000000000000000000e+00
2.345026041666666838e-01,4.479999999999999608e-03,2.802499999999999870e-03,0.000000000000000000e+00
2.345551215277777990e-01,4.479999999999999608e-03,2.852916666666666361e-03,0.000000000000000000e+00
2.346076388888889142e-01,4.479999999999999608e-03,2.903333333333333287e-03,0.000000000000000000e+00
2.346601562500000293e-01,4.479999999999999608e-03,2.953749999999999779e-03,0.000000000000000000e+00
2.347126736111111445e-01,4.479999999999999608e-03,3.004166666666666704e-03,0.000000000000000000e+00
2.347651909722222319e-01,4.479999999999999608e-03,3.054583333333333196e-03,0.000000000000000000e+00
2.348177083333333470e-01,4.479999999999999608e-03,3.104999999999999687e-03,0.000000000000000000e+00
2.348702256944444622e-01,4.479999999999999608e-03,3.155416666666666613e-03,0.000000000000000000e+00
2.349227430555555773e-01,4.479999999999999608e-03,3.205833333333333104e-03,0.000000000000000000e+00
2.349752604166666925e-01,4.479999999999999608e-03,3.256250000000000030e-03,0.000000000000000000e+00
2.350277777777778077e-01,4.479999999999999608e-03,3.306666666666666522e-03,0.000000000000000000e+00
2.350802951388889228e-01,4.479999999999999608e-03,3.357083333333333013e-03,0.000000000000000000e+00
2.351328125000000102e-01,4.479999999999999608e-03,3.407499999999999939e-03,0.000000000000000000e+00
2.351853298611111254e-01,4.479999999999999608e-03,3.457916666666666430e-03,0.000000000000000000e+00
2.352378472222222405e-01,4.479999999999999608e-03,3.508333333333333356e-03,0.000000000000000000e+00
2.352903645833333557e-01,4.479999999999999608e-03,3.558749999999999847e-03,0.000000000000000000e+00
2.353428819444444708e-01,4.479999999999999608e-03,3.609166666666666339e-03,0.000000000000000000e+00
2.353953993055555860e-01,4.479999999999999608e-03,3.659583333333333265e-03,0.000000000000000000e+00
2.354479166666667012e-01,4.479999999999999608e-03,3.709999999999999756e-03,0.000000000000000000e+00
2.355004340277777886e-01,4.479999999999999608e-03,3.760416666666666682e-03,0.000000000000000000e+00
2.355529513888889037e-01,4.479999999999999608e-03,3.810833333333333173e-03,0.000000000000000000e+00
2.356054687500000189e-01,4.479999999999999608e-03,3.861249999999999665e-03,0.000000000000000000e+00
2.356579861111111340e-01,4.479999999999999608e-03,3.911666666666666591e-03,0.000000000000000000e+00
2.357105034722222492e-01,4.479999999999999608e-03,3.962083333333333082e-03,0.000000000000000000e+00
2.357630208333333643e-01,4.479999999999999608e-03,4.012499999999999574e-03,0.000000000000000000e+00
2.358155381944444517e-01,4.479999999999999608e-03,4.062916666666666066e-03,0.000000000000000000e+00
2.358680555555555669e-01,4.479999999999999608e-03,4.113333333333333425e-03,0.000000000000000000e+00
2.359205729166666821e-01,4.479999999999999608e-03,4.163749999999999916e-03,0.000000000000000000e+00
2.359730902777777972e-01,4.479999999999999608e-03,4.214166666666666408e-03,0.000000000000000000e+00
2.360256076388889124e-01,4.479999999999999608e-03,4.264583333333332900e-03,0.000000000000000000e+00
2.360781250000000275e-01,4.479999999999999608e-03,4.314999999999999392e-03,0.000000000000000000e+00
2.361306423611111427e-01,4.479999999999999608e-03,4.365416666666666751e-03,0.000000000000000000e+00
2.361831597222222301e-01,4.479999999999999608e-03,4.415833333333333242e-03,0.000000000000000000e+00
2.362356770833333452e-01,4.479999999999999608e-03,4.466249999999999734e-03,0.000000000000000000e+00
2.362881944444444604e-01,4.479999999999999608e-03,4.516666666666666226e-03,0.000000000000000000e+00
2.363407118055555756e-01,4.479999999999999608e-03,4.567083333333332718e-03,0.000000000000000000e+00
2.363932291666666907e-01,4.479999999999999608e-03,4.617500000000000077e-03,0.000000000000000000e+00
2.364457465277778059e-01,4.479999999999999608e-03,4.667916666666666568e-03,0.000000000000000000e+00
2.364982638888889210e-01,4.479999999999999608e-03,4.718333333333333060e-03,0.000000000000000000e+00
2.365507812500000084e-01,4.479999999999999608e-03,4.768749999999999552e-03,0.000000000000000000e+00
2.366032986111111236e-01,4.479999999999999608e-03,4.819166666666666043e-03,0.000000000000000000e+00
2.366558159722222388e-01,4.479999999999999608e-03,4.869583333333333403e-03,0.000000000000000000e+00
2.367083333333333539e-01,4.479999999999999608e-03,4.919999999999999894e-03,0.000000000000000000e+00
2.374583333333333546e-01,4.589999999999999462e-03,4.919999999999999894e-03,0.000000000000000000e+00
2.375108506944444697e-01,4.589999999999999462e-03,4.869583333333333403e-03,0.000000000000000000e+00
2.375633680555555849e-01,4.589999999999999462e-03,4.819166666666666911e-03,0.000000000000000000e+00
2.376158854166667000e-01,4.589999999999999462e-03,4.768749999999999552e-03,0.000000000000000000e+00
2.376684027777777874e-01,4.589999999999999462e-03,4.718333333333333060e-03,0.000000000000000000e+00
2.377209201388889026e-01,4.589999999999999462e-03,4.667916666666666568e-03,0.000000000000000000e+00
2.377734375000000178e-01,4.589999999999999462e-03,4.617500000000000077e-03,0.000000000000000000e+00
2.378259548611111329e-01,4.589999999999999462e-03,4.567083333333333585e-03,0.000000000000000000e+00
2.378784722222222481e-01,4.589999999999999462e-03,4.516666666666666226e-03,0.000000000000000000e+00
2.379309895833333632e-01,4.589999999999999462e-03,4.466249999999999734e-03,0.000000000000000000e+00
2.379835069444444784e-01,4.589999999999999462e-03,4.415833333333333242e-03,0.000000000000000000e+00
2.380360243055555658e-01,4.589999999999999462e-03,4.365416666666666751e-03,0.000000000000000000e+00
2.380885416666666810e-01,4.589999999999999462e-03,4.315000000000000259e-03,0.000000000000000000e+00
2.381410590277777961e-01,4.589999999999999462e-03,4.264583333333333767e-03,0.000000000000000000e+00
2.381935763888889113e-01,4.589999999999999462e-03,4.214166666666666408e-03,0.000000000000000000e+00
2.382460937500000264e-01,4.589999999999999462e-03,4.163749999999999916e-03,0.000000000000000000e+00
2.382986111111111416e-01,4.589999999999999462e-03,4.113333333333333425e-03,0.000000000000000000e+00
2.383511284722222567e-01,4.589999999999999462e-03,4.062916666666666933e-03,0.000000000000000000e+00
2.384036458333333441e-01,4.589999999999999462e-03,4.012500000000000441e-03,0.000000000000000000e+00
2.384561631944444593e-01,4.589999999999999462e-03,3.962083333333333082e-03,0.000000000000000000e+00
2.385086805555555745e-01,4.589999999999999462e-03,3.911666666666666591e-03,0.000000000000000000e+00
2.385611979166666896e-01,4.589999999999999462e-03,3.861250000000000099e-03,0.000000000000000000e+00
2.386137152777778048e-01,4.589999999999999462e-03,3.810833333333333607e-03,0.000000000000000000e+00
2.386662326388889199e-01,4.589999999999999462e-03,3.760416666666666682e-03,0.000000000000000000e+00
2.387187500000000351e-01,4.589999999999999462e-03,3.709999999999999756e-03,0.000000000000000000e+00
2.387712673611111225e-01,4.589999999999999462e-03,3.659583333333333265e-03,0.000000000000000000e+00
2.388237847222222376e-01,4.589999999999999462e-03,3.609166666666666773e-03,0.000000000000000000e+00
2.388763020833333528e-01,4.589999999999999462e-03,3.558750000000000281e-03,0.000000000000000000e+00
2.389288194444444680e-01,4.589999999999999462e-03,3.508333333333333356e-03,0.000000000000000000e+00
2.389813368055555831e-01,4.589999999999999462e-03,3.457916666666666430e-03,0.000000000000000000e+00
2.390338541666666983e-01,4.589999999999999462e-03,3.407499999999999939e-03,0.000000000000000000e+00
2.390863715277777857e-01,4.589999999999999462e-03,3.357083333333333447e-03,0.000000000000000000e+00
2.391388888888889008e-01,4.589999999999999462e-03,3.306666666666666955e-03,0.000000000000000000e+00
2.391914062500000160e-01,4.589999999999999462e-03,3.256250000000000030e-03,0.000000000000000000e+00
2.392439236111111311e-01,4.589999999999999462e-03,3.205833333333333104e-03,0.000000000000000000e+00
2.392964409722222463e-01,4.589999999999999462e-03,3.155416666666666613e-03,0.000000000000000000e+00
2.393489583333333615e-01,4.589999999999999462e-03,3.105000000000000121e-03,0.000000000000000000e+00
2.394014756944444766e-01,4.589999999999999462e-03,3.054583333333333629e-03,0.000000000000000000e+00
2.394539930555555640e-01,4.589999999999999462e-03,3.004166666666666704e-03,0.000000000000000000e+00
2.395065104166666792e-01,4.589999999999999462e-03,2.953750000000000212e-03,0.000000000000000000e+00
2.395590277777777943e-01,4.589999999999999462e-03,2.903333333333333287e-03,0.000000000000000000e+00
2.396115451388889095e-01,4.589999999999999462e-03,2.852916666666666795e-03,0.000000000000000000e+00
2.396640625000000246e-01,4.589999999999999462e-03,2.802500000000000303e-03,0.000000000000000000e+00
2.397165798611111398e-01,4.589999999999999462e-03,2.752083333333333378e-03,0.000000000000000000e+00
2.397690972222222550e-01,4.589999999999999462e-03,2.701666666666666886e-03,0.000000000000000000e+00
2.398216145833333424e-01,4.589999999999999462e-03,2.651249999999999961e-03,0.000000000000000000e+00
2.398741319444444575e-01,4.589999999999999462e-03,2.600833333333333469e-03,0.000000000000000000e+00
2.399266493055555727e-01,4.589999999999999462e-03,2.550416666666666977e-03,0.000000000000000000e+00
2.399791666666666878e-01,4.589999999999999462e-03,2.500000000000000052e-03,0.000000000000000000e+00
2.400316840277778030e-01,4.589999999999999462e-03,2.449583333333333560e-03,0.000000000000000000e+00
2.400842013888889181e-01,4.589999999999999462e-03,2.399166666666666635e-03,0.000000000000000000e+00
2.401367187500000333e-01,4.589999999999999462e-03,2.348750000000000143e-03,0.000000000000000000e+00
2.401892361111111207e-01,4.589999999999999462e-03,2.298333333333333652e-03,0.000000000000000000e+00
2.402417534722222359e-01,4.589999999999999462e-03,2.247916666666666726e-03,0.000000000000000000e+00
2.402942708333333510e-01,4.589999999999999462e-03,2.197500000000000234e-03,0.000000000000000000e+00
2.403467881944444662e-01,4.589999999999999462e-03,2.147083333333333743e-03,0.000000000000000000e+00
2.403993055555555813e-01,4.589999999999999462e-03,2.096666666666666817e-03,0.000000000000000000e+00
2.404518229166666965e-01,4.589999999999999462e-03,2.046250000000000326e-03,0.000000000000000000e+00
2.405043402777778117e-01,4.589999999999999462e-03,1.995833333333333400e-03,0.000000000000000000e+00
2.405568576388888991e-01,4.589999999999999462e-03,1.945416666666666908e-03,0.000000000000000000e+00
2.406093750000000142e-01,4.589999999999999462e-03,1.895000000000000417e-03,0.000000000000000000e+00
2.406618923611111294e-01,4.589999999999999462e-03,1.844583333333333491e-03,0.000000000000000000e+00
2.407144097222222445e-01,4.589999999999999462e-03,1.794166666666667000e-03,0.000000000000000000e+00
2.407669270833333597e-01,4.589999999999999462e-03,1.743750000000000074e-03,0.000000000000000000e+00
2.408194444444444748e-01,4.589999999999999462e-03,1.693333333333333583e-03,0.000000000000000000e+00
2.408719618055555900e-01,4.589999999999999462e-03,1.642916666666667091e-03,0.000000000000000000e+00
2.409244791666666774e-01,4.589999999999999462e-03,1.592500000000000165e-03,0.000000000000000000e+00
2.409769965277777926e-01,4.589999999999999462e-03,1.542083333333333674e-03,0.000000000000000000e+00
2.410295138888889077e-01,4.589999999999999462e-03,1.491666666666666748e-03,0.000000000000000000e+00
2.410820312500000229e-01,4.589999999999999462e-03,1.441250000000000257e-03,0.000000000000000000e+00
2.411345486111111380e-01,4.589999999999999462e-03,1.390833333333333765e-03,0.000000000000000000e+00
2.411870659722222532e-01,4.589999999999999462e-03,1.340416666666666839e-03,0.000000000000000000e+00
2.412395833333333406e-01,4.589999999999999462e-03,1.290000000000000348e-03,0.000000000000000000e+00
2.412921006944444557e-01,4.589999999999999462e-03,1.239583333333333422e-03,0.000000000000000000e+00
2.413446180555555709e-01,4.589999999999999462e-03,1.189166666666666931e-03,0.000000000000000000e+00
2.413971354166666861e-01,4.589999999999999462e-03,1.138750000000000439e-03,0.000000000000000000e+00
2.414496527777778012e-01,4.589999999999999462e-03,1.088333333333333514e-03,0.000000000000000000e+00
2.415021701388889164e-01,4.589999999999999462e-03,1.037916666666667022e-03,0.000000000000000000e+00
2.415546875000000315e-01,4.589999999999999462e-03,9.875000000000005301e-04,0.000000000000000000e+00
2.416072048611111467e-01,4.589999999999999462e-03,9.370833333333340384e-04,0.000000000000000000e+00
2.416597222222222341e-01,4.589999999999999462e-03,8.866666666666666793e-04,0.000000000000000000e+00
2.417122395833333492e-01,4.589999999999999462e-03,8.362500000000001876e-04,0.000000000000000000e+00
2.417647569444444644e-01,4.589999999999999462e-03,7.858333333333336959e-04,0.000000000000000000e+00
2.418172743055555796e-01,4.589999999999999462e-03,7.354166666666672042e-04,0.000000000000000000e+00
2.418697916666666947e-01,4.589999999999999462e-03,6.850000000000007125e-04,0.000000000000000000e+00
2.419223090277778099e-01,4.589999999999999462e-03,6.345833333333333534e-04,0.000000000000000000e+00
2.419748263888888973e-01,4.589999999999999462e-03,5.841666666666668617e-04,0.000000000000000000e+00
2.420273437500000124e-01,4.589999999999999462e-03,5.337500000000003700e-04,0.000000000000000000e+00
2.420798611111111276e-01,4.589999999999999462e-03,4.833333333333338783e-04,0.000000000000000000e+00
2.421323784722222427e-01,4.589999999999999462e-03,4.329166666666673866e-04,0.000000000000000000e+00
2.421848958333333579e-01,4.589999999999999462e-03,3.825000000000000275e-04,0.000000000000000000e+00
2.422374131944444731e-01,4.589999999999999462e-03,3.320833333333335358e-04,0.000000000000000000e+00
2.422899305555555882e-01,4.589999999999999462e-03,2.816666666666670440e-04,0.000000000000000000e+00
2.423424479166666756e-01,4.589999999999999462e-03,2.312500000000005523e-04,0.000000000000000000e+00
2.423949652777777908e-01,4.589999999999999462e-03,1.808333333333340606e-04,0.000000000000000000e+00
2.424474826388889059e-01,4.589999999999999462e-03,1.304166666666667015e-04,0.000000000000000000e+00
2.425000000000000211e-01,4.589999999999999462e-03,8.000000000000000654e-05,0.000000000000000000e+00
2.432500000000000218e-01,4.700000000000000185e-03,8.000000000000000654e-05,0.000000000000000000e+00
2.433025173611111369e-01,4.700000000000000185e-03,1.304166666666666744e-04,0.000000000000000000e+00
2.433550347222222521e-01,4.700000000000000185e-03,1.808333333333333288e-04,0.000000000000000000e+00
2.434075520833333672e-01,4.700000000000000185e-03,2.312500000000000102e-04,0.000000000000000000e+00
2.434600694444444546e-01,4.700000000000000185e-03,2.816666666666666646e-04,0.000000000000000000e+00
2.435125868055555698e-01,4.700000000000000185e-03,3.320833333333333189e-04,0.000000000000000000e+00
2.435651041666666849e-01,4.700000000000000185e-03,3.824999999999999733e-04,0.000000000000000000e+00
2.436176215277778001e-01,4.700000000000000185e-03,4.329166666666666276e-04,0.000000000000000000e+00
2.436701388888889153e-01,4.700000000000000185e-03,4.833333333333332820e-04,0.000000000000000000e+00
2.437226562500000304e-01,4.700000000000000185e-03,5.337499999999999363e-04,0.000000000000000000e+00
2.437751736111111456e-01,4.700000000000000185e-03,5.841666666666666449e-04,0.000000000000000000e+00
2.438276909722222330e-01,4.700000000000000185e-03,6.345833333333332450e-04,0.000000000000000000e+00
2.438802083333333481e-01,4.700000000000000185e-03,6.849999999999999535e-04,0.000000000000000000e+00
2.439327256944444633e-01,4.700000000000000185e-03,7.354166666666665537e-04,0.000000000000000000e+00
2.439852430555555785e-01,4.700000000000000185e-03,7.858333333333332622e-04,0.000000000000000000e+00
2.440377604166666936e-01,4.700000000000000185e-03,8.362499999999998624e-04,0.000000000000000000e+00
2.440902777777778088e-01,4.700000000000000185e-03,8.866666666666665709e-04,0.000000000000000000e+00
2.441427951388889239e-01,4.700000000000000185e-03,9.370833333333332795e-04,0.000000000000000000e+00
2.441953125000000113e-01,4.700000000000000185e-03,9.874999999999998796e-04,0.000000000000000000e+00
2.442478298611111265e-01,4.700000000000000185e-03,1.037916666666666588e-03,0.000000000000000000e+00
2.443003472222222416e-01,4.700000000000000185e-03,1.088333333333333297e-03,0.000000000000000000e+00
2.443528645833333568e-01,4.700000000000000185e-03,1.138749999999999788e-03,0.000000000000000000e+00
2.444053819444444720e-01,4.700000000000000185e-03,1.189166666666666497e-03,0.000000000000000000e+00
2.444578993055555871e-01,4.700000000000000185e-03,1.239583333333333206e-03,0.000000000000000000e+00
2.445104166666666745e-01,4.700000000000000185e-03,1.289999999999999914e-03,0.000000000000000000e+00
2.445629340277777897e-01,4.700000000000000185e-03,1.340416666666666623e-03,0.000000000000000000e+00
2.446154513888889048e-01,4.700000000000000185e-03,1.390833333333333114e-03,0.000000000000000000e+00
2.446679687500000200e-01,4.700000000000000185e-03,1.441249999999999823e-03,0.000000000000000000e+00
2.447204861111111351e-01,4.700000000000000185e-03,1.491666666666666531e-03,0.000000000000000000e+00
2.447730034722222503e-01,4.700000000000000185e-03,1.542083333333333240e-03,0.000000000000000000e+00
2.448255208333333655e-01,4.700000000000000185e-03,1.592499999999999732e-03,0.000000000000000000e+00
2.448780381944444529e-01,4.700000000000000185e-03,1.642916666666666440e-03,0.000000000000000000e+00
2.449305555555555680e-01,4.700000000000000185e-03,1.693333333333333149e-03,0.000000000000000000e+00
2.449830729166666832e-01,4.700000000000000185e-03,1.743749999999999857e-03,0.000000000000000000e+00
2.450355902777777983e-01,4.700000000000000185e-03,1.794166666666666566e-03,0.000000000000000000e+00
2.450881076388889135e-01,4.700000000000000185e-03,1.844583333333333058e-03,0.000000000000000000e+00
2.451406250000000286e-01,4.700000000000000185e-03,1.894999999999999766e-03,0.000000000000000000e+00
2.451931423611111438e-01,4.700000000000000185e-03,1.945416666666666475e-03,0.000000000000000000e+00
2.452456597222222312e-01,4.700000000000000185e-03,1.995833333333333400e-03,0.000000000000000000e+00
2.452981770833333464e-01,4.700000000000000185e-03,2.046249999999999892e-03,0.000000000000000000e+00
2.453506944444444615e-01,4.700000000000000185e-03,2.096666666666666817e-03,0.000000000000000000e+00
2.454032118055555767e-01,4.700000000000000185e-03,2.147083333333333309e-03,0.000000000000000000e+00
2.454557291666666918e-01,4.700000000000000185e-03,2.197499999999999801e-03,0.000000000000000000e+00
2.455082465277778070e-01,4.700000000000000185e-03,2.247916666666666726e-03,0.000000000000000000e+00
2.455607638888889221e-01,4.700000000000000185e-03,2.298333333333333218e-03,0.000000000000000000e+00
2.456132812500000095e-01,4.700000000000000185e-03,2.348750000000000143e-03,0.000000000000000000e+00
2.456657986111111247e-01,4.700000000000000185e-03,2.399166666666666635e-03,0.000000000000000000e+00
2.457183159722222399e-01,4.700000000000000185e-03,2.449583333333333127e-03,0.000000000000000000e+00
2.457708333333333550e-01,4.700000000000000185e-03,2.500000000000000052e-03,0.000000000000000000e+00
2.458233506944444702e-01,4.700000000000000185e-03,2.550416666666666544e-03,0.000000000000000000e+00
2.458758680555555853e-01,4.700000000000000185e-03,2.600833333333333469e-03,0.000000000000000000e+00
2.459283854166667005e-01,4.700000000000000185e-03,2.651249999999999961e-03,0.000000000000000000e+00
2.459809027777777879e-01,4.700000000000000185e-03,2.701666666666666453e-03,0.000000000000000000e+00
2.460334201388889031e-01,4.700000000000000185e-03,2.752083333333333378e-03,0.000000000000000000e+00
2.460859375000000182e-01,4.700000000000000185e-03,2.802499999999999870e-03,0.000000000000000000e+00
2.461384548611111334e-01,4.700000000000000185e-03,2.852916666666666361e-03,0.000000000000000000e+00
2.461909722222222485e-01,4.700000000000000185e-03,2.903333333333333287e-03,0.000000000000000000e+00
2.462434895833333637e-01,4.700000000000000185e-03,2.953749999999999779e-03,0.000000000000000000e+00
2.462960069444444788e-01,4.700000000000000185e-03,3.004166666666666704e-03,0.000000000000000000e+00
2.463485243055555662e-01,4.700000000000000185e-03,3.054583333333333196e-03,0.000000000000000000e+00
2.464010416666666814e-01,4.700000000000000185e-03,3.104999999999999687e-03,0.000000000000000000e+00
2.464535590277777966e-01,4.700000000000000185e-03,3.155416666666666613e-03,0.000000000000000000e+00
2.465060763888889117e-01,4.700000000000000185e-03,3.205833333333333104e-03,0.000000000000000000e+00
2.465585937500000269e-01,4.700000000000000185e-03,3.256250000000000030e-03,0.000000000000000000e+00
2.466111111111111420e-01,4.700000000000000185e-03,3.306666666666666522e-03,0.000000000000000000e+00
2.466636284722222572e-01,4.700000000000000185e-03,3.357083333333333013e-03,0.000000000000000000e+00
2.467161458333333446e-01,4.700000000000000185e-03,3.407499999999999939e-03,0.000000000000000000e+00
2.467686631944444597e-01,4.700000000000000185e-03,3.457916666666666430e-03,0.000000000000000000e+00
2.468211805555555749e-01,4.700000000000000185e-03,3.508333333333333356e-03,0.000000000000000000e+00
2.468736979166666901e-01,4.700000000000000185e-03,3.558749999999999847e-03,0.000000000000000000e+00
2.469262152777778052e-01,4.700000000000000185e-03,3.609166666666666339e-03,0.000000000000000000e+00
2.469787326388889204e-01,4.700000000000000185e-03,3.659583333333333265e-03,0.000000000000000000e+00
2.470312500000000355e-01,4.700000000000000185e-03,3.709999999999999756e-03,0.000000000000000000e+00
2.470837673611111229e-01,4.700000000000000185e-03,3.760416666666666682e-03,0.000000000000000000e+00
2.471362847222222381e-01,4.700000000000000185e-03,3.810833333333333173e-03,0.000000000000000000e+00
2.471888020833333532e-01,4.700000000000000185e-03,3.861249999999999665e-03,0.000000000000000000e+00
2.472413194444444684e-01,4.700000000000000185e-03,3.911666666666666591e-03,0.000000000000000000e+00
2.472938368055555836e-01,4.700000000000000185e-03,3.962083333333333082e-03,0.000000000000000000e+00
2.473463541666666987e-01,4.700000000000000185e-03,4.012499999999999574e-03,0.000000000000000000e+00
2.473988715277777861e-01,4.700000000000000185e-03,4.062916666666666066e-03,0.000000000000000000e+00
2.474513888888889013e-01,4.700000000000000185e-03,4.113333333333333425e-03,0.000000000000000000e+00
2.475039062500000164e-01,4.700000000000000185e-03,4.163749999999999916e-03,0.000000000000000000e+00
2.475564236111111316e-01,4.700000000000000185e-03,4.214166666666666408e-03,0.000000000000000000e+00
2.476089409722222467e-01,4.700000000000000185e-03,4.264583333333332900e-03,0.000000000000000000e+00
2.476614583333333619e-01,4.700000000000000185e-03,4.314999999999999392e-03,0.000000000000000000e+00
2.477139756944444771e-01,4.700000000000000185e-03,4.365416666666666751e-03,0.000000000000000000e+00
2.477664930555555645e-01,4.700000000000000185e-03,4.415833333333333242e-03,0.000000000000000000e+00
2.478190104166666796e-01,4.700000000000000185e-03,4.466249999999999734e-03,0.000000000000000000e+00
2.478715277777777948e-01,4.700000000000000185e-03,4.516666666666666226e-03,0.000000000000000000e+00
2.479240451388889099e-01,4.700000000000000185e-03,4.567083333333332718e-03,0.000000000000000000e+00
2.479765625000000251e-01,4.700000000000000185e-03,4.617500000000000077e-03,0.000000000000000000e+00
2.480290798611111402e-01,4.700000000000000185e-03,4.667916666666666568e-03,0.000000000000000000e+00
2.480815972222222554e-01,4.700000000000000185e-03,4.718333333333333060e-03,0.000000000000000000e+00
2.481341145833333428e-01,4.700000000000000185e-03,4.768749999999999552e-03,0.000000000000000000e+00
2.481866319444444580e-01,4.700000000000000185e-03,4.819166666666666043e-03,0.000000000000000000e+00
2.482391493055555731e-01,4.700000000000000185e-03,4.869583333333333403e-03,0.000000000000000000e+00
2.482916666666666883e-01,4.700000000000000185e-03,4.919999999999999894e-03,0.000000000000000000e+00
2.490416666666666889e-01,4.810000000000000039e-03,4.919999999999999894e-03,0.000000000000000000e+00
2.490941840277778041e-01,4.810000000000000039e-03,4.869583333333333403e-03,0.000000000000000000e+00
2.491467013888889193e-01,4.810000000000000039e-03,4.819166666666666911e-03,0.000000000000000000e+00
2.491992187500000344e-01,4.810000000000000039e-03,4.768749999999999552e-03,0.000000000000000000e+00
2.492517361111111218e-01,4.810000000000000039e-03,4.718333333333333060e-03,0.000000000000000000e+00
2.493042534722222370e-01,4.810000000000000039e-03,4.667916666666666568e-03,0.000000000000000000e+00
2.493567708333333521e-01,4.810000000000000039e-03,4.617500000000000077e-03,0.000000000000000000e+00
2.494092881944444673e-01,4.810000000000000039e-03,4.567083333333333585e-03,0.000000000000000000e+00
2.494618055555555824e-01,4.810000000000000039e-03,4.516666666666666226e-03,0.000000000000000000e+00
2.495143229166666976e-01,4.810000000000000039e-03,4.466249999999999734e-03,0.000000000000000000e+00
2.495668402777778128e-01,4.810000000000000039e-03,4.415833333333333242e-03,0.000000000000000000e+00
2.496193576388889002e-01,4.810000000000000039e-03,4.365416666666666751e-03,0.000000000000000000e+00
2.496718750000000153e-01,4.810000000000000039e-03,4.315000000000000259e-03,0.000000000000000000e+00
2.497243923611111305e-01,4.810000000000000039e-03,4.264583333333333767e-03,0.000000000000000000e+00
2.497769097222222456e-01,4.810000000000000039e-03,4.214166666666666408e-03,0.000000000000000000e+00
2.498294270833333608e-01,4.810000000000000039e-03,4.163749999999999916e-03,0.000000000000000000e+00
2.498819444444444760e-01,4.810000000000000039e-03,4.113333333333333425e-03,0.000000000000000000e+00
2.499344618055555911e-01,4.810000000000000039e-03,4.062916666666666933e-03,0.000000000000000000e+00
2.499869791666666785e-01,4.810000000000000039e-03,4.012500000000000441e-03,0.000000000000000000e+00
2.500394965277777937e-01,4.810000000000000039e-03,3.962083333333333082e-03,0.000000000000000000e+00
2.500920138888889088e-01,4.810000000000000039e-03,3.911666666666666591e-03,0.000000000000000000e+00
2.501445312500000240e-01,4.810000000000000039e-03,3.861250000000000099e-03,0.000000000000000000e+00
2.501970486111111391e-01,4.810000000000000039e-03,3.810833333333333607e-03,0.000000000000000000e+00
2.502495659722222543e-01,4.810000000000000039e-03,3.760416666666666682e-03,0.000000000000000000e+00
2.503020833333333695e-01,4.810000000000000039e-03,3.709999999999999756e-03,0.000000000000000000e+00
2.503546006944444846e-01,4.810000000000000039e-03,3.659583333333333265e-03,0.000000000000000000e+00
2.504071180555555998e-01,4.810000000000000039e-03,3.609166666666666773e-03,0.000000000000000000e+00
2.504596354166667149e-01,4.810000000000000039e-03,3.558750000000000281e-03,0.000000000000000000e+00
2.505121527777777746e-01,4.810000000000000039e-03,3.508333333333333356e-03,0.000000000000000000e+00
2.505646701388888897e-01,4.810000000000000039e-03,3.457916666666666430e-03,0.000000000000000000e+00
2.506171875000000049e-01,4.810000000000000039e-03,3.407499999999999939e-03,0.000000000000000000e+00
2.506697048611111200e-01,4.810000000000000039e-03,3.357083333333333447e-03,0.000000000000000000e+00
2.507222222222222352e-01,4.810000000000000039e-03,3.306666666666666955e-03,0.000000000000000000e+00
2.507747395833333504e-01,4.810000000000000039e-03,3.256250000000000030e-03,0.000000000000000000e+00
2.508272569444444655e-01,4.810000000000000039e-03,3.205833333333333104e-03,0.000000000000000000e+00
2.508797743055555807e-01,4.810000000000000039e-03,3.155416666666666613e-03,0.000000000000000000e+00
2.509322916666666958e-01,4.810000000000000039e-03,3.105000000000000121e-03,0.000000000000000000e+00
2.509848090277778110e-01,4.810000000000000039e-03,3.054583333333333629e-03,0.000000000000000000e+00
2.510373263888889261e-01,4.810000000000000039e-03,3.004166666666666704e-03,0.000000000000000000e+00
2.510898437500000413e-01,4.810000000000000039e-03,2.953750000000000212e-03,0.000000000000000000e+00
2.511423611111111565e-01,4.810000000000000039e-03,2.903333333333333287e-03,0.000000000000000000e+00
2.511948784722222716e-01,4.810000000000000039e-03,2.852916666666666795e-03,0.000000000000000000e+00
2.512473958333333313e-01,4.810000000000000039e-03,2.802500000000000303e-03,0.000000000000000000e+00
2.512999131944444464e-01,4.810000000000000039e-03,2.752083333333333378e-03,0.000000000000000000e+00
2.513524305555555616e-01,4.810000000000000039e-03,2.701666666666666886e-03,0.000000000000000000e+00
2.514049479166666767e-01,4.810000000000000039e-03,2.651249999999999961e-03,0.000000000000000000e+00
2.514574652777777919e-01,4.810000000000000039e-03,2.600833333333333469e-03,0.000000000000000000e+00
2.515099826388889070e-01,4.810000000000000039e-03,2.550416666666666977e-03,0.000000000000000000e+00
2.515625000000000222e-01,4.810000000000000039e-03,2.500000000000000052e-03,0.000000000000000000e+00
2.516150173611111374e-01,4.810000000000000039e-03,2.449583333333333560e-03,0.000000000000000000e+00
2.516675347222222525e-01,4.810000000000000039e-03,2.399166666666666635e-03,0.000000000000000000e+00
2.517200520833333677e-01,4.810000000000000039e-03,2.348750000000000143e-03,0.000000000000000000e+00
2.517725694444444828e-01,4.810000000000000039e-03,2.298333333333333652e-03,0.000000000000000000e+00
2.518250868055555980e-01,4.810000000000000039e-03,2.247916666666666726e-03,0.000000000000000000e+00
2.518776041666667131e-01,4.810000000000000039e-03,2.197500000000000234e-03,0.000000000000000000e+00
2.519301215277777728e-01,4.810000000000000039e-03,2.147083333333333743e-03,0.000000000000000000e+00
2.519826388888888880e-01,4.810000000000000039e-03,2.096666666666666817e-03,0.000000000000000000e+00
2.520351562500000031e-01,4.810000000000000039e-03,2.046250000000000326e-03,0.000000000000000000e+00
2.520876736111111183e-01,4.810000000000000039e-03,1.995833333333333400e-03,0.000000000000000000e+00
2.521401909722222334e-01,4.810000000000000039e-03,1.945416666666666908e-03,0.000000000000000000e+00
2.521927083333333486e-01,4.810000000000000039e-03,1.895000000000000417e-03,0.000000000000000000e+00
2.522452256944444637e-01,4.810000000000000039e-03,1.844583333333333491e-03,0.000000000000000000e+00
2.522977430555555789e-01,4.810000000000000039e-03,1.794166666666667000e-03,0.000000000000000000e+00
2.523502604166666941e-01,4.810000000000000039e-03,1.743750000000000074e-03,0.000000000000000000e+00
2.524027777777778092e-01,4.810000000000000039e-03,1.693333333333333583e-03,0.000000000000000000e+00
2.524552951388889244e-01,4.810000000000000039e-03,1.642916666666667091e-03,0.000000000000000000e+00
2.525078125000000395e-01,4.810000000000000039e-03,1.592500000000000165e-03,0.000000000000000000e+00
2.525603298611111547e-01,4.810000000000000039e-03,1.542083333333333674e-03,0.000000000000000000e+00
2.526128472222222698e-01,4.810000000000000039e-03,1.491666666666666748e-03,0.000000000000000000e+00
2.526653645833333295e-01,4.810000000000000039e-03,1.441250000000000257e-03,0.000000000000000000e+00
2.527178819444444446e-01,4.810000000000000039e-03,1.390833333333333765e-03,0.000000000000000000e+00
2.527703993055555598e-01,4.810000000000000039e-03,1.340416666666666839e-03,0.000000000000000000e+00
2.528229166666666750e-01,4.810000000000000039e-03,1.290000000000000348e-03,0.000000000000000000e+00
2.528754340277777901e-01,4.810000000000000039e-03,1.239583333333333422e-03,0.000000000000000000e+00
2.529279513888889053e-01,4.810000000000000039e-03,1.189166666666666931e-03,0.000000000000000000e+00
2.529804687500000204e-01,4.810000000000000039e-03,1.138750000000000439e-03,0.000000000000000000e+00
2.530329861111111356e-01,4.810000000000000039e-03,1.088333333333333514e-03,0.000000000000000000e+00
2.530855034722222507e-01,4.810000000000000039e-03,1.037916666666667022e-03,0.000000000000000000e+00
2.531380208333333659e-01,4.810000000000000039e-03,9.875000000000005301e-04,0.000000000000000000e+00
2.531905381944444811e-01,4.810000000000000039e-03,9.370833333333340384e-04,0.000000000000000000e+00
2.532430555555555962e-01,4.810000000000000039e-03,8.866666666666666793e-04,0.000000000000000000e+00
2.532955729166667114e-01,4.810000000000000039e-03,8.362500000000001876e-04,0.000000000000000000e+00
2.533480902777778265e-01,4.810000000000000039e-03,7.858333333333336959e-04,0.000000000000000000e+00
2.534006076388888862e-01,4.810000000000000039e-03,7.354166666666672042e-04,0.000000000000000000e+00
2.534531250000000013e-01,4.810000000000000039e-03,6.850000000000007125e-04,0.000000000000000000e+00
2.535056423611111165e-01,4.810000000000000039e-03,6.345833333333333534e-04,0.000000000000000000e+00
2.535581597222222316e-01,4.810000000000000039e-03,5.841666666666668617e-04,0.000000000000000000e+00
2.536106770833333468e-01,4.810000000000000039e-03,5.337500000000003700e-04,0.000000000000000000e+00
2.536631944444444620e-01,4.810000000000000039e-03,4.833333333333338783e-04,0.000000000000000000e+00
2.537157118055555771e-01,4.810000000000000039e-03,4.329166666666673866e-04,0.000000000000000000e+00
2.537682291666666923e-01,4.810000000000000039e-03,3.825000000000000275e-04,0.000000000000000000e+00
2.538207465277778074e-01,4.810000000000000039e-03,3.320833333333335358e-04,0.000000000000000000e+00
2.538732638888889226e-01,4.810000000000000039e-03,2.816666666666670440e-04,0.000000000000000000e+00
2.539257812500000377e-01,4.810000000000000039e-03,2.312500000000005523e-04,0.000000000000000000e+00
2.539782986111111529e-01,4.810000000000000039e-03,1.808333333333340606e-04,0.000000000000000000e+00
2.540308159722222681e-01,4.810000000000000039e-03,1.304166666666667015e-04,0.000000000000000000e+00
2.540833333333333277e-01,4.810000000000000039e-03,8.000000000000000654e-05,0.000000000000000000e+00
2.548333333333333006e-01,4.919999999999999894e-03,8.000000000000000654e-05,0.000000000000000000e+00
2.548858506944444158e-01,4.919999999999999894e-03,1.304166666666666744e-04,0.000000000000000000e+00
2.549383680555555309e-01,4.919999999999999894e-03,1.808333333333333288e-04,0.000000000000000000e+00
2.549908854166666461e-01,4.919999999999999894e-03,2.312500000000000102e-04,0.000000000000000000e+00
2.550434027777777612e-01,4.919999999999999894e-03,2.816666666666666646e-04,0.000000000000000000e+00
2.550959201388888764e-01,4.919999999999999894e-03,3.320833333333333189e-04,0.000000000000000000e+00
2.551484374999999916e-01,4.919999999999999894e-03,3.824999999999999733e-04,0.000000000000000000e+00
2.552009548611110512e-01,4.919999999999999894e-03,4.329166666666666276e-04,0.000000000000000000e+00
2.552534722222221664e-01,4.919999999999999894e-03,4.833333333333332820e-04,0.000000000000000000e+00
2.553059895833332815e-01,4.919999999999999894e-03,5.337499999999999363e-04,0.000000000000000000e+00
2.553585069444443967e-01,4.919999999999999894e-03,5.841666666666666449e-04,0.000000000000000000e+00
2.554110243055555118e-01,4.919999999999999894e-03,6.345833333333332450e-04,0.000000000000000000e+00
2.554635416666666270e-01,4.919999999999999894e-03,6.849999999999999535e-04,0.000000000000000000e+00
2.555160590277777422e-01,4.919999999999999894e-03,7.354166666666665537e-04,0.000000000000000000e+00
2.555685763888888573e-01,4.919999999999999894e-03,7.858333333333332622e-04,0.000000000000000000e+00
2.556210937499999725e-01,4.919999999999999894e-03,8.362499999999998624e-04,0.000000000000000000e+00
2.556736111111110876e-01,4.919999999999999894e-03,8.866666666666665709e-04,0.000000000000000000e+00
2.557261284722222028e-01,4.919999999999999894e-03,9.370833333333332795e-04,0.000000000000000000e+00
2.557786458333333179e-01,4.919999999999999894e-03,9.874999999999998796e-04,0.000000000000000000e+00
2.558311631944444331e-01,4.919999999999999894e-03,1.037916666666666588e-03,0.000000000000000000e+00
2.558836805555555483e-01,4.919999999999999894e-03,1.088333333333333297e-03,0.000000000000000000e+00
2.559361979166666079e-01,4.919999999999999894e-03,1.138749999999999788e-03,0.000000000000000000e+00
2.559887152777777231e-01,4.919999999999999894e-03,1.189166666666666497e-03,0.000000000000000000e+00
2.560412326388888382e-01,4.919999999999999894e-03,1.239583333333333206e-03,0.000000000000000000e+00
2.560937499999999534e-01,4.919999999999999894e-03,1.289999999999999914e-03,0.000000000000000000e+00
2.561462673611110685e-01,4.919999999999999894e-03,1.340416666666666623e-03,0.000000000000000000e+00
2.561987847222221837e-01,4.919999999999999894e-03,1.390833333333333114e-03,0.000000000000000000e+00
2.562513020833332988e-01,4.919999999999999894e-03,1.441249999999999823e-03,0.000000000000000000e+00
2.563038194444444140e-01,4.919999999999999894e-03,1.491666666666666531e-03,0.000000000000000000e+00
2.563563368055555292e-01,4.919999999999999894e-03,1.542083333333333240e-03,0.000000000000000000e+00
2.564088541666666443e-01,4.919999999999999894e-03,1.592499999999999732e-03,0.000000000000000000e+00
2.564613715277777595e-01,4.919999999999999894e-03,1.642916666666666440e-03,0.000000000000000000e+00
2.565138888888888746e-01,4.919999999999999894e-03,1.693333333333333149e-03,0.000000000000000000e+00
2.565664062499999898e-01,4.919999999999999894e-03,1.743749999999999857e-03,0.000000000000000000e+00
2.566189236111111049e-01,4.919999999999999894e-03,1.794166666666666566e-03,0.000000000000000000e+00
2.566714409722221646e-01,4.919999999999999894e-03,1.844583333333333058e-03,0.000000000000000000e+00
2.567239583333332797e-01,4.919999999999999894e-03,1.894999999999999766e-03,0.000000000000000000e+00
2.567764756944443949e-01,4.919999999999999894e-03,1.945416666666666475e-03,0.000000000000000000e+00
2.568289930555555101e-01,4.919999999999999894e-03,1.995833333333333400e-03,0.000000000000000000e+00
2.568815104166666252e-01,4.919999999999999894e-03,2.046249999999999892e-03,0.000000000000000000e+00
2.569340277777777404e-01,4.919999999999999894e-03,2.096666666666666817e-03,0.000000000000000000e+00
2.569865451388888555e-01,4.919999999999999894e-03,2.147083333333333309e-03,0.000000000000000000e+00
2.570390624999999707e-01,4.919999999999999894e-03,2.197499999999999801e-03,0.000000000000000000e+00
2.570915798611110858e-01,4.919999999999999894e-03,2.247916666666666726e-03,0.000000000000000000e+00
2.571440972222222010e-01,4.919999999999999894e-03,2.298333333333333218e-03,0.000000000000000000e+00
2.571966145833333162e-01,4.919999999999999894e-03,2.348750000000000143e-03,0.000000000000000000e+00
2.572491319444444313e-01,4.919999999999999894e-03,2.399166666666666635e-03,0.000000000000000000e+00
2.573016493055555465e-01,4.919999999999999894e-03,2.449583333333333127e-03,0.000000000000000000e+00
2.573541666666666616e-01,4.919999999999999894e-03,2.500000000000000052e-03,0.000000000000000000e+00
2.574066840277777213e-01,4.919999999999999894e-03,2.550416666666666544e-03,0.000000000000000000e+00
2.574592013888888364e-01,4.919999999999999894e-03,2.600833333333333469e-03,0.000000000000000000e+00
2.575117187499999516e-01,4.919999999999999894e-03,2.651249999999999961e-03,0.000000000000000000e+00
2.575642361111110668e-01,4.919999999999999894e-03,2.701666666666666453e-03,0.000000000000000000e+00
2.576167534722221819e-01,4.919999999999999894e-03,2.752083333333333378e-03,0.000000000000000000e+00
2.576692708333332971e-01,4.919999999999999894e-03,2.802499999999999870e-03,0.000000000000000000e+00
2.577217881944444122e-01,4.919999999999999894e-03,2.852916666666666361e-03,0.000000000000000000e+00
2.577743055555555274e-01,4.919999999999999894e-03,2.903333333333333287e-03,0.000000000000000000e+00
2.578268229166666425e-01,4.919999999999999894e-03,2.953749999999999779e-03,0.000000000000000000e+00
2.578793402777777577e-01,4.919999999999999894e-03,3.004166666666666704e-03,0.000000000000000000e+00
2.579318576388888729e-01,4.919999999999999894e-03,3.054583333333333196e-03,0.000000000000000000e+00
2.579843749999999880e-01,4.919999999999999894e-03,3.104999999999999687e-03,0.000000000000000000e+00
2.580368923611111032e-01,4.919999999999999894e-03,3.155416666666666613e-03,0.000000000000000000e+00
2.580894097222221628e-01,4.919999999999999894e-03,3.205833333333333104e-03,0.000000000000000000e+00
2.581419270833332780e-01,4.919999999999999894e-03,3.256250000000000030e-03,0.000000000000000000e+00
2.581944444444443931e-01,4.919999999999999894e-03,3.306666666666666522e-03,0.000000000000000000e+00
2.582469618055555083e-01,4.919999999999999894e-03,3.357083333333333013e-03,0.000000000000000000e+00
2.582994791666666234e-01,4.919999999999999894e-03,3.407499999999999939e-03,0.000000000000000000e+00
2.583519965277777386e-01,4.919999999999999894e-03,3.457916666666666430e-03,0.000000000000000000e+00
2.584045138888888538e-01,4.919999999999999894e-03,3.508333333333333356e-03,0.000000000000000000e+00
2.584570312499999689e-01,4.919999999999999894e-03,3.558749999999999847e-03,0.000000000000000000e+00
2.585095486111110841e-01,4.919999999999999894e-03,3.609166666666666339e-03,0.000000000000000000e+00
2.585620659722221992e-01,4.919999999999999894e-03,3.659583333333333265e-03,0.000000000000000000e+00
2.586145833333333144e-01,4.919999999999999894e-03,3.709999999999999756e-03,0.000000000000000000e+00
2.586671006944444295e-01,4.919999999999999894e-03,3.760416666666666682e-03,0.000000000000000000e+00
2.587196180555555447e-01,4.919999999999999894e-03,3.810833333333333173e-03,0.000000000000000000e+00
2.587721354166666599e-01,4.919999999999999894e-03,3.861249999999999665e-03,0.000000000000000000e+00
2.588246527777777195e-01,4.919999999999999894e-03,3.911666666666666591e-03,0.000000000000000000e+00
2.588771701388888347e-01,4.919999999999999894e-03,3.962083333333333082e-03,0.000000000000000000e+00
2.589296874999999498e-01,4.919999999999999894e-03,4.012499999999999574e-03,0.000000000000000000e+00
2.589822048611110650e-01,4.919999999999999894e-03,4.062916666666666066e-03,0.000000000000000000e+00
2.590347222222221801e-01,4.919999999999999894e-03,4.113333333333333425e-03,0.000000000000000000e+00
2.590872395833332953e-01,4.919999999999999894e-03,4.163749999999999916e-03,0.000000000000000000e+00
2.591397569444444104e-01,4.919999999999999894e-03,4.214166666666666408e-03,0.000000000000000000e+00
2.591922743055555256e-01,4.919999999999999894e-03,4.264583333333332900e-03,0.000000000000000000e+00
2.592447916666666408e-01,4.919999999999999894e-03,4.314999999999999392e-03,0.000000000000000000e+00
2.592973090277777559e-01,4.919999999999999894e-03,4.365416666666666751e-03,0.000000000000000000e+00
2.593498263888888711e-01,4.919999999999999894e-03,4.415833333333333242e-03,0.000000000000000000e+00
2.594023437499999862e-01,4.919999999999999894e-03,4.466249999999999734e-03,0.000000000000000000e+00
2.594548611111111014e-01,4.919999999999999894e-03,4.516666666666666226e-03,0.000000000000000000e+00
2.595073784722222165e-01,4.919999999999999894e-03,4.567083333333332718e-03,0.000000000000000000e+00
2.595598958333332762e-01,4.919999999999999894e-03,4.617500000000000077e-03,0.000000000000000000e+00
2.596124131944443914e-01,4.919999999999999894e-03,4.667916666666666568e-03,0.000000000000000000e+00
2.596649305555555065e-01,4.919999999999999894e-03,4.718333333333333060e-03,0.000000000000000000e+00
2.597174479166666217e-01,4.919999999999999894e-03,4.768749999999999552e-03,0.000000000000000000e+00
2.597699652777777368e-01,4.919999999999999894e-03,4.819166666666666043e-03,0.000000000000000000e+00
2.598224826388888520e-01,4.919999999999999894e-03,4.869583333333333403e-03,0.000000000000000000e+00
2.598749999999999671e-01,4.919999999999999894e-03,4.919999999999999894e-03,0.000000000000000000e+00
